Workbook

Sheet مستوى الاول 
A1: رقم الجامعي | B1: أسماء الطلبة | C1: الساعة | D1: القران الكريم | E1: الوزن ( م ت ق) | F1: الرمز ( م ت ق) | G1: النقاط ( م ت ق) | H1: الساعات( م ت ق) | I1: مهارات تقنية 1 | J1: الوزن ( م ت ق)2 | K1: الرمز ( م ت ق)3 | L1: النقاط ( م ت ق)4 | M1: الساعات ( م ق ج) | N1: مقدمة في الاقتصاد الجزئي | O1: الوزن ( م ق ج) | P1: الرمز ( م ق ج) | Q1: النقاط ( م ق ج) | R1: الساعات ( م ف إ) | S1: المدخل إلى الفقه الإسلامي | T1: الوزن ( م ف إ) | U1: الرمز ( م ف إ) | V1: النقاط ( م ف إ) | W1: الساعات ( م ع) | X1: أصول العقيدة الإسلامية | Y1: الوزن ( م ع) | Z1: الرمز ( م ع) | AA1: النقاط ( م ع) | AB1: الساعات ( م ت) | AC1: التجويد 1 | AD1: الوزن ( م ت) | AE1: الرمز ( م ت) | AF1: النقاط ( م ت) | AG1: الساعات ( د غ) | AH1: دراسات غامبيا | AI1: الوزن ( د غ) | AJ1: الرمز ( د غ) | AK1: النقاط ( د غ) | AL1: الساعات (م ENG) | AM1: English(2) | AN1: الوزن (م ENG) | AO1: الرمز (م ENG) | AP1: النقاط (م ENG) | AQ1: مجموع النقاط | AR1: مجموع الساعات | AS1: المعدل الفصلي | AT1: التقدير | AU1: الترتيب
A2: 2025324 | B2: محمود محمد جابي | C2: 2 | D2: 100 | E2: =VLOOKUP(الجدول1[[#This Row],[القران الكريم ]],المرجع!$B$2:$C$11,2) -> 5 | F2: =VLOOKUP(الجدول1[[#This Row],[الوزن ( م ت ق)]],المرجع!$D$2:$E$11,2) -> أ+ | G2: =الجدول1[[#This Row],[الوزن ( م ت ق)]]*الجدول1[[#This Row],[الساعة ]] -> 10 | H2: 2 | I2: 93 | J2: =VLOOKUP(الجدول1[[#This Row],[مهارات تقنية 1]],المرجع!$B$2:$C$11,2) -> 4.75 | K2: =VLOOKUP(الجدول1[[#This Row],[الوزن ( م ت ق)2]],المرجع!$D$2:$E$11,2) -> أ | L2: =الجدول1[[#This Row],[الوزن ( م ت ق)2]]*الجدول1[[#This Row],[الساعات( م ت ق)]] -> 9.5 | M2: 3 | N2: 90 | O2: =VLOOKUP(الجدول1[[#This Row],[مقدمة في الاقتصاد الجزئي ]],المرجع!$B$2:$C$11,2) -> 4.75 | P2: =VLOOKUP(الجدول1[[#This Row],[الوزن ( م ق ج)]],المرجع!$D$2:$E$11,2) -> أ | Q2: =الجدول1[[#This Row],[الوزن ( م ق ج)]]*الجدول1[[#This Row],[الساعات ( م ق ج) ]] -> 14.25 | R2: 3 | S2: 65 | T2: =VLOOKUP(الجدول1[[#This Row],[المدخل إلى الفقه الإسلامي ]],المرجع!$B$2:$C$11,2) -> 2.5 | U2: =VLOOKUP(الجدول1[[#This Row],[الوزن ( م ف إ)]],المرجع!$D$2:$E$11,2) -> د+ | V2: =الجدول1[[#This Row],[الوزن ( م ف إ)]]*الجدول1[[#This Row],[الساعات ( م ف إ)]] -> 7.5 | W2: 2 | X2: 97 | Y2: =VLOOKUP(X2,المرجع!$B$3:$C$11,2) -> 5 | Z2: =VLOOKUP(Y2,المرجع!$D$3:$E$11,2) -> أ+ | AA2: =Y2*W2 -> 10 | AB2: 2 | AC2: 97 | AD2: =VLOOKUP(AC2,المرجع!$B$3:$C$11,2) -> 5 | AE2: =VLOOKUP(AD2,المرجع!$D$3:$E$11,2) -> أ+ | AF2: =AD2*AB2 -> 10 | AG2: 2 | AH2: 100 | AI2: =VLOOKUP(AH2,المرجع!$B$3:$C$11,2) -> 5 | AJ2: =VLOOKUP(AI2,المرجع!$D$3:$E$11,2) -> أ+ | AK2: =AI2*AG2 -> 10 | AL2: 3 | AM2: 96 | AN2: =VLOOKUP(AM2,المرجع!$B$3:$C$11,2) -> 5 | AO2: =VLOOKUP(AN2,المرجع!$D$3:$E$11,2) -> أ+ | AP2: =AN2*AL2 -> 15 | AQ2: =الجدول1[[#This Row],[النقاط (م ENG)]]+الجدول1[[#This Row],[النقاط ( د غ)]]+الجدول1[[#This Row],[النقاط ( م ت) ]]+الجدول1[[#This Row],[النقاط ( م ع)]]+الجدول1[[#This Row],[النقاط ( م ف إ)]]+الجدول1[[#This Row],[النقاط ( م ق ج)]]+الجدول1[[#This Row],[النقاط ( م ت ق)4]]+الجدول1[[#This Row],[النقاط ( م ت ق)]] -> 86.25 | AR2: =الجدول1[[#This Row],[الساعات (م ENG)]]+الجدول1[[#This Row],[الساعات ( د غ)]]+الجدول1[[#This Row],[الساعات ( م ت) ]]+الجدول1[[#This Row],[الساعات ( م ع)]]+الجدول1[[#This Row],[الساعات ( م ف إ)]]+الجدول1[[#This Row],[الساعات ( م ق ج) ]]+الجدول1[[#This Row],[الساعات( م ت ق)]]+الجدول1[[#This Row],[الساعة ]] -> 19 | AS2: =الجدول1[[#This Row],[مجموع النقاط]]/الجدول1[[#This Row],[مجموع الساعات]] -> 4.5394737 | AT2: =VLOOKUP(AS2,المرجع!$D$2:$F$11,3) -> جيد جد مرتفع | AU2: =RANK(AS2,$AS$2:$AS$14) -> 1
A3: 2025419 | B3: محمد أبوبكر كابا | C3: 2 | D3: 100 | E3: =VLOOKUP(الجدول1[[#This Row],[القران الكريم ]],المرجع!$B$2:$C$11,2) -> 5 | F3: =VLOOKUP(الجدول1[[#This Row],[الوزن ( م ت ق)]],المرجع!$D$2:$E$11,2) -> أ+ | G3: =الجدول1[[#This Row],[الوزن ( م ت ق)]]*الجدول1[[#This Row],[الساعة ]] -> 10 | H3: 2 | I3: 88 | J3: =VLOOKUP(الجدول1[[#This Row],[مهارات تقنية 1]],المرجع!$B$2:$C$11,2) -> 4.5 | K3: =VLOOKUP(الجدول1[[#This Row],[الوزن ( م ت ق)2]],المرجع!$D$2:$E$11,2) -> ب+ | L3: =الجدول1[[#This Row],[الوزن ( م ت ق)2]]*الجدول1[[#This Row],[الساعات( م ت ق)]] -> 9 | M3: 3 | N3: 73 | O3: =VLOOKUP(الجدول1[[#This Row],[مقدمة في الاقتصاد الجزئي ]],المرجع!$B$2:$C$11,2) -> 3 | P3: =VLOOKUP(الجدول1[[#This Row],[الوزن ( م ق ج)]],المرجع!$D$2:$E$11,2) -> ج | Q3: =الجدول1[[#This Row],[الوزن ( م ق ج)]]*الجدول1[[#This Row],[الساعات ( م ق ج) ]] -> 9 | R3: 3 | S3: 50 | T3: =VLOOKUP(الجدول1[[#This Row],[المدخل إلى الفقه الإسلامي ]],المرجع!$B$2:$C$11,2) -> 2 | U3: =VLOOKUP(الجدول1[[#This Row],[الوزن ( م ف إ)]],المرجع!$D$2:$E$11,2) -> د | V3: =الجدول1[[#This Row],[الوزن ( م ف إ)]]*الجدول1[[#This Row],[الساعات ( م ف إ)]] -> 6 | W3: 2 | X3: 99 | Y3: =VLOOKUP(X3,المرجع!$B$3:$C$11,2) -> 5 | Z3: =VLOOKUP(Y3,المرجع!$D$3:$E$11,2) -> أ+ | AA3: =Y3*W3 -> 10 | AB3: 2 | AC3: 87 | AD3: =VLOOKUP(AC3,المرجع!$B$3:$C$11,2) -> 4.5 | AE3: =VLOOKUP(AD3,المرجع!$D$3:$E$11,2) -> ب+ | AF3: =AD3*AB3 -> 9 | AG3: 2 | AH3: 95 | AI3: =VLOOKUP(AH3,المرجع!$B$3:$C$11,2) -> 5 | AJ3: =VLOOKUP(AI3,المرجع!$D$3:$E$11,2) -> أ+ | AK3: =AI3*AG3 -> 10 | AL3: 3 | AM3: 90 | AN3: =VLOOKUP(AM3,المرجع!$B$3:$C$11,2) -> 4.75 | AO3: =VLOOKUP(AN3,المرجع!$D$3:$E$11,2) -> أ | AP3: =AN3*AL3 -> 14.25 | AQ3: =الجدول1[[#This Row],[النقاط (م ENG)]]+الجدول1[[#This Row],[النقاط ( د غ)]]+الجدول1[[#This Row],[النقاط ( م ت) ]]+الجدول1[[#This Row],[النقاط ( م ع)]]+الجدول1[[#This Row],[النقاط ( م ف إ)]]+الجدول1[[#This Row],[النقاط ( م ق ج)]]+الجدول1[[#This Row],[النقاط ( م ت ق)4]]+الجدول1[[#This Row],[النقاط ( م ت ق)]] -> 77.25 | AR3: =الجدول1[[#This Row],[الساعات (م ENG)]]+الجدول1[[#This Row],[الساعات ( د غ)]]+الجدول1[[#This Row],[الساعات ( م ت) ]]+الجدول1[[#This Row],[الساعات ( م ع)]]+الجدول1[[#This Row],[الساعات ( م ف إ)]]+الجدول1[[#This Row],[الساعات ( م ق ج) ]]+الجدول1[[#This Row],[الساعات( م ت ق)]]+الجدول1[[#This Row],[الساعة ]] -> 19 | AS3: =الجدول1[[#This Row],[مجموع النقاط]]/الجدول1[[#This Row],[مجموع الساعات]] -> 4.0657895 | AT3: =VLOOKUP(AS3,المرجع!$D$2:$F$11,3) -> جيد جدا | AU3: =RANK(AS3,$AS$2:$AS$14) -> 2
A4: 2025354 | B4: موسى باسادي وغي | C4: 2 | D4: 85 | E4: =VLOOKUP(الجدول1[[#This Row],[القران الكريم ]],المرجع!$B$2:$C$11,2) -> 4.5 | F4: =VLOOKUP(الجدول1[[#This Row],[الوزن ( م ت ق)]],المرجع!$D$2:$E$11,2) -> ب+ | G4: =الجدول1[[#This Row],[الوزن ( م ت ق)]]*الجدول1[[#This Row],[الساعة ]] -> 9 | H4: 2 | I4: 71 | J4: =VLOOKUP(الجدول1[[#This Row],[مهارات تقنية 1]],المرجع!$B$2:$C$11,2) -> 3 | K4: =VLOOKUP(الجدول1[[#This Row],[الوزن ( م ت ق)2]],المرجع!$D$2:$E$11,2) -> ج | L4: =الجدول1[[#This Row],[الوزن ( م ت ق)2]]*الجدول1[[#This Row],[الساعات( م ت ق)]] -> 6 | M4: 3 | N4: 82 | O4: =VLOOKUP(الجدول1[[#This Row],[مقدمة في الاقتصاد الجزئي ]],المرجع!$B$2:$C$11,2) -> 4 | P4: =VLOOKUP(الجدول1[[#This Row],[الوزن ( م ق ج)]],المرجع!$D$2:$E$11,2) -> ب | Q4: =الجدول1[[#This Row],[الوزن ( م ق ج)]]*الجدول1[[#This Row],[الساعات ( م ق ج) ]] -> 12 | R4: 3 | S4: 57 | T4: =VLOOKUP(الجدول1[[#This Row],[المدخل إلى الفقه الإسلامي ]],المرجع!$B$2:$C$11,2) -> 2 | U4: =VLOOKUP(الجدول1[[#This Row],[الوزن ( م ف إ)]],المرجع!$D$2:$E$11,2) -> د | V4: =الجدول1[[#This Row],[الوزن ( م ف إ)]]*الجدول1[[#This Row],[الساعات ( م ف إ)]] -> 6 | W4: 2 | X4: 89 | Y4: =VLOOKUP(X4,المرجع!$B$3:$C$11,2) -> 4.5 | Z4: =VLOOKUP(Y4,المرجع!$D$3:$E$11,2) -> ب+ | AA4: =Y4*W4 -> 9 | AB4: 2 | AC4: 89 | AD4: =VLOOKUP(AC4,المرجع!$B$3:$C$11,2) -> 4.5 | AE4: =VLOOKUP(AD4,المرجع!$D$3:$E$11,2) -> ب+ | AF4: =AD4*AB4 -> 9 | AG4: 2 | AH4: 99 | AI4: =VLOOKUP(AH4,المرجع!$B$3:$C$11,2) -> 5 | AJ4: =VLOOKUP(AI4,المرجع!$D$3:$E$11,2) -> أ+ | AK4: =AI4*AG4 -> 10 | AL4: 3 | AM4: 96 | AN4: =VLOOKUP(AM4,المرجع!$B$3:$C$11,2) -> 5 | AO4: =VLOOKUP(AN4,المرجع!$D$3:$E$11,2) -> أ+ | AP4: =AN4*AL4 -> 15 | AQ4: =الجدول1[[#This Row],[النقاط (م ENG)]]+الجدول1[[#This Row],[النقاط ( د غ)]]+الجدول1[[#This Row],[النقاط ( م ت) ]]+الجدول1[[#This Row],[النقاط ( م ع)]]+الجدول1[[#This Row],[النقاط ( م ف إ)]]+الجدول1[[#This Row],[النقاط ( م ق ج)]]+الجدول1[[#This Row],[النقاط ( م ت ق)4]]+الجدول1[[#This Row],[النقاط ( م ت ق)]] -> 76 | AR4: =الجدول1[[#This Row],[الساعات (م ENG)]]+الجدول1[[#This Row],[الساعات ( د غ)]]+الجدول1[[#This Row],[الساعات ( م ت) ]]+الجدول1[[#This Row],[الساعات ( م ع)]]+الجدول1[[#This Row],[الساعات ( م ف إ)]]+الجدول1[[#This Row],[الساعات ( م ق ج) ]]+الجدول1[[#This Row],[الساعات( م ت ق)]]+الجدول1[[#This Row],[الساعة ]] -> 19 | AS4: =الجدول1[[#This Row],[مجموع النقاط]]/الجدول1[[#This Row],[مجموع الساعات]] -> 4 | AT4: =VLOOKUP(AS4,المرجع!$D$2:$F$11,3) -> جيد جدا | AU4: =RANK(AS4,$AS$2:$AS$14) -> 3
A5: 2025389 | B5: مورو كاسو كونتي | C5: 2 | D5: 80 | E5: =VLOOKUP(الجدول1[[#This Row],[القران الكريم ]],المرجع!$B$2:$C$11,2) -> 4 | F5: =VLOOKUP(الجدول1[[#This Row],[الوزن ( م ت ق)]],المرجع!$D$2:$E$11,2) -> ب | G5: =الجدول1[[#This Row],[الوزن ( م ت ق)]]*الجدول1[[#This Row],[الساعة ]] -> 8 | H5: 2 | I5: 70 | J5: =VLOOKUP(الجدول1[[#This Row],[مهارات تقنية 1]],المرجع!$B$2:$C$11,2) -> 3 | K5: =VLOOKUP(الجدول1[[#This Row],[الوزن ( م ت ق)2]],المرجع!$D$2:$E$11,2) -> ج | L5: =الجدول1[[#This Row],[الوزن ( م ت ق)2]]*الجدول1[[#This Row],[الساعات( م ت ق)]] -> 6 | M5: 3 | N5: 85 | O5: =VLOOKUP(الجدول1[[#This Row],[مقدمة في الاقتصاد الجزئي ]],المرجع!$B$2:$C$11,2) -> 4.5 | P5: =VLOOKUP(الجدول1[[#This Row],[الوزن ( م ق ج)]],المرجع!$D$2:$E$11,2) -> ب+ | Q5: =الجدول1[[#This Row],[الوزن ( م ق ج)]]*الجدول1[[#This Row],[الساعات ( م ق ج) ]] -> 13.5 | R5: 3 | S5: 52.5 | T5: =VLOOKUP(الجدول1[[#This Row],[المدخل إلى الفقه الإسلامي ]],المرجع!$B$2:$C$11,2) -> 2 | U5: =VLOOKUP(الجدول1[[#This Row],[الوزن ( م ف إ)]],المرجع!$D$2:$E$11,2) -> د | V5: =الجدول1[[#This Row],[الوزن ( م ف إ)]]*الجدول1[[#This Row],[الساعات ( م ف إ)]] -> 6 | W5: 2 | X5: 98 | Y5: =VLOOKUP(X5,المرجع!$B$3:$C$11,2) -> 5 | Z5: =VLOOKUP(Y5,المرجع!$D$3:$E$11,2) -> أ+ | AA5: =Y5*W5 -> 10 | AB5: 2 | AC5: 78 | AD5: =VLOOKUP(AC5,المرجع!$B$3:$C$11,2) -> 3.5 | AE5: =VLOOKUP(AD5,المرجع!$D$3:$E$11,2) -> ج+ | AF5: =AD5*AB5 -> 7 | AG5: 2 | AH5: 97 | AI5: =VLOOKUP(AH5,المرجع!$B$3:$C$11,2) -> 5 | AJ5: =VLOOKUP(AI5,المرجع!$D$3:$E$11,2) -> أ+ | AK5: =AI5*AG5 -> 10 | AL5: 3 | AM5: 91 | AN5: =VLOOKUP(AM5,المرجع!$B$3:$C$11,2) -> 4.75 | AO5: =VLOOKUP(AN5,المرجع!$D$3:$E$11,2) -> أ | AP5: =AN5*AL5 -> 14.25 | AQ5: =الجدول1[[#This Row],[النقاط (م ENG)]]+الجدول1[[#This Row],[النقاط ( د غ)]]+الجدول1[[#This Row],[النقاط ( م ت) ]]+الجدول1[[#This Row],[النقاط ( م ع)]]+الجدول1[[#This Row],[النقاط ( م ف إ)]]+الجدول1[[#This Row],[النقاط ( م ق ج)]]+الجدول1[[#This Row],[النقاط ( م ت ق)4]]+الجدول1[[#This Row],[النقاط ( م ت ق)]] -> 74.75 | AR5: =الجدول1[[#This Row],[الساعات (م ENG)]]+الجدول1[[#This Row],[الساعات ( د غ)]]+الجدول1[[#This Row],[الساعات ( م ت) ]]+الجدول1[[#This Row],[الساعات ( م ع)]]+الجدول1[[#This Row],[الساعات ( م ف إ)]]+الجدول1[[#This Row],[الساعات ( م ق ج) ]]+الجدول1[[#This Row],[الساعات( م ت ق)]]+الجدول1[[#This Row],[الساعة ]] -> 19 | AS5: =الجدول1[[#This Row],[مجموع النقاط]]/الجدول1[[#This Row],[مجموع الساعات]] -> 3.9342105 | AT5: =VLOOKUP(AS5,المرجع!$D$2:$F$11,3) -> جيد جدا | AU5: =RANK(AS5,$AS$2:$AS$14) -> 4
A6: 2025365 | B6: ساجو أحمد جادم | C6: 2 | D6: 99 | E6: =VLOOKUP(الجدول1[[#This Row],[القران الكريم ]],المرجع!$B$2:$C$11,2) -> 5 | F6: =VLOOKUP(الجدول1[[#This Row],[الوزن ( م ت ق)]],المرجع!$D$2:$E$11,2) -> أ+ | G6: =الجدول1[[#This Row],[الوزن ( م ت ق)]]*الجدول1[[#This Row],[الساعة ]] -> 10 | H6: 2 | I6: 72 | J6: =VLOOKUP(الجدول1[[#This Row],[مهارات تقنية 1]],المرجع!$B$2:$C$11,2) -> 3 | K6: =VLOOKUP(الجدول1[[#This Row],[الوزن ( م ت ق)2]],المرجع!$D$2:$E$11,2) -> ج | L6: =الجدول1[[#This Row],[الوزن ( م ت ق)2]]*الجدول1[[#This Row],[الساعات( م ت ق)]] -> 6 | M6: 3 | N6: 83 | O6: =VLOOKUP(الجدول1[[#This Row],[مقدمة في الاقتصاد الجزئي ]],المرجع!$B$2:$C$11,2) -> 4 | P6: =VLOOKUP(الجدول1[[#This Row],[الوزن ( م ق ج)]],المرجع!$D$2:$E$11,2) -> ب | Q6: =الجدول1[[#This Row],[الوزن ( م ق ج)]]*الجدول1[[#This Row],[الساعات ( م ق ج) ]] -> 12 | R6: 3 | S6: 56 | T6: =VLOOKUP(الجدول1[[#This Row],[المدخل إلى الفقه الإسلامي ]],المرجع!$B$2:$C$11,2) -> 2 | U6: =VLOOKUP(الجدول1[[#This Row],[الوزن ( م ف إ)]],المرجع!$D$2:$E$11,2) -> د | V6: =الجدول1[[#This Row],[الوزن ( م ف إ)]]*الجدول1[[#This Row],[الساعات ( م ف إ)]] -> 6 | W6: 2 | X6: 99 | Y6: =VLOOKUP(X6,المرجع!$B$3:$C$11,2) -> 5 | Z6: =VLOOKUP(Y6,المرجع!$D$3:$E$11,2) -> أ+ | AA6: =Y6*W6 -> 10 | AB6: 2 | AC6: 69 | AD6: =VLOOKUP(AC6,المرجع!$B$3:$C$11,2) -> 2.5 | AE6: =VLOOKUP(AD6,المرجع!$D$3:$E$11,2) -> د+ | AF6: =AD6*AB6 -> 5 | AG6: 2 | AH6: 100 | AI6: =VLOOKUP(AH6,المرجع!$B$3:$C$11,2) -> 5 | AJ6: =VLOOKUP(AI6,المرجع!$D$3:$E$11,2) -> أ+ | AK6: =AI6*AG6 -> 10 | AL6: 3 | AM6: 90 | AN6: =VLOOKUP(AM6,المرجع!$B$3:$C$11,2) -> 4.75 | AO6: =VLOOKUP(AN6,المرجع!$D$3:$E$11,2) -> أ | AP6: =AN6*AL6 -> 14.25 | AQ6: =الجدول1[[#This Row],[النقاط (م ENG)]]+الجدول1[[#This Row],[النقاط ( د غ)]]+الجدول1[[#This Row],[النقاط ( م ت) ]]+الجدول1[[#This Row],[النقاط ( م ع)]]+الجدول1[[#This Row],[النقاط ( م ف إ)]]+الجدول1[[#This Row],[النقاط ( م ق ج)]]+الجدول1[[#This Row],[النقاط ( م ت ق)4]]+الجدول1[[#This Row],[النقاط ( م ت ق)]] -> 73.25 | AR6: =الجدول1[[#This Row],[الساعات (م ENG)]]+الجدول1[[#This Row],[الساعات ( د غ)]]+الجدول1[[#This Row],[الساعات ( م ت) ]]+الجدول1[[#This Row],[الساعات ( م ع)]]+الجدول1[[#This Row],[الساعات ( م ف إ)]]+الجدول1[[#This Row],[الساعات ( م ق ج) ]]+الجدول1[[#This Row],[الساعات( م ت ق)]]+الجدول1[[#This Row],[الساعة ]] -> 19 | AS6: =الجدول1[[#This Row],[مجموع النقاط]]/الجدول1[[#This Row],[مجموع الساعات]] -> 3.8552632 | AT6: =VLOOKUP(AS6,المرجع!$D$2:$F$11,3) -> جيد جدا | AU6: =RANK(AS6,$AS$2:$AS$14) -> 5
A7: 2025329 | B7: مصطفى محمد جوارا | C7: 2 | D7: 98 | E7: =VLOOKUP(الجدول1[[#This Row],[القران الكريم ]],المرجع!$B$2:$C$11,2) -> 5 | F7: =VLOOKUP(الجدول1[[#This Row],[الوزن ( م ت ق)]],المرجع!$D$2:$E$11,2) -> أ+ | G7: =الجدول1[[#This Row],[الوزن ( م ت ق)]]*الجدول1[[#This Row],[الساعة ]] -> 10 | H7: 2 | I7: 73 | J7: =VLOOKUP(الجدول1[[#This Row],[مهارات تقنية 1]],المرجع!$B$2:$C$11,2) -> 3 | K7: =VLOOKUP(الجدول1[[#This Row],[الوزن ( م ت ق)2]],المرجع!$D$2:$E$11,2) -> ج | L7: =الجدول1[[#This Row],[الوزن ( م ت ق)2]]*الجدول1[[#This Row],[الساعات( م ت ق)]] -> 6 | M7: 3 | N7: 71 | O7: =VLOOKUP(الجدول1[[#This Row],[مقدمة في الاقتصاد الجزئي ]],المرجع!$B$2:$C$11,2) -> 3 | P7: =VLOOKUP(الجدول1[[#This Row],[الوزن ( م ق ج)]],المرجع!$D$2:$E$11,2) -> ج | Q7: =الجدول1[[#This Row],[الوزن ( م ق ج)]]*الجدول1[[#This Row],[الساعات ( م ق ج) ]] -> 9 | R7: 3 | S7: 50 | T7: =VLOOKUP(الجدول1[[#This Row],[المدخل إلى الفقه الإسلامي ]],المرجع!$B$2:$C$11,2) -> 2 | U7: =VLOOKUP(الجدول1[[#This Row],[الوزن ( م ف إ)]],المرجع!$D$2:$E$11,2) -> د | V7: =الجدول1[[#This Row],[الوزن ( م ف إ)]]*الجدول1[[#This Row],[الساعات ( م ف إ)]] -> 6 | W7: 2 | X7: 78 | Y7: =VLOOKUP(X7,المرجع!$B$3:$C$11,2) -> 3.5 | Z7: =VLOOKUP(Y7,المرجع!$D$3:$E$11,2) -> ج+ | AA7: =Y7*W7 -> 7 | AB7: 2 | AC7: 85 | AD7: =VLOOKUP(AC7,المرجع!$B$3:$C$11,2) -> 4.5 | AE7: =VLOOKUP(AD7,المرجع!$D$3:$E$11,2) -> ب+ | AF7: =AD7*AB7 -> 9 | AG7: 2 | AH7: 98 | AI7: =VLOOKUP(AH7,المرجع!$B$3:$C$11,2) -> 5 | AJ7: =VLOOKUP(AI7,المرجع!$D$3:$E$11,2) -> أ+ | AK7: =AI7*AG7 -> 10 | AL7: 3 | AM7: 91 | AN7: =VLOOKUP(AM7,المرجع!$B$3:$C$11,2) -> 4.75 | AO7: =VLOOKUP(AN7,المرجع!$D$3:$E$11,2) -> أ | AP7: =AN7*AL7 -> 14.25 | AQ7: =الجدول1[[#This Row],[النقاط (م ENG)]]+الجدول1[[#This Row],[النقاط ( د غ)]]+الجدول1[[#This Row],[النقاط ( م ت) ]]+الجدول1[[#This Row],[النقاط ( م ع)]]+الجدول1[[#This Row],[النقاط ( م ف إ)]]+الجدول1[[#This Row],[النقاط ( م ق ج)]]+الجدول1[[#This Row],[النقاط ( م ت ق)4]]+الجدول1[[#This Row],[النقاط ( م ت ق)]] -> 71.25 | AR7: =الجدول1[[#This Row],[الساعات (م ENG)]]+الجدول1[[#This Row],[الساعات ( د غ)]]+الجدول1[[#This Row],[الساعات ( م ت) ]]+الجدول1[[#This Row],[الساعات ( م ع)]]+الجدول1[[#This Row],[الساعات ( م ف إ)]]+الجدول1[[#This Row],[الساعات ( م ق ج) ]]+الجدول1[[#This Row],[الساعات( م ت ق)]]+الجدول1[[#This Row],[الساعة ]] -> 19 | AS7: =الجدول1[[#This Row],[مجموع النقاط]]/الجدول1[[#This Row],[مجموع الساعات]] -> 3.75 | AT7: =VLOOKUP(AS7,المرجع!$D$2:$F$11,3) -> جيد جدا | AU7: =RANK(AS7,$AS$2:$AS$14) -> 6
A8: 2025343 | B8: عائشة محمد جابي | C8: 2 | D8: 100 | E8: =VLOOKUP(الجدول1[[#This Row],[القران الكريم ]],المرجع!$B$2:$C$11,2) -> 5 | F8: =VLOOKUP(الجدول1[[#This Row],[الوزن ( م ت ق)]],المرجع!$D$2:$E$11,2) -> أ+ | G8: =الجدول1[[#This Row],[الوزن ( م ت ق)]]*الجدول1[[#This Row],[الساعة ]] -> 10 | H8: 2 | I8: 74 | J8: =VLOOKUP(الجدول1[[#This Row],[مهارات تقنية 1]],المرجع!$B$2:$C$11,2) -> 3 | K8: =VLOOKUP(الجدول1[[#This Row],[الوزن ( م ت ق)2]],المرجع!$D$2:$E$11,2) -> ج | L8: =الجدول1[[#This Row],[الوزن ( م ت ق)2]]*الجدول1[[#This Row],[الساعات( م ت ق)]] -> 6 | M8: 3 | N8: 74 | O8: =VLOOKUP(الجدول1[[#This Row],[مقدمة في الاقتصاد الجزئي ]],المرجع!$B$2:$C$11,2) -> 3 | P8: =VLOOKUP(الجدول1[[#This Row],[الوزن ( م ق ج)]],المرجع!$D$2:$E$11,2) -> ج | Q8: =الجدول1[[#This Row],[الوزن ( م ق ج)]]*الجدول1[[#This Row],[الساعات ( م ق ج) ]] -> 9 | R8: 3 | S8: 55 | T8: =VLOOKUP(الجدول1[[#This Row],[المدخل إلى الفقه الإسلامي ]],المرجع!$B$2:$C$11,2) -> 2 | U8: =VLOOKUP(الجدول1[[#This Row],[الوزن ( م ف إ)]],المرجع!$D$2:$E$11,2) -> د | V8: =الجدول1[[#This Row],[الوزن ( م ف إ)]]*الجدول1[[#This Row],[الساعات ( م ف إ)]] -> 6 | W8: 2 | X8: 85 | Y8: =VLOOKUP(X8,المرجع!$B$3:$C$11,2) -> 4.5 | Z8: =VLOOKUP(Y8,المرجع!$D$3:$E$11,2) -> ب+ | AA8: =Y8*W8 -> 9 | AB8: 2 | AC8: 91 | AD8: =VLOOKUP(AC8,المرجع!$B$3:$C$11,2) -> 4.75 | AE8: =VLOOKUP(AD8,المرجع!$D$3:$E$11,2) -> أ | AF8: =AD8*AB8 -> 9.5 | AG8: 2 | AH8: 99 | AI8: =VLOOKUP(AH8,المرجع!$B$3:$C$11,2) -> 5 | AJ8: =VLOOKUP(AI8,المرجع!$D$3:$E$11,2) -> أ+ | AK8: =AI8*AG8 -> 10 | AL8: 3 | AM8: 73 | AN8: =VLOOKUP(AM8,المرجع!$B$3:$C$11,2) -> 3 | AO8: =VLOOKUP(AN8,المرجع!$D$3:$E$11,2) -> ج | AP8: =AN8*AL8 -> 9 | AQ8: =الجدول1[[#This Row],[النقاط (م ENG)]]+الجدول1[[#This Row],[النقاط ( د غ)]]+الجدول1[[#This Row],[النقاط ( م ت) ]]+الجدول1[[#This Row],[النقاط ( م ع)]]+الجدول1[[#This Row],[النقاط ( م ف إ)]]+الجدول1[[#This Row],[النقاط ( م ق ج)]]+الجدول1[[#This Row],[النقاط ( م ت ق)4]]+الجدول1[[#This Row],[النقاط ( م ت ق)]] -> 68.5 | AR8: =الجدول1[[#This Row],[الساعات (م ENG)]]+الجدول1[[#This Row],[الساعات ( د غ)]]+الجدول1[[#This Row],[الساعات ( م ت) ]]+الجدول1[[#This Row],[الساعات ( م ع)]]+الجدول1[[#This Row],[الساعات ( م ف إ)]]+الجدول1[[#This Row],[الساعات ( م ق ج) ]]+الجدول1[[#This Row],[الساعات( م ت ق)]]+الجدول1[[#This Row],[الساعة ]] -> 19 | AS8: =الجدول1[[#This Row],[مجموع النقاط]]/الجدول1[[#This Row],[مجموع الساعات]] -> 3.6052632 | AT8: =VLOOKUP(AS8,المرجع!$D$2:$F$11,3) -> جيد جدا | AU8: =RANK(AS8,$AS$2:$AS$14) -> 7
A9: 2025364 | B9: خديجة مجتبى جالو | C9: 2 | D9: 60 | E9: =VLOOKUP(الجدول1[[#This Row],[القران الكريم ]],المرجع!$B$2:$C$11,2) -> 2 | F9: =VLOOKUP(الجدول1[[#This Row],[الوزن ( م ت ق)]],المرجع!$D$2:$E$11,2) -> د | G9: =الجدول1[[#This Row],[الوزن ( م ت ق)]]*الجدول1[[#This Row],[الساعة ]] -> 4 | H9: 2 | I9: 72 | J9: =VLOOKUP(الجدول1[[#This Row],[مهارات تقنية 1]],المرجع!$B$2:$C$11,2) -> 3 | K9: =VLOOKUP(الجدول1[[#This Row],[الوزن ( م ت ق)2]],المرجع!$D$2:$E$11,2) -> ج | L9: =الجدول1[[#This Row],[الوزن ( م ت ق)2]]*الجدول1[[#This Row],[الساعات( م ت ق)]] -> 6 | M9: 3 | N9: 71 | O9: =VLOOKUP(الجدول1[[#This Row],[مقدمة في الاقتصاد الجزئي ]],المرجع!$B$2:$C$11,2) -> 3 | P9: =VLOOKUP(الجدول1[[#This Row],[الوزن ( م ق ج)]],المرجع!$D$2:$E$11,2) -> ج | Q9: =الجدول1[[#This Row],[الوزن ( م ق ج)]]*الجدول1[[#This Row],[الساعات ( م ق ج) ]] -> 9 | R9: 3 | S9: 50 | T9: =VLOOKUP(الجدول1[[#This Row],[المدخل إلى الفقه الإسلامي ]],المرجع!$B$2:$C$11,2) -> 2 | U9: =VLOOKUP(الجدول1[[#This Row],[الوزن ( م ف إ)]],المرجع!$D$2:$E$11,2) -> د | V9: =الجدول1[[#This Row],[الوزن ( م ف إ)]]*الجدول1[[#This Row],[الساعات ( م ف إ)]] -> 6 | W9: 2 | X9: 79 | Y9: =VLOOKUP(X9,المرجع!$B$3:$C$11,2) -> 3.5 | Z9: =VLOOKUP(Y9,المرجع!$D$3:$E$11,2) -> ج+ | AA9: =Y9*W9 -> 7 | AB9: 2 | AC9: 67 | AD9: =VLOOKUP(AC9,المرجع!$B$3:$C$11,2) -> 2.5 | AE9: =VLOOKUP(AD9,المرجع!$D$3:$E$11,2) -> د+ | AF9: =AD9*AB9 -> 5 | AG9: 2 | AH9: 85 | AI9: =VLOOKUP(AH9,المرجع!$B$3:$C$11,2) -> 4.5 | AJ9: =VLOOKUP(AI9,المرجع!$D$3:$E$11,2) -> ب+ | AK9: =AI9*AG9 -> 9 | AL9: 3 | AM9: 85 | AN9: =VLOOKUP(AM9,المرجع!$B$3:$C$11,2) -> 4.5 | AO9: =VLOOKUP(AN9,المرجع!$D$3:$E$11,2) -> ب+ | AP9: =AN9*AL9 -> 13.5 | AQ9: =الجدول1[[#This Row],[النقاط (م ENG)]]+الجدول1[[#This Row],[النقاط ( د غ)]]+الجدول1[[#This Row],[النقاط ( م ت) ]]+الجدول1[[#This Row],[النقاط ( م ع)]]+الجدول1[[#This Row],[النقاط ( م ف إ)]]+الجدول1[[#This Row],[النقاط ( م ق ج)]]+الجدول1[[#This Row],[النقاط ( م ت ق)4]]+الجدول1[[#This Row],[النقاط ( م ت ق)]] -> 59.5 | AR9: =الجدول1[[#This Row],[الساعات (م ENG)]]+الجدول1[[#This Row],[الساعات ( د غ)]]+الجدول1[[#This Row],[الساعات ( م ت) ]]+الجدول1[[#This Row],[الساعات ( م ع)]]+الجدول1[[#This Row],[الساعات ( م ف إ)]]+الجدول1[[#This Row],[الساعات ( م ق ج) ]]+الجدول1[[#This Row],[الساعات( م ت ق)]]+الجدول1[[#This Row],[الساعة ]] -> 19 | AS9: =الجدول1[[#This Row],[مجموع النقاط]]/الجدول1[[#This Row],[مجموع الساعات]] -> 3.1315789 | AT9: =VLOOKUP(AS9,المرجع!$D$2:$F$11,3) -> جيد مرتفع | AU9: =RANK(AS9,$AS$2:$AS$14) -> 10
A10: 2025327 | B10: بنغل فودي سنكانو | C10: 2 | D10: 98 | E10: =VLOOKUP(الجدول1[[#This Row],[القران الكريم ]],المرجع!$B$2:$C$11,2) -> 5 | F10: =VLOOKUP(الجدول1[[#This Row],[الوزن ( م ت ق)]],المرجع!$D$2:$E$11,2) -> أ+ | G10: =الجدول1[[#This Row],[الوزن ( م ت ق)]]*الجدول1[[#This Row],[الساعة ]] -> 10 | H10: 2 | I10: 83 | J10: =VLOOKUP(الجدول1[[#This Row],[مهارات تقنية 1]],المرجع!$B$2:$C$11,2) -> 4 | K10: =VLOOKUP(الجدول1[[#This Row],[الوزن ( م ت ق)2]],المرجع!$D$2:$E$11,2) -> ب | L10: =الجدول1[[#This Row],[الوزن ( م ت ق)2]]*الجدول1[[#This Row],[الساعات( م ت ق)]] -> 8 | M10: 3 | N10: 74 | O10: =VLOOKUP(الجدول1[[#This Row],[مقدمة في الاقتصاد الجزئي ]],المرجع!$B$2:$C$11,2) -> 3 | P10: =VLOOKUP(الجدول1[[#This Row],[الوزن ( م ق ج)]],المرجع!$D$2:$E$11,2) -> ج | Q10: =الجدول1[[#This Row],[الوزن ( م ق ج)]]*الجدول1[[#This Row],[الساعات ( م ق ج) ]] -> 9 | R10: 3 | S10: 61.5 | T10: =VLOOKUP(الجدول1[[#This Row],[المدخل إلى الفقه الإسلامي ]],المرجع!$B$2:$C$11,2) -> 2 | U10: =VLOOKUP(الجدول1[[#This Row],[الوزن ( م ف إ)]],المرجع!$D$2:$E$11,2) -> د | V10: =الجدول1[[#This Row],[الوزن ( م ف إ)]]*الجدول1[[#This Row],[الساعات ( م ف إ)]] -> 6 | W10: 2 | X10: 95 | Y10: =VLOOKUP(X10,المرجع!$B$3:$C$11,2) -> 5 | Z10: =VLOOKUP(Y10,المرجع!$D$3:$E$11,2) -> أ+ | AA10: =Y10*W10 -> 10 | AB10: 2 | AC10: 61 | AD10: =VLOOKUP(AC10,المرجع!$B$3:$C$11,2) -> 2 | AE10: =VLOOKUP(AD10,المرجع!$D$3:$E$11,2) -> د | AF10: =AD10*AB10 -> 4 | AG10: 2 | AH10: 96 | AI10: =VLOOKUP(AH10,المرجع!$B$3:$C$11,2) -> 5 | AJ10: =VLOOKUP(AI10,المرجع!$D$3:$E$11,2) -> أ+ | AK10: =AI10*AG10 -> 10 | AL10: 3 | AM10: 65 | AN10: =VLOOKUP(AM10,المرجع!$B$3:$C$11,2) -> 2.5 | AO10: =VLOOKUP(AN10,المرجع!$D$3:$E$11,2) -> د+ | AP10: =AN10*AL10 -> 7.5 | AQ10: =الجدول1[[#This Row],[النقاط (م ENG)]]+الجدول1[[#This Row],[النقاط ( د غ)]]+الجدول1[[#This Row],[النقاط ( م ت) ]]+الجدول1[[#This Row],[النقاط ( م ع)]]+الجدول1[[#This Row],[النقاط ( م ف إ)]]+الجدول1[[#This Row],[النقاط ( م ق ج)]]+الجدول1[[#This Row],[النقاط ( م ت ق)4]]+الجدول1[[#This Row],[النقاط ( م ت ق)]] -> 64.5 | AR10: =الجدول1[[#This Row],[الساعات (م ENG)]]+الجدول1[[#This Row],[الساعات ( د غ)]]+الجدول1[[#This Row],[الساعات ( م ت) ]]+الجدول1[[#This Row],[الساعات ( م ع)]]+الجدول1[[#This Row],[الساعات ( م ف إ)]]+الجدول1[[#This Row],[الساعات ( م ق ج) ]]+الجدول1[[#This Row],[الساعات( م ت ق)]]+الجدول1[[#This Row],[الساعة ]] -> 19 | AS10: =الجدول1[[#This Row],[مجموع النقاط]]/الجدول1[[#This Row],[مجموع الساعات]] -> 3.3947368 | AT10: =VLOOKUP(AS10,المرجع!$D$2:$F$11,3) -> جيد مرتفع | AU10: =RANK(AS10,$AS$2:$AS$14) -> 9
A11: 2025407 | B11: أحمد غوث درامي | C11: 2 | D11: 98 | E11: =VLOOKUP(الجدول1[[#This Row],[القران الكريم ]],المرجع!$B$2:$C$11,2) -> 5 | F11: =VLOOKUP(الجدول1[[#This Row],[الوزن ( م ت ق)]],المرجع!$D$2:$E$11,2) -> أ+ | G11: =الجدول1[[#This Row],[الوزن ( م ت ق)]]*الجدول1[[#This Row],[الساعة ]] -> 10 | H11: 2 | I11: 50 | J11: =VLOOKUP(الجدول1[[#This Row],[مهارات تقنية 1]],المرجع!$B$2:$C$11,2) -> 2 | K11: =VLOOKUP(الجدول1[[#This Row],[الوزن ( م ت ق)2]],المرجع!$D$2:$E$11,2) -> د | L11: =الجدول1[[#This Row],[الوزن ( م ت ق)2]]*الجدول1[[#This Row],[الساعات( م ت ق)]] -> 4 | M11: 3 | N11: 79 | O11: =VLOOKUP(الجدول1[[#This Row],[مقدمة في الاقتصاد الجزئي ]],المرجع!$B$2:$C$11,2) -> 3.5 | P11: =VLOOKUP(الجدول1[[#This Row],[الوزن ( م ق ج)]],المرجع!$D$2:$E$11,2) -> ج+ | Q11: =الجدول1[[#This Row],[الوزن ( م ق ج)]]*الجدول1[[#This Row],[الساعات ( م ق ج) ]] -> 10.5 | R11: 3 | S11: 50 | T11: =VLOOKUP(الجدول1[[#This Row],[المدخل إلى الفقه الإسلامي ]],المرجع!$B$2:$C$11,2) -> 2 | U11: =VLOOKUP(الجدول1[[#This Row],[الوزن ( م ف إ)]],المرجع!$D$2:$E$11,2) -> د | V11: =الجدول1[[#This Row],[الوزن ( م ف إ)]]*الجدول1[[#This Row],[الساعات ( م ف إ)]] -> 6 | W11: 2 | X11: 67 | Y11: =VLOOKUP(X11,المرجع!$B$3:$C$11,2) -> 2.5 | Z11: =VLOOKUP(Y11,المرجع!$D$3:$E$11,2) -> د+ | AA11: =Y11*W11 -> 5 | AB11: 2 | AC11: 52 | AD11: =VLOOKUP(AC11,المرجع!$B$3:$C$11,2) -> 2 | AE11: =VLOOKUP(AD11,المرجع!$D$3:$E$11,2) -> د | AF11: =AD11*AB11 -> 4 | AG11: 2 | AH11: 92 | AI11: =VLOOKUP(AH11,المرجع!$B$3:$C$11,2) -> 4.75 | AJ11: =VLOOKUP(AI11,المرجع!$D$3:$E$11,2) -> أ | AK11: =AI11*AG11 -> 9.5 | AL11: 3 | AM11: 75 | AN11: =VLOOKUP(AM11,المرجع!$B$3:$C$11,2) -> 3.5 | AO11: =VLOOKUP(AN11,المرجع!$D$3:$E$11,2) -> ج+ | AP11: =AN11*AL11 -> 10.5 | AQ11: =الجدول1[[#This Row],[النقاط (م ENG)]]+الجدول1[[#This Row],[النقاط ( د غ)]]+الجدول1[[#This Row],[النقاط ( م ت) ]]+الجدول1[[#This Row],[النقاط ( م ع)]]+الجدول1[[#This Row],[النقاط ( م ف إ)]]+الجدول1[[#This Row],[النقاط ( م ق ج)]]+الجدول1[[#This Row],[النقاط ( م ت ق)4]]+الجدول1[[#This Row],[النقاط ( م ت ق)]] -> 59.5 | AR11: =الجدول1[[#This Row],[الساعات (م ENG)]]+الجدول1[[#This Row],[الساعات ( د غ)]]+الجدول1[[#This Row],[الساعات ( م ت) ]]+الجدول1[[#This Row],[الساعات ( م ع)]]+الجدول1[[#This Row],[الساعات ( م ف إ)]]+الجدول1[[#This Row],[الساعات ( م ق ج) ]]+الجدول1[[#This Row],[الساعات( م ت ق)]]+الجدول1[[#This Row],[الساعة ]] -> 19 | AS11: =الجدول1[[#This Row],[مجموع النقاط]]/الجدول1[[#This Row],[مجموع الساعات]] -> 3.1315789 | AT11: =VLOOKUP(AS11,المرجع!$D$2:$F$11,3) -> جيد مرتفع | AU11: =RANK(AS11,$AS$2:$AS$14) -> 10
A12: 2025336 | B12: خديجة سليمان باه | C12: 2 | D12: 98 | E12: =VLOOKUP(الجدول1[[#This Row],[القران الكريم ]],المرجع!$B$2:$C$11,2) -> 5 | F12: =VLOOKUP(الجدول1[[#This Row],[الوزن ( م ت ق)]],المرجع!$D$2:$E$11,2) -> أ+ | G12: =الجدول1[[#This Row],[الوزن ( م ت ق)]]*الجدول1[[#This Row],[الساعة ]] -> 10 | H12: 2 | I12: 77 | J12: =VLOOKUP(الجدول1[[#This Row],[مهارات تقنية 1]],المرجع!$B$2:$C$11,2) -> 3.5 | K12: =VLOOKUP(الجدول1[[#This Row],[الوزن ( م ت ق)2]],المرجع!$D$2:$E$11,2) -> ج+ | L12: =الجدول1[[#This Row],[الوزن ( م ت ق)2]]*الجدول1[[#This Row],[الساعات( م ت ق)]] -> 7 | M12: 3 | N12: 78 | O12: =VLOOKUP(الجدول1[[#This Row],[مقدمة في الاقتصاد الجزئي ]],المرجع!$B$2:$C$11,2) -> 3.5 | P12: =VLOOKUP(الجدول1[[#This Row],[الوزن ( م ق ج)]],المرجع!$D$2:$E$11,2) -> ج+ | Q12: =الجدول1[[#This Row],[الوزن ( م ق ج)]]*الجدول1[[#This Row],[الساعات ( م ق ج) ]] -> 10.5 | R12: 3 | S12: 50 | T12: =VLOOKUP(الجدول1[[#This Row],[المدخل إلى الفقه الإسلامي ]],المرجع!$B$2:$C$11,2) -> 2 | U12: =VLOOKUP(الجدول1[[#This Row],[الوزن ( م ف إ)]],المرجع!$D$2:$E$11,2) -> د | V12: =الجدول1[[#This Row],[الوزن ( م ف إ)]]*الجدول1[[#This Row],[الساعات ( م ف إ)]] -> 6 | W12: 2 | X12: 96 | Y12: =VLOOKUP(X12,المرجع!$B$3:$C$11,2) -> 5 | Z12: =VLOOKUP(Y12,المرجع!$D$3:$E$11,2) -> أ+ | AA12: =Y12*W12 -> 10 | AB12: 2 | AC12: 93 | AD12: =VLOOKUP(AC12,المرجع!$B$3:$C$11,2) -> 4.75 | AE12: =VLOOKUP(AD12,المرجع!$D$3:$E$11,2) -> أ | AF12: =AD12*AB12 -> 9.5 | AG12: 2 | AH12: 72 | AI12: =VLOOKUP(AH12,المرجع!$B$3:$C$11,2) -> 3 | AJ12: =VLOOKUP(AI12,المرجع!$D$3:$E$11,2) -> ج | AK12: =AI12*AG12 -> 6 | AL12: 3 | AM12: 50 | AN12: =VLOOKUP(AM12,المرجع!$B$3:$C$11,2) -> 2 | AO12: =VLOOKUP(AN12,المرجع!$D$3:$E$11,2) -> د | AP12: =AN12*AL12 -> 6 | AQ12: =الجدول1[[#This Row],[النقاط (م ENG)]]+الجدول1[[#This Row],[النقاط ( د غ)]]+الجدول1[[#This Row],[النقاط ( م ت) ]]+الجدول1[[#This Row],[النقاط ( م ع)]]+الجدول1[[#This Row],[النقاط ( م ف إ)]]+الجدول1[[#This Row],[النقاط ( م ق ج)]]+الجدول1[[#This Row],[النقاط ( م ت ق)4]]+الجدول1[[#This Row],[النقاط ( م ت ق)]] -> 65 | AR12: =الجدول1[[#This Row],[الساعات (م ENG)]]+الجدول1[[#This Row],[الساعات ( د غ)]]+الجدول1[[#This Row],[الساعات ( م ت) ]]+الجدول1[[#This Row],[الساعات ( م ع)]]+الجدول1[[#This Row],[الساعات ( م ف إ)]]+الجدول1[[#This Row],[الساعات ( م ق ج) ]]+الجدول1[[#This Row],[الساعات( م ت ق)]]+الجدول1[[#This Row],[الساعة ]] -> 19 | AS12: =الجدول1[[#This Row],[مجموع النقاط]]/الجدول1[[#This Row],[مجموع الساعات]] -> 3.4210526 | AT12: =VLOOKUP(AS12,المرجع!$D$2:$F$11,3) -> جيد مرتفع | AU12: =RANK(AS12,$AS$2:$AS$14) -> 8
A13: 2025406 | B13: عائشة إسحاق بارو | C13: 2 | D13: 85 | E13: =VLOOKUP(الجدول1[[#This Row],[القران الكريم ]],المرجع!$B$2:$C$11,2) -> 4.5 | F13: =VLOOKUP(الجدول1[[#This Row],[الوزن ( م ت ق)]],المرجع!$D$2:$E$11,2) -> ب+ | G13: =الجدول1[[#This Row],[الوزن ( م ت ق)]]*الجدول1[[#This Row],[الساعة ]] -> 9 | H13: 2 | I13: 66 | J13: =VLOOKUP(الجدول1[[#This Row],[مهارات تقنية 1]],المرجع!$B$2:$C$11,2) -> 2.5 | K13: =VLOOKUP(الجدول1[[#This Row],[الوزن ( م ت ق)2]],المرجع!$D$2:$E$11,2) -> د+ | L13: =الجدول1[[#This Row],[الوزن ( م ت ق)2]]*الجدول1[[#This Row],[الساعات( م ت ق)]] -> 5 | M13: 3 | N13: 63 | O13: =VLOOKUP(الجدول1[[#This Row],[مقدمة في الاقتصاد الجزئي ]],المرجع!$B$2:$C$11,2) -> 2 | P13: =VLOOKUP(الجدول1[[#This Row],[الوزن ( م ق ج)]],المرجع!$D$2:$E$11,2) -> د | Q13: =الجدول1[[#This Row],[الوزن ( م ق ج)]]*الجدول1[[#This Row],[الساعات ( م ق ج) ]] -> 6 | R13: 3 | S13: 50 | T13: =VLOOKUP(الجدول1[[#This Row],[المدخل إلى الفقه الإسلامي ]],المرجع!$B$2:$C$11,2) -> 2 | U13: =VLOOKUP(الجدول1[[#This Row],[الوزن ( م ف إ)]],المرجع!$D$2:$E$11,2) -> د | V13: =الجدول1[[#This Row],[الوزن ( م ف إ)]]*الجدول1[[#This Row],[الساعات ( م ف إ)]] -> 6 | W13: 2 | X13: 75 | Y13: =VLOOKUP(X13,المرجع!$B$3:$C$11,2) -> 3.5 | Z13: =VLOOKUP(Y13,المرجع!$D$3:$E$11,2) -> ج+ | AA13: =Y13*W13 -> 7 | AB13: 2 | AC13: 54 | AD13: =VLOOKUP(AC13,المرجع!$B$3:$C$11,2) -> 2 | AE13: =VLOOKUP(AD13,المرجع!$D$3:$E$11,2) -> د | AF13: =AD13*AB13 -> 4 | AG13: 2 | AH13: 70 | AI13: =VLOOKUP(AH13,المرجع!$B$3:$C$11,2) -> 3 | AJ13: =VLOOKUP(AI13,المرجع!$D$3:$E$11,2) -> ج | AK13: =AI13*AG13 -> 6 | AL13: 3 | AM13: 66 | AN13: =VLOOKUP(AM13,المرجع!$B$3:$C$11,2) -> 2.5 | AO13: =VLOOKUP(AN13,المرجع!$D$3:$E$11,2) -> د+ | AP13: =AN13*AL13 -> 7.5 | AQ13: =الجدول1[[#This Row],[النقاط (م ENG)]]+الجدول1[[#This Row],[النقاط ( د غ)]]+الجدول1[[#This Row],[النقاط ( م ت) ]]+الجدول1[[#This Row],[النقاط ( م ع)]]+الجدول1[[#This Row],[النقاط ( م ف إ)]]+الجدول1[[#This Row],[النقاط ( م ق ج)]]+الجدول1[[#This Row],[النقاط ( م ت ق)4]]+الجدول1[[#This Row],[النقاط ( م ت ق)]] -> 50.5 | AR13: =الجدول1[[#This Row],[الساعات (م ENG)]]+الجدول1[[#This Row],[الساعات ( د غ)]]+الجدول1[[#This Row],[الساعات ( م ت) ]]+الجدول1[[#This Row],[الساعات ( م ع)]]+الجدول1[[#This Row],[الساعات ( م ف إ)]]+الجدول1[[#This Row],[الساعات ( م ق ج) ]]+الجدول1[[#This Row],[الساعات( م ت ق)]]+الجدول1[[#This Row],[الساعة ]] -> 19 | AS13: =الجدول1[[#This Row],[مجموع النقاط]]/الجدول1[[#This Row],[مجموع الساعات]] -> 2.6578947 | AT13: =VLOOKUP(AS13,المرجع!$D$2:$F$11,3) -> جيد | AU13: =RANK(AS13,$AS$2:$AS$14) -> 12
A14: 2025414 | B14: حواء جيجي كانتي | C14: 2 | E14: =VLOOKUP(الجدول1[[#This Row],[القران الكريم ]],المرجع!$B$2:$C$11,2) -> 0 | F14: =VLOOKUP(الجدول1[[#This Row],[الوزن ( م ت ق)]],المرجع!$D$2:$E$11,2) -> ه | G14: =الجدول1[[#This Row],[الوزن ( م ت ق)]]*الجدول1[[#This Row],[الساعة ]] -> 0 | H14: 2 | I14: 50 | J14: =VLOOKUP(الجدول1[[#This Row],[مهارات تقنية 1]],المرجع!$B$2:$C$11,2) -> 2 | K14: =VLOOKUP(الجدول1[[#This Row],[الوزن ( م ت ق)2]],المرجع!$D$2:$E$11,2) -> د | L14: =الجدول1[[#This Row],[الوزن ( م ت ق)2]]*الجدول1[[#This Row],[الساعات( م ت ق)]] -> 4 | M14: 3 | N14: 61 | O14: =VLOOKUP(الجدول1[[#This Row],[مقدمة في الاقتصاد الجزئي ]],المرجع!$B$2:$C$11,2) -> 2 | P14: =VLOOKUP(الجدول1[[#This Row],[الوزن ( م ق ج)]],المرجع!$D$2:$E$11,2) -> د | Q14: =الجدول1[[#This Row],[الوزن ( م ق ج)]]*الجدول1[[#This Row],[الساعات ( م ق ج) ]] -> 6 | R14: 3 | S14: 30 | T14: =VLOOKUP(الجدول1[[#This Row],[المدخل إلى الفقه الإسلامي ]],المرجع!$B$2:$C$11,2) -> 0 | U14: =VLOOKUP(الجدول1[[#This Row],[الوزن ( م ف إ)]],المرجع!$D$2:$E$11,2) -> ه | V14: =الجدول1[[#This Row],[الوزن ( م ف إ)]]*الجدول1[[#This Row],[الساعات ( م ف إ)]] -> 0 | W14: 2 | X14: 50 | Y14: =VLOOKUP(X14,المرجع!$B$3:$C$11,2) -> 2 | Z14: =VLOOKUP(Y14,المرجع!$D$3:$E$11,2) -> د | AA14: =Y14*W14 -> 4 | AB14: 2 | AC14: 32 | AD14: =VLOOKUP(AC14,المرجع!$B$3:$C$11,2) -> 0 | AE14: =VLOOKUP(AD14,المرجع!$D$3:$E$11,2) -> ه | AF14: =AD14*AB14 -> 0 | AG14: 2 | AH14: 57 | AI14: =VLOOKUP(AH14,المرجع!$B$3:$C$11,2) -> 2 | AJ14: =VLOOKUP(AI14,المرجع!$D$3:$E$11,2) -> د | AK14: =AI14*AG14 -> 4 | AL14: 3 | AM14: 33 | AN14: =VLOOKUP(AM14,المرجع!$B$3:$C$11,2) -> 0 | AO14: =VLOOKUP(AN14,المرجع!$D$3:$E$11,2) -> ه | AP14: =AN14*AL14 -> 0 | AQ14: =الجدول1[[#This Row],[النقاط (م ENG)]]+الجدول1[[#This Row],[النقاط ( د غ)]]+الجدول1[[#This Row],[النقاط ( م ت) ]]+الجدول1[[#This Row],[النقاط ( م ع)]]+الجدول1[[#This Row],[النقاط ( م ف إ)]]+الجدول1[[#This Row],[النقاط ( م ق ج)]]+الجدول1[[#This Row],[النقاط ( م ت ق)4]]+الجدول1[[#This Row],[النقاط ( م ت ق)]] -> 18 | AR14: =الجدول1[[#This Row],[الساعات (م ENG)]]+الجدول1[[#This Row],[الساعات ( د غ)]]+الجدول1[[#This Row],[الساعات ( م ت) ]]+الجدول1[[#This Row],[الساعات ( م ع)]]+الجدول1[[#This Row],[الساعات ( م ف إ)]]+الجدول1[[#This Row],[الساعات ( م ق ج) ]]+الجدول1[[#This Row],[الساعات( م ت ق)]]+الجدول1[[#This Row],[الساعة ]] -> 19 | AS14: =الجدول1[[#This Row],[مجموع النقاط]]/الجدول1[[#This Row],[مجموع الساعات]] -> 0.94736842 | AT14: =VLOOKUP(AS14,المرجع!$D$2:$F$11,3) -> راسب | AU14: =RANK(AS14,$AS$2:$AS$14) -> 13

Sheet المرجع
B2: الدرجة | C2: الوزن | D2: المعدلة | E2: رمز المعدلة | F2: التقدير
B3: 0 | C3: 0 | D3: 0 | E3: ه | F3: راسب
B4: 50 | C4: 2 | D4: 2 | E4: د | F4: مقبول
B5: 65 | C5: 2.5 | D5: 2.1 | E5: د+ | F5: مقبول مرتفع
B6: 70 | C6: 3 | D6: 2.6 | E6: ج | F6: جيد
B7: 75 | C7: 3.5 | D7: 3.1 | E7: ج+ | F7: جيد مرتفع
B8: 80 | C8: 4 | D8: 3.6 | E8: ب | F8: جيد جدا
B9: 85 | C9: 4.5 | D9: 4.1 | E9: ب+ | F9: جيد جد مرتفع
B10: 90 | C10: 4.75 | D10: 4.6 | E10: أ | F10: ممتاز
B11: 95 | C11: 5 | D11: 4.76 | E11: أ+ | F11: ممتاز مرتفع

Sheet الكشف
A5: الرقم الجامعي | D5: 2025419
A6: اسم الطالب/ ة | D6: =_xlfn.XLOOKUP($D$5,'مستوى الاول '!A2:A14,'مستوى الاول '!B2:B14) -> محمد أبوبكر كابا
A7: الكلية | D7: الاقتصاد
A8: المستوى | D8: الأول
A9: م | B9: الفصل الأول/ 2025-2026
B10: المقرر | E10: الدرجة النهائة | F10: التقدير | H10: النقاط
B11: اسمه | C11: رمزه | D11: ساعته | F11: وزنه | G11: رمزه
A12: =_xlfn.UNICHAR(ROW()-11+9311) -> ① | B12: القرآن الكريم | D12: {=_xlfn.XLOOKUP($D$5,'مستوى الاول '!A2:A14,الجدول1[[الساعة ]:[النقاط ( م ت ق)]])} -> 2 | E12: 100 | F12: 5 | G12: أ+ | H12: 10
A13: =_xlfn.UNICHAR(ROW()-11+9311) -> ② | B13: مهارات تقنية | D13: {=_xlfn.XLOOKUP($D$5,'مستوى الاول '!A2:A14,الجدول1[[الساعات( م ت ق)]:[النقاط ( م ت ق)4]])} -> 2 | E13: 88 | F13: 4.5 | G13: ب+ | H13: 9
A14: =_xlfn.UNICHAR(ROW()-11+9311) -> ③ | B14: مقدمة في الاقتصاد الجزئي | D14: {=_xlfn.XLOOKUP($D$5,'مستوى الاول '!A2:A14,الجدول1[[الساعات ( م ق ج) ]:[النقاط ( م ق ج)]])} -> 3 | E14: 73 | F14: 3 | G14: ج | H14: 9
A15: =_xlfn.UNICHAR(ROW()-11+9311) -> ④ | B15: المدخل الى الفقه الإسلامي | D15: {=_xlfn.XLOOKUP($D$5,'مستوى الاول '!A2:A14,الجدول1[[الساعات ( م ف إ)]:[النقاط ( م ف إ)]])} -> 3 | E15: 50 | F15: 2 | G15: د | H15: 6
A16: =_xlfn.UNICHAR(ROW()-11+9311) -> ⑤ | B16: أصول العقيدة الإسلامية | D16: {=_xlfn.XLOOKUP($D$5,'مستوى الاول '!A2:A14,الجدول1[[الساعات ( م ع)]:[النقاط ( م ع)]])} -> 2 | E16: 99 | F16: 5 | G16: أ+ | H16: 10
A17: =_xlfn.UNICHAR(ROW()-11+9311) -> ⑥ | B17: التجويد | D17: {=_xlfn.XLOOKUP($D$5,'مستوى الاول '!A2:A14,الجدول1[[الساعات ( م ت) ]:[النقاط ( م ت) ]])} -> 2 | E17: 87 | F17: 4.5 | G17: ب+ | H17: 9
A18: =_xlfn.UNICHAR(ROW()-11+9311) -> ⑦ | B18: درسات الغامبية | D18: {=_xlfn.XLOOKUP($D$5,'مستوى الاول '!A2:A14,الجدول1[[الساعات ( د غ)]:[النقاط ( د غ)]])} -> 2 | E18: 95 | F18: 5 | G18: أ+ | H18: 10
A19: =_xlfn.UNICHAR(ROW()-11+9311) -> ⑧ | B19: English(2) | D19: {=_xlfn.XLOOKUP($D$5,'مستوى الاول '!A2:A14,الجدول1[[الساعات (م ENG)]:[النقاط (م ENG)]])} -> 3 | E19: 90 | F19: 4.75 | G19: أ | H19: 14.25
A20: المجموع | D20: =SUM(D13:D19) -> 17 | H20: =SUM(H13:H19) -> 67.25
A21: المعدل الفصلي | D21: {=_xlfn.XLOOKUP($D$5,'مستوى الاول '!A2:A14,الجدول1[[المعدل الفصلي ]])} -> 4.0657895
A22: المعدل التراكمي | D22: {=_xlfn.XLOOKUP($D$5,'مستوى الاول '!A2:A14,الجدول1[[المعدل الفصلي ]])} -> 4.0657895
A23: التقدير | D23: {=_xlfn.XLOOKUP($D$5,'مستوى الاول '!A2:A14,الجدول1[التقدير])} -> جيد جدا
A24: الترتيب | D24: {=_xlfn.XLOOKUP($D$5,'مستوى الاول '!A2:A14,الجدول1[الترتيب])} -> 2
