Workbook

Sheet المستوى الأول 
B2: رقم الجامعي | C2: أسماء الطلبة | D2: الساعة | E2: القرآن الكريم | F2: الوزن | G2: الرمز | H2: النقاط | I2: الساعة | J2: التوحيد | K2: الوزن | L2: الرمز | M2: النقاط | N2: الساعة | O2: المدخل إلى علوم الحديث | P2: الوزن | Q2: الرمز | R2: النقاط | S2: الساعة | T2: الفقه (1) | U2: الوزن | V2: الرمز | W2: النقاط | X2: الساعة | Y2: المدخل إلى علوم القرآن | Z2: الوزن | AA2: الرمز | AB2: النقاط | AC2: الساعة | AD2: التجويد | AE2: الوزن | AF2: الرمز | AG2: النقاط | AH2: الساعة | AI2: مدخل إلى الحديث التحليلي | AJ2: الوزن | AK2: الرمز | AL2: النقاط | AM2: الساعة | AN2: النحو (1) | AO2: الوزن | AP2: الرمز | AQ2: النقاط | AR2: الساعة | AS2: تاريخ السنة | AT2: الوزن | AU2: الرمز | AV2: النقاط | AW2: الساعة | AX2: مناهج البحث | AY2: الوزن | AZ2: الرمز | BA2: النقاط | BB2: الساعة | BC2: التحرير العربي | BD2: الوزن | BE2: الرمز | BF2: النقاط | BG2: الساعة | BH2: English(2) | BI2: الوزن | BJ2: الرمز | BK2: النقاط | BL2: مجموع النقاط | BM2: مجموع الساعات | BN2: المعدل الفصلي | BO2: المعدل التراكمي | BP2: التقدير | BQ2: الترتيب
B3: 2024174 | C3: حمزة أبوبكر كابا | D3: 1 | E3: 99 | F3: =VLOOKUP(E3,[1]المرجع!$B$3:$C$12,2) -> 5 | G3: =VLOOKUP(F3,[1]المرجع!$D$3:$E$12,2) -> أ+ | H3: =F3*D3 -> 5 | I3: 2 | J3: 100 | K3: =VLOOKUP(J3,[1]المرجع!$B$3:$C$12,2) -> 5 | L3: =VLOOKUP(K3,[1]المرجع!$D$3:$E$12,2) -> أ+ | M3: =K3*I3 -> 10 | N3: 2 | O3: 100 | P3: =VLOOKUP(O3,[1]المرجع!$B$3:$C$12,2) -> 5 | Q3: =VLOOKUP(P3,[1]المرجع!$D$3:$E$12,2) -> أ+ | R3: =P3*N3 -> 10 | S3: 2 | T3: 98 | U3: =VLOOKUP(T3,[1]المرجع!$B$3:$C$12,2) -> 5 | V3: =VLOOKUP(U3,[1]المرجع!$D$3:$E$12,2) -> أ+ | W3: =U3*S3 -> 10 | X3: 2 | Y3: 100 | Z3: =VLOOKUP(Y3,[1]المرجع!$B$3:$C$12,2) -> 5 | AA3: =VLOOKUP(Z3,[1]المرجع!$D$3:$E$12,2) -> أ+ | AB3: =Z3*X3 -> 10 | AC3: 2 | AD3: 100 | AE3: =VLOOKUP(AD3,[1]المرجع!$B$3:$C$12,2) -> 5 | AF3: =VLOOKUP(AE3,[1]المرجع!$D$3:$E$12,2) -> أ+ | AG3: =AE3*AC3 -> 10 | AH3: 2 | AI3: 100 | AJ3: =VLOOKUP(AI3,[1]المرجع!$B$3:$C$12,2) -> 5 | AK3: =VLOOKUP(AJ3,[1]المرجع!$D$3:$E$12,2) -> أ+ | AL3: =AJ3*AH3 -> 10 | AM3: 2 | AN3: 95 | AO3: =VLOOKUP(AN3,[1]المرجع!$B$3:$C$12,2) -> 5 | AP3: =VLOOKUP(AO3,[1]المرجع!$D$3:$E$12,2) -> أ+ | AQ3: =AO3*AM3 -> 10 | AR3: 2 | AS3: 100 | AT3: =VLOOKUP(AS3,[1]المرجع!$B$3:$C$12,2) -> 5 | AU3: =VLOOKUP(AT3,[1]المرجع!$D$3:$E$12,2) -> أ+ | AV3: =AT3*AR3 -> 10 | AW3: 2 | AX3: 98 | AY3: =VLOOKUP(AX3,[1]المرجع!$B$3:$C$12,2) -> 5 | AZ3: =VLOOKUP(AY3,[1]المرجع!$D$3:$E$12,2) -> أ+ | BA3: =AY3*AW3 -> 10 | BB3: 2 | BC3: 90 | BD3: =VLOOKUP(BC3,[1]المرجع!$B$3:$C$12,2) -> 4.75 | BE3: =VLOOKUP(BD3,[1]المرجع!$D$3:$E$12,2) -> أ | BF3: =BD3*BB3 -> 9.5 | BG3: 2 | BH3: 100 | BI3: =VLOOKUP(BH3,[1]المرجع!$B$3:$C$12,2) -> 5 | BJ3: =VLOOKUP(BI3,[1]المرجع!$D$3:$E$12,2) -> أ+ | BK3: =BI3*BG3 -> 10 | BL3: =BK3+BF3+BA3+AV3+AQ3+AL3+AG3+AB3+W3+R3+M3+H3 -> 114.5 | BM3: =BG3+BB3+AW3+AR3+AM3+AH3+AC3+X3+S3+N3+I3+D3 -> 23 | BN3: =BL3/BM3 -> 4.9782609 | BP3: =VLOOKUP(BN3,[1]المرجع!D$3:F$12,3) -> ممتاز مرتفع | BQ3: =RANK(BN3,$BN$3:$BN$55) -> 1
B4: 2024154 | C4: عمر شريف ماني | D4: 1 | E4: 97 | F4: =VLOOKUP(E4,[1]المرجع!$B$3:$C$12,2) -> 5 | G4: =VLOOKUP(F4,[1]المرجع!$D$3:$E$12,2) -> أ+ | H4: =F4*D4 -> 5 | I4: 2 | J4: 98 | K4: =VLOOKUP(J4,[1]المرجع!$B$3:$C$12,2) -> 5 | L4: =VLOOKUP(K4,[1]المرجع!$D$3:$E$12,2) -> أ+ | M4: =K4*I4 -> 10 | N4: 2 | O4: 99.5 | P4: =VLOOKUP(O4,[1]المرجع!$B$3:$C$12,2) -> 5 | Q4: =VLOOKUP(P4,[1]المرجع!$D$3:$E$12,2) -> أ+ | R4: =P4*N4 -> 10 | S4: 2 | T4: 94 | U4: =VLOOKUP(T4,[1]المرجع!$B$3:$C$12,2) -> 4.75 | V4: =VLOOKUP(U4,[1]المرجع!$D$3:$E$12,2) -> أ | W4: =U4*S4 -> 9.5 | X4: 2 | Y4: 100 | Z4: =VLOOKUP(Y4,[1]المرجع!$B$3:$C$12,2) -> 5 | AA4: =VLOOKUP(Z4,[1]المرجع!$D$3:$E$12,2) -> أ+ | AB4: =Z4*X4 -> 10 | AC4: 2 | AD4: 75 | AE4: =VLOOKUP(AD4,[1]المرجع!$B$3:$C$12,2) -> 3.5 | AF4: =VLOOKUP(AE4,[1]المرجع!$D$3:$E$12,2) -> ج+ | AG4: =AE4*AC4 -> 7 | AH4: 2 | AI4: 97 | AJ4: =VLOOKUP(AI4,[1]المرجع!$B$3:$C$12,2) -> 5 | AK4: =VLOOKUP(AJ4,[1]المرجع!$D$3:$E$12,2) -> أ+ | AL4: =AJ4*AH4 -> 10 | AM4: 2 | AN4: 95 | AO4: =VLOOKUP(AN4,[1]المرجع!$B$3:$C$12,2) -> 5 | AP4: =VLOOKUP(AO4,[1]المرجع!$D$3:$E$12,2) -> أ+ | AQ4: =AO4*AM4 -> 10 | AR4: 2 | AS4: 100 | AT4: =VLOOKUP(AS4,[1]المرجع!$B$3:$C$12,2) -> 5 | AU4: =VLOOKUP(AT4,[1]المرجع!$D$3:$E$12,2) -> أ+ | AV4: =AT4*AR4 -> 10 | AW4: 2 | AX4: 75 | AY4: =VLOOKUP(AX4,[1]المرجع!$B$3:$C$12,2) -> 3.5 | AZ4: =VLOOKUP(AY4,[1]المرجع!$D$3:$E$12,2) -> ج+ | BA4: =AY4*AW4 -> 7 | BB4: 2 | BC4: 90 | BD4: =VLOOKUP(BC4,[1]المرجع!$B$3:$C$12,2) -> 4.75 | BE4: =VLOOKUP(BD4,[1]المرجع!$D$3:$E$12,2) -> أ | BF4: =BD4*BB4 -> 9.5 | BG4: 2 | BH4: 100 | BI4: =VLOOKUP(BH4,[1]المرجع!$B$3:$C$12,2) -> 5 | BJ4: =VLOOKUP(BI4,[1]المرجع!$D$3:$E$12,2) -> أ+ | BK4: =BI4*BG4 -> 10 | BL4: =BK4+BF4+BA4+AV4+AQ4+AL4+AG4+AB4+W4+R4+M4+H4 -> 108 | BM4: =BG4+BB4+AW4+AR4+AM4+AH4+AC4+X4+S4+N4+I4+D4 -> 23 | BN4: =BL4/BM4 -> 4.6956522 | BP4: =VLOOKUP(BN4,[1]المرجع!D$3:F$12,3) -> ممتاز | BQ4: =RANK(BN4,$BN$3:$BN$55) -> 5
B5: 2024153 | C5: مصطفى أبوبكر منجا | D5: 1 | E5: 98 | F5: =VLOOKUP(E5,[1]المرجع!$B$3:$C$12,2) -> 5 | G5: =VLOOKUP(F5,[1]المرجع!$D$3:$E$12,2) -> أ+ | H5: =F5*D5 -> 5 | I5: 2 | J5: 98 | K5: =VLOOKUP(J5,[1]المرجع!$B$3:$C$12,2) -> 5 | L5: =VLOOKUP(K5,[1]المرجع!$D$3:$E$12,2) -> أ+ | M5: =K5*I5 -> 10 | N5: 2 | O5: 97 | P5: =VLOOKUP(O5,[1]المرجع!$B$3:$C$12,2) -> 5 | Q5: =VLOOKUP(P5,[1]المرجع!$D$3:$E$12,2) -> أ+ | R5: =P5*N5 -> 10 | S5: 2 | T5: 94 | U5: =VLOOKUP(T5,[1]المرجع!$B$3:$C$12,2) -> 4.75 | V5: =VLOOKUP(U5,[1]المرجع!$D$3:$E$12,2) -> أ | W5: =U5*S5 -> 9.5 | X5: 2 | Y5: 96 | Z5: =VLOOKUP(Y5,[1]المرجع!$B$3:$C$12,2) -> 5 | AA5: =VLOOKUP(Z5,[1]المرجع!$D$3:$E$12,2) -> أ+ | AB5: =Z5*X5 -> 10 | AC5: 2 | AD5: 75 | AE5: =VLOOKUP(AD5,[1]المرجع!$B$3:$C$12,2) -> 3.5 | AF5: =VLOOKUP(AE5,[1]المرجع!$D$3:$E$12,2) -> ج+ | AG5: =AE5*AC5 -> 7 | AH5: 2 | AI5: 95 | AJ5: =VLOOKUP(AI5,[1]المرجع!$B$3:$C$12,2) -> 5 | AK5: =VLOOKUP(AJ5,[1]المرجع!$D$3:$E$12,2) -> أ+ | AL5: =AJ5*AH5 -> 10 | AM5: 2 | AN5: 95 | AO5: =VLOOKUP(AN5,[1]المرجع!$B$3:$C$12,2) -> 5 | AP5: =VLOOKUP(AO5,[1]المرجع!$D$3:$E$12,2) -> أ+ | AQ5: =AO5*AM5 -> 10 | AR5: 2 | AS5: 100 | AT5: =VLOOKUP(AS5,[1]المرجع!$B$3:$C$12,2) -> 5 | AU5: =VLOOKUP(AT5,[1]المرجع!$D$3:$E$12,2) -> أ+ | AV5: =AT5*AR5 -> 10 | AW5: 2 | AX5: 85 | AY5: =VLOOKUP(AX5,[1]المرجع!$B$3:$C$12,2) -> 4.5 | AZ5: =VLOOKUP(AY5,[1]المرجع!$D$3:$E$12,2) -> ب+ | BA5: =AY5*AW5 -> 9 | BB5: 2 | BC5: 90 | BD5: =VLOOKUP(BC5,[1]المرجع!$B$3:$C$12,2) -> 4.75 | BE5: =VLOOKUP(BD5,[1]المرجع!$D$3:$E$12,2) -> أ | BF5: =BD5*BB5 -> 9.5 | BG5: 2 | BH5: 92 | BI5: =VLOOKUP(BH5,[1]المرجع!$B$3:$C$12,2) -> 4.75 | BJ5: =VLOOKUP(BI5,[1]المرجع!$D$3:$E$12,2) -> أ | BK5: =BI5*BG5 -> 9.5 | BL5: =BK5+BF5+BA5+AV5+AQ5+AL5+AG5+AB5+W5+R5+M5+H5 -> 109.5 | BM5: =BG5+BB5+AW5+AR5+AM5+AH5+AC5+X5+S5+N5+I5+D5 -> 23 | BN5: =BL5/BM5 -> 4.7608696 | BP5: =VLOOKUP(BN5,[1]المرجع!D$3:F$12,3) -> ممتاز مرتفع | BQ5: =RANK(BN5,$BN$3:$BN$55) -> 3
B6: 2024155 | C6: مالا كيبا سيسي | D6: 1 | E6: 94 | F6: =VLOOKUP(E6,[1]المرجع!$B$3:$C$12,2) -> 4.75 | G6: =VLOOKUP(F6,[1]المرجع!$D$3:$E$12,2) -> أ | H6: =F6*D6 -> 4.75 | I6: 2 | J6: 94 | K6: =VLOOKUP(J6,[1]المرجع!$B$3:$C$12,2) -> 4.75 | L6: =VLOOKUP(K6,[1]المرجع!$D$3:$E$12,2) -> أ | M6: =K6*I6 -> 9.5 | N6: 2 | O6: 90 | P6: =VLOOKUP(O6,[1]المرجع!$B$3:$C$12,2) -> 4.75 | Q6: =VLOOKUP(P6,[1]المرجع!$D$3:$E$12,2) -> أ | R6: =P6*N6 -> 9.5 | S6: 2 | T6: 90 | U6: =VLOOKUP(T6,[1]المرجع!$B$3:$C$12,2) -> 4.75 | V6: =VLOOKUP(U6,[1]المرجع!$D$3:$E$12,2) -> أ | W6: =U6*S6 -> 9.5 | X6: 2 | Y6: 95 | Z6: =VLOOKUP(Y6,[1]المرجع!$B$3:$C$12,2) -> 5 | AA6: =VLOOKUP(Z6,[1]المرجع!$D$3:$E$12,2) -> أ+ | AB6: =Z6*X6 -> 10 | AC6: 2 | AD6: 92 | AE6: =VLOOKUP(AD6,[1]المرجع!$B$3:$C$12,2) -> 4.75 | AF6: =VLOOKUP(AE6,[1]المرجع!$D$3:$E$12,2) -> أ | AG6: =AE6*AC6 -> 9.5 | AH6: 2 | AI6: 95 | AJ6: =VLOOKUP(AI6,[1]المرجع!$B$3:$C$12,2) -> 5 | AK6: =VLOOKUP(AJ6,[1]المرجع!$D$3:$E$12,2) -> أ+ | AL6: =AJ6*AH6 -> 10 | AM6: 2 | AN6: 95 | AO6: =VLOOKUP(AN6,[1]المرجع!$B$3:$C$12,2) -> 5 | AP6: =VLOOKUP(AO6,[1]المرجع!$D$3:$E$12,2) -> أ+ | AQ6: =AO6*AM6 -> 10 | AR6: 2 | AS6: 100 | AT6: =VLOOKUP(AS6,[1]المرجع!$B$3:$C$12,2) -> 5 | AU6: =VLOOKUP(AT6,[1]المرجع!$D$3:$E$12,2) -> أ+ | AV6: =AT6*AR6 -> 10 | AW6: 2 | AX6: 80 | AY6: =VLOOKUP(AX6,[1]المرجع!$B$3:$C$12,2) -> 4 | AZ6: =VLOOKUP(AY6,[1]المرجع!$D$3:$E$12,2) -> ب | BA6: =AY6*AW6 -> 8 | BB6: 2 | BC6: 87 | BD6: =VLOOKUP(BC6,[1]المرجع!$B$3:$C$12,2) -> 4.5 | BE6: =VLOOKUP(BD6,[1]المرجع!$D$3:$E$12,2) -> ب+ | BF6: =BD6*BB6 -> 9 | BG6: 2 | BH6: 100 | BI6: =VLOOKUP(BH6,[1]المرجع!$B$3:$C$12,2) -> 5 | BJ6: =VLOOKUP(BI6,[1]المرجع!$D$3:$E$12,2) -> أ+ | BK6: =BI6*BG6 -> 10 | BL6: =BK6+BF6+BA6+AV6+AQ6+AL6+AG6+AB6+W6+R6+M6+H6 -> 109.75 | BM6: =BG6+BB6+AW6+AR6+AM6+AH6+AC6+X6+S6+N6+I6+D6 -> 23 | BN6: =BL6/BM6 -> 4.7717391 | BP6: =VLOOKUP(BN6,[1]المرجع!D$3:F$12,3) -> ممتاز مرتفع | BQ6: =RANK(BN6,$BN$3:$BN$55) -> 2
B7: 2024180 | C7: حليمة مجتبى جالو | D7: 1 | E7: 88 | F7: =VLOOKUP(E7,[1]المرجع!$B$3:$C$12,2) -> 4.5 | G7: =VLOOKUP(F7,[1]المرجع!$D$3:$E$12,2) -> ب+ | H7: =F7*D7 -> 4.5 | I7: 2 | J7: 96 | K7: =VLOOKUP(J7,[1]المرجع!$B$3:$C$12,2) -> 5 | L7: =VLOOKUP(K7,[1]المرجع!$D$3:$E$12,2) -> أ+ | M7: =K7*I7 -> 10 | N7: 2 | O7: 98 | P7: =VLOOKUP(O7,[1]المرجع!$B$3:$C$12,2) -> 5 | Q7: =VLOOKUP(P7,[1]المرجع!$D$3:$E$12,2) -> أ+ | R7: =P7*N7 -> 10 | S7: 2 | T7: 90 | U7: =VLOOKUP(T7,[1]المرجع!$B$3:$C$12,2) -> 4.75 | V7: =VLOOKUP(U7,[1]المرجع!$D$3:$E$12,2) -> أ | W7: =U7*S7 -> 9.5 | X7: 2 | Y7: 95 | Z7: =VLOOKUP(Y7,[1]المرجع!$B$3:$C$12,2) -> 5 | AA7: =VLOOKUP(Z7,[1]المرجع!$D$3:$E$12,2) -> أ+ | AB7: =Z7*X7 -> 10 | AC7: 2 | AD7: 87 | AE7: =VLOOKUP(AD7,[1]المرجع!$B$3:$C$12,2) -> 4.5 | AF7: =VLOOKUP(AE7,[1]المرجع!$D$3:$E$12,2) -> ب+ | AG7: =AE7*AC7 -> 9 | AH7: 2 | AI7: 99 | AJ7: =VLOOKUP(AI7,[1]المرجع!$B$3:$C$12,2) -> 5 | AK7: =VLOOKUP(AJ7,[1]المرجع!$D$3:$E$12,2) -> أ+ | AL7: =AJ7*AH7 -> 10 | AM7: 2 | AN7: 75 | AO7: =VLOOKUP(AN7,[1]المرجع!$B$3:$C$12,2) -> 3.5 | AP7: =VLOOKUP(AO7,[1]المرجع!$D$3:$E$12,2) -> ج+ | AQ7: =AO7*AM7 -> 7 | AR7: 2 | AS7: 100 | AT7: =VLOOKUP(AS7,[1]المرجع!$B$3:$C$12,2) -> 5 | AU7: =VLOOKUP(AT7,[1]المرجع!$D$3:$E$12,2) -> أ+ | AV7: =AT7*AR7 -> 10 | AW7: 2 | AX7: 95 | AY7: =VLOOKUP(AX7,[1]المرجع!$B$3:$C$12,2) -> 5 | AZ7: =VLOOKUP(AY7,[1]المرجع!$D$3:$E$12,2) -> أ+ | BA7: =AY7*AW7 -> 10 | BB7: 2 | BC7: 85 | BD7: =VLOOKUP(BC7,[1]المرجع!$B$3:$C$12,2) -> 4.5 | BE7: =VLOOKUP(BD7,[1]المرجع!$D$3:$E$12,2) -> ب+ | BF7: =BD7*BB7 -> 9 | BG7: 2 | BH7: 100 | BI7: =VLOOKUP(BH7,[1]المرجع!$B$3:$C$12,2) -> 5 | BJ7: =VLOOKUP(BI7,[1]المرجع!$D$3:$E$12,2) -> أ+ | BK7: =BI7*BG7 -> 10 | BL7: =BK7+BF7+BA7+AV7+AQ7+AL7+AG7+AB7+W7+R7+M7+H7 -> 109 | BM7: =BG7+BB7+AW7+AR7+AM7+AH7+AC7+X7+S7+N7+I7+D7 -> 23 | BN7: =BL7/BM7 -> 4.7391304 | BP7: =VLOOKUP(BN7,[1]المرجع!D$3:F$12,3) -> ممتاز | BQ7: =RANK(BN7,$BN$3:$BN$55) -> 4
B8: 2024152 | C8: عبدالله شعيب كروما | D8: 1 | E8: 98 | F8: =VLOOKUP(E8,[1]المرجع!$B$3:$C$12,2) -> 5 | G8: =VLOOKUP(F8,[1]المرجع!$D$3:$E$12,2) -> أ+ | H8: =F8*D8 -> 5 | I8: 2 | J8: 95 | K8: =VLOOKUP(J8,[1]المرجع!$B$3:$C$12,2) -> 5 | L8: =VLOOKUP(K8,[1]المرجع!$D$3:$E$12,2) -> أ+ | M8: =K8*I8 -> 10 | N8: 2 | O8: 95 | P8: =VLOOKUP(O8,[1]المرجع!$B$3:$C$12,2) -> 5 | Q8: =VLOOKUP(P8,[1]المرجع!$D$3:$E$12,2) -> أ+ | R8: =P8*N8 -> 10 | S8: 2 | T8: 95 | U8: =VLOOKUP(T8,[1]المرجع!$B$3:$C$12,2) -> 5 | V8: =VLOOKUP(U8,[1]المرجع!$D$3:$E$12,2) -> أ+ | W8: =U8*S8 -> 10 | X8: 2 | Y8: 93 | Z8: =VLOOKUP(Y8,[1]المرجع!$B$3:$C$12,2) -> 4.75 | AA8: =VLOOKUP(Z8,[1]المرجع!$D$3:$E$12,2) -> أ | AB8: =Z8*X8 -> 9.5 | AC8: 2 | AD8: 59 | AE8: =VLOOKUP(AD8,[1]المرجع!$B$3:$C$12,2) -> 2 | AF8: =VLOOKUP(AE8,[1]المرجع!$D$3:$E$12,2) -> د | AG8: =AE8*AC8 -> 4 | AH8: 2 | AI8: 100 | AJ8: =VLOOKUP(AI8,[1]المرجع!$B$3:$C$12,2) -> 5 | AK8: =VLOOKUP(AJ8,[1]المرجع!$D$3:$E$12,2) -> أ+ | AL8: =AJ8*AH8 -> 10 | AM8: 2 | AN8: 96 | AO8: =VLOOKUP(AN8,[1]المرجع!$B$3:$C$12,2) -> 5 | AP8: =VLOOKUP(AO8,[1]المرجع!$D$3:$E$12,2) -> أ+ | AQ8: =AO8*AM8 -> 10 | AR8: 2 | AS8: 100 | AT8: =VLOOKUP(AS8,[1]المرجع!$B$3:$C$12,2) -> 5 | AU8: =VLOOKUP(AT8,[1]المرجع!$D$3:$E$12,2) -> أ+ | AV8: =AT8*AR8 -> 10 | AW8: 2 | AX8: 75 | AY8: =VLOOKUP(AX8,[1]المرجع!$B$3:$C$12,2) -> 3.5 | AZ8: =VLOOKUP(AY8,[1]المرجع!$D$3:$E$12,2) -> ج+ | BA8: =AY8*AW8 -> 7 | BB8: 2 | BC8: 85 | BD8: =VLOOKUP(BC8,[1]المرجع!$B$3:$C$12,2) -> 4.5 | BE8: =VLOOKUP(BD8,[1]المرجع!$D$3:$E$12,2) -> ب+ | BF8: =BD8*BB8 -> 9 | BG8: 2 | BH8: 95 | BI8: =VLOOKUP(BH8,[1]المرجع!$B$3:$C$12,2) -> 5 | BJ8: =VLOOKUP(BI8,[1]المرجع!$D$3:$E$12,2) -> أ+ | BK8: =BI8*BG8 -> 10 | BL8: =BK8+BF8+BA8+AV8+AQ8+AL8+AG8+AB8+W8+R8+M8+H8 -> 104.5 | BM8: =BG8+BB8+AW8+AR8+AM8+AH8+AC8+X8+S8+N8+I8+D8 -> 23 | BN8: =BL8/BM8 -> 4.5434783 | BP8: =VLOOKUP(BN8,[1]المرجع!D$3:F$12,3) -> جيد جد مرتفع | BQ8: =RANK(BN8,$BN$3:$BN$55) -> 6
B9: 2024178 | C9: عائشة مبارك ديكو | D9: 1 | E9: 95 | F9: =VLOOKUP(E9,[1]المرجع!$B$3:$C$12,2) -> 5 | G9: =VLOOKUP(F9,[1]المرجع!$D$3:$E$12,2) -> أ+ | H9: =F9*D9 -> 5 | I9: 2 | J9: 95 | K9: =VLOOKUP(J9,[1]المرجع!$B$3:$C$12,2) -> 5 | L9: =VLOOKUP(K9,[1]المرجع!$D$3:$E$12,2) -> أ+ | M9: =K9*I9 -> 10 | N9: 2 | O9: 97 | P9: =VLOOKUP(O9,[1]المرجع!$B$3:$C$12,2) -> 5 | Q9: =VLOOKUP(P9,[1]المرجع!$D$3:$E$12,2) -> أ+ | R9: =P9*N9 -> 10 | S9: 2 | T9: 90 | U9: =VLOOKUP(T9,[1]المرجع!$B$3:$C$12,2) -> 4.75 | V9: =VLOOKUP(U9,[1]المرجع!$D$3:$E$12,2) -> أ | W9: =U9*S9 -> 9.5 | X9: 2 | Y9: 97 | Z9: =VLOOKUP(Y9,[1]المرجع!$B$3:$C$12,2) -> 5 | AA9: =VLOOKUP(Z9,[1]المرجع!$D$3:$E$12,2) -> أ+ | AB9: =Z9*X9 -> 10 | AC9: 2 | AD9: 76 | AE9: =VLOOKUP(AD9,[1]المرجع!$B$3:$C$12,2) -> 3.5 | AF9: =VLOOKUP(AE9,[1]المرجع!$D$3:$E$12,2) -> ج+ | AG9: =AE9*AC9 -> 7 | AH9: 2 | AI9: 99 | AJ9: =VLOOKUP(AI9,[1]المرجع!$B$3:$C$12,2) -> 5 | AK9: =VLOOKUP(AJ9,[1]المرجع!$D$3:$E$12,2) -> أ+ | AL9: =AJ9*AH9 -> 10 | AM9: 2 | AN9: 78 | AO9: =VLOOKUP(AN9,[1]المرجع!$B$3:$C$12,2) -> 3.5 | AP9: =VLOOKUP(AO9,[1]المرجع!$D$3:$E$12,2) -> ج+ | AQ9: =AO9*AM9 -> 7 | AR9: 2 | AS9: 100 | AT9: =VLOOKUP(AS9,[1]المرجع!$B$3:$C$12,2) -> 5 | AU9: =VLOOKUP(AT9,[1]المرجع!$D$3:$E$12,2) -> أ+ | AV9: =AT9*AR9 -> 10 | AW9: 2 | AX9: 70 | AY9: =VLOOKUP(AX9,[1]المرجع!$B$3:$C$12,2) -> 3 | AZ9: =VLOOKUP(AY9,[1]المرجع!$D$3:$E$12,2) -> ج | BA9: =AY9*AW9 -> 6 | BB9: 2 | BC9: 83 | BD9: =VLOOKUP(BC9,[1]المرجع!$B$3:$C$12,2) -> 4 | BE9: =VLOOKUP(BD9,[1]المرجع!$D$3:$E$12,2) -> ب | BF9: =BD9*BB9 -> 8 | BG9: 2 | BH9: 100 | BI9: =VLOOKUP(BH9,[1]المرجع!$B$3:$C$12,2) -> 5 | BJ9: =VLOOKUP(BI9,[1]المرجع!$D$3:$E$12,2) -> أ+ | BK9: =BI9*BG9 -> 10 | BL9: =BK9+BF9+BA9+AV9+AQ9+AL9+AG9+AB9+W9+R9+M9+H9 -> 102.5 | BM9: =BG9+BB9+AW9+AR9+AM9+AH9+AC9+X9+S9+N9+I9+D9 -> 23 | BN9: =BL9/BM9 -> 4.4565217 | BP9: =VLOOKUP(BN9,[1]المرجع!D$3:F$12,3) -> جيد جد مرتفع | BQ9: =RANK(BN9,$BN$3:$BN$55) -> 8
B10: 2024303 | C10: أم حواء سراج جالو | D10: 1 | E10: 96 | F10: =VLOOKUP(E10,[1]المرجع!$B$3:$C$12,2) -> 5 | G10: =VLOOKUP(F10,[1]المرجع!$D$3:$E$12,2) -> أ+ | H10: =F10*D10 -> 5 | I10: 2 | J10: 98 | K10: =VLOOKUP(J10,[1]المرجع!$B$3:$C$12,2) -> 5 | L10: =VLOOKUP(K10,[1]المرجع!$D$3:$E$12,2) -> أ+ | M10: =K10*I10 -> 10 | N10: 2 | O10: 88 | P10: =VLOOKUP(O10,[1]المرجع!$B$3:$C$12,2) -> 4.5 | Q10: =VLOOKUP(P10,[1]المرجع!$D$3:$E$12,2) -> ب+ | R10: =P10*N10 -> 9 | S10: 2 | T10: 90 | U10: =VLOOKUP(T10,[1]المرجع!$B$3:$C$12,2) -> 4.75 | V10: =VLOOKUP(U10,[1]المرجع!$D$3:$E$12,2) -> أ | W10: =U10*S10 -> 9.5 | X10: 2 | Y10: 99 | Z10: =VLOOKUP(Y10,[1]المرجع!$B$3:$C$12,2) -> 5 | AA10: =VLOOKUP(Z10,[1]المرجع!$D$3:$E$12,2) -> أ+ | AB10: =Z10*X10 -> 10 | AC10: 2 | AD10: 79 | AE10: =VLOOKUP(AD10,[1]المرجع!$B$3:$C$12,2) -> 3.5 | AF10: =VLOOKUP(AE10,[1]المرجع!$D$3:$E$12,2) -> ج+ | AG10: =AE10*AC10 -> 7 | AH10: 2 | AI10: 100 | AJ10: =VLOOKUP(AI10,[1]المرجع!$B$3:$C$12,2) -> 5 | AK10: =VLOOKUP(AJ10,[1]المرجع!$D$3:$E$12,2) -> أ+ | AL10: =AJ10*AH10 -> 10 | AM10: 2 | AN10: 70 | AO10: =VLOOKUP(AN10,[1]المرجع!$B$3:$C$12,2) -> 3 | AP10: =VLOOKUP(AO10,[1]المرجع!$D$3:$E$12,2) -> ج | AQ10: =AO10*AM10 -> 6 | AR10: 2 | AS10: 100 | AT10: =VLOOKUP(AS10,[1]المرجع!$B$3:$C$12,2) -> 5 | AU10: =VLOOKUP(AT10,[1]المرجع!$D$3:$E$12,2) -> أ+ | AV10: =AT10*AR10 -> 10 | AW10: 2 | AX10: 91 | AY10: =VLOOKUP(AX10,[1]المرجع!$B$3:$C$12,2) -> 4.75 | AZ10: =VLOOKUP(AY10,[1]المرجع!$D$3:$E$12,2) -> أ | BA10: =AY10*AW10 -> 9.5 | BB10: 2 | BC10: 85 | BD10: =VLOOKUP(BC10,[1]المرجع!$B$3:$C$12,2) -> 4.5 | BE10: =VLOOKUP(BD10,[1]المرجع!$D$3:$E$12,2) -> ب+ | BF10: =BD10*BB10 -> 9 | BG10: 2 | BH10: 82 | BI10: =VLOOKUP(BH10,[1]المرجع!$B$3:$C$12,2) -> 4 | BJ10: =VLOOKUP(BI10,[1]المرجع!$D$3:$E$12,2) -> ب | BK10: =BI10*BG10 -> 8 | BL10: =BK10+BF10+BA10+AV10+AQ10+AL10+AG10+AB10+W10+R10+M10+H10 -> 103 | BM10: =BG10+BB10+AW10+AR10+AM10+AH10+AC10+X10+S10+N10+I10+D10 -> 23 | BN10: =BL10/BM10 -> 4.4782609 | BP10: =VLOOKUP(BN10,[1]المرجع!D$3:F$12,3) -> جيد جد مرتفع | BQ10: =RANK(BN10,$BN$3:$BN$55) -> 7
B11: 2024162 | C11: عثمان الحاج باكيبا ديباسي | D11: 1 | E11: 98 | F11: =VLOOKUP(E11,[1]المرجع!$B$3:$C$12,2) -> 5 | G11: =VLOOKUP(F11,[1]المرجع!$D$3:$E$12,2) -> أ+ | H11: =F11*D11 -> 5 | I11: 2 | J11: 96 | K11: =VLOOKUP(J11,[1]المرجع!$B$3:$C$12,2) -> 5 | L11: =VLOOKUP(K11,[1]المرجع!$D$3:$E$12,2) -> أ+ | M11: =K11*I11 -> 10 | N11: 2 | O11: 93 | P11: =VLOOKUP(O11,[1]المرجع!$B$3:$C$12,2) -> 4.75 | Q11: =VLOOKUP(P11,[1]المرجع!$D$3:$E$12,2) -> أ | R11: =P11*N11 -> 9.5 | S11: 2 | T11: 95 | U11: =VLOOKUP(T11,[1]المرجع!$B$3:$C$12,2) -> 5 | V11: =VLOOKUP(U11,[1]المرجع!$D$3:$E$12,2) -> أ+ | W11: =U11*S11 -> 10 | X11: 2 | Y11: 96 | Z11: =VLOOKUP(Y11,[1]المرجع!$B$3:$C$12,2) -> 5 | AA11: =VLOOKUP(Z11,[1]المرجع!$D$3:$E$12,2) -> أ+ | AB11: =Z11*X11 -> 10 | AC11: 2 | AD11: 61 | AE11: =VLOOKUP(AD11,[1]المرجع!$B$3:$C$12,2) -> 2 | AF11: =VLOOKUP(AE11,[1]المرجع!$D$3:$E$12,2) -> د | AG11: =AE11*AC11 -> 4 | AH11: 2 | AI11: 90 | AJ11: =VLOOKUP(AI11,[1]المرجع!$B$3:$C$12,2) -> 4.75 | AK11: =VLOOKUP(AJ11,[1]المرجع!$D$3:$E$12,2) -> أ | AL11: =AJ11*AH11 -> 9.5 | AM11: 2 | AN11: 95 | AO11: =VLOOKUP(AN11,[1]المرجع!$B$3:$C$12,2) -> 5 | AP11: =VLOOKUP(AO11,[1]المرجع!$D$3:$E$12,2) -> أ+ | AQ11: =AO11*AM11 -> 10 | AR11: 2 | AS11: 100 | AT11: =VLOOKUP(AS11,[1]المرجع!$B$3:$C$12,2) -> 5 | AU11: =VLOOKUP(AT11,[1]المرجع!$D$3:$E$12,2) -> أ+ | AV11: =AT11*AR11 -> 10 | AW11: 2 | AX11: 81 | AY11: =VLOOKUP(AX11,[1]المرجع!$B$3:$C$12,2) -> 4 | AZ11: =VLOOKUP(AY11,[1]المرجع!$D$3:$E$12,2) -> ب | BA11: =AY11*AW11 -> 8 | BB11: 2 | BC11: 79 | BD11: =VLOOKUP(BC11,[1]المرجع!$B$3:$C$12,2) -> 3.5 | BE11: =VLOOKUP(BD11,[1]المرجع!$D$3:$E$12,2) -> ج+ | BF11: =BD11*BB11 -> 7 | BG11: 2 | BH11: 84 | BI11: =VLOOKUP(BH11,[1]المرجع!$B$3:$C$12,2) -> 4 | BJ11: =VLOOKUP(BI11,[1]المرجع!$D$3:$E$12,2) -> ب | BK11: =BI11*BG11 -> 8 | BL11: =BK11+BF11+BA11+AV11+AQ11+AL11+AG11+AB11+W11+R11+M11+H11 -> 101 | BM11: =BG11+BB11+AW11+AR11+AM11+AH11+AC11+X11+S11+N11+I11+D11 -> 23 | BN11: =BL11/BM11 -> 4.3913043 | BP11: =VLOOKUP(BN11,[1]المرجع!D$3:F$12,3) -> جيد جد مرتفع | BQ11: =RANK(BN11,$BN$3:$BN$55) -> 9
B12: 2024156 | C12: مختار إبراهيم كمارا | D12: 1 | E12: 97 | F12: =VLOOKUP(E12,[1]المرجع!$B$3:$C$12,2) -> 5 | G12: =VLOOKUP(F12,[1]المرجع!$D$3:$E$12,2) -> أ+ | H12: =F12*D12 -> 5 | I12: 2 | J12: 96 | K12: =VLOOKUP(J12,[1]المرجع!$B$3:$C$12,2) -> 5 | L12: =VLOOKUP(K12,[1]المرجع!$D$3:$E$12,2) -> أ+ | M12: =K12*I12 -> 10 | N12: 2 | O12: 96 | P12: =VLOOKUP(O12,[1]المرجع!$B$3:$C$12,2) -> 5 | Q12: =VLOOKUP(P12,[1]المرجع!$D$3:$E$12,2) -> أ+ | R12: =P12*N12 -> 10 | S12: 2 | T12: 91 | U12: =VLOOKUP(T12,[1]المرجع!$B$3:$C$12,2) -> 4.75 | V12: =VLOOKUP(U12,[1]المرجع!$D$3:$E$12,2) -> أ | W12: =U12*S12 -> 9.5 | X12: 2 | Y12: 97 | Z12: =VLOOKUP(Y12,[1]المرجع!$B$3:$C$12,2) -> 5 | AA12: =VLOOKUP(Z12,[1]المرجع!$D$3:$E$12,2) -> أ+ | AB12: =Z12*X12 -> 10 | AC12: 2 | AD12: 62 | AE12: =VLOOKUP(AD12,[1]المرجع!$B$3:$C$12,2) -> 2 | AF12: =VLOOKUP(AE12,[1]المرجع!$D$3:$E$12,2) -> د | AG12: =AE12*AC12 -> 4 | AH12: 2 | AI12: 100 | AJ12: =VLOOKUP(AI12,[1]المرجع!$B$3:$C$12,2) -> 5 | AK12: =VLOOKUP(AJ12,[1]المرجع!$D$3:$E$12,2) -> أ+ | AL12: =AJ12*AH12 -> 10 | AM12: 2 | AN12: 95 | AO12: =VLOOKUP(AN12,[1]المرجع!$B$3:$C$12,2) -> 5 | AP12: =VLOOKUP(AO12,[1]المرجع!$D$3:$E$12,2) -> أ+ | AQ12: =AO12*AM12 -> 10 | AR12: 2 | AS12: 100 | AT12: =VLOOKUP(AS12,[1]المرجع!$B$3:$C$12,2) -> 5 | AU12: =VLOOKUP(AT12,[1]المرجع!$D$3:$E$12,2) -> أ+ | AV12: =AT12*AR12 -> 10 | AW12: 2 | AX12: 59 | AY12: =VLOOKUP(AX12,[1]المرجع!$B$3:$C$12,2) -> 2 | AZ12: =VLOOKUP(AY12,[1]المرجع!$D$3:$E$12,2) -> د | BA12: =AY12*AW12 -> 4 | BB12: 2 | BC12: 70 | BD12: =VLOOKUP(BC12,[1]المرجع!$B$3:$C$12,2) -> 3 | BE12: =VLOOKUP(BD12,[1]المرجع!$D$3:$E$12,2) -> ج | BF12: =BD12*BB12 -> 6 | BG12: 2 | BH12: 100 | BI12: =VLOOKUP(BH12,[1]المرجع!$B$3:$C$12,2) -> 5 | BJ12: =VLOOKUP(BI12,[1]المرجع!$D$3:$E$12,2) -> أ+ | BK12: =BI12*BG12 -> 10 | BL12: =BK12+BF12+BA12+AV12+AQ12+AL12+AG12+AB12+W12+R12+M12+H12 -> 98.5 | BM12: =BG12+BB12+AW12+AR12+AM12+AH12+AC12+X12+S12+N12+I12+D12 -> 23 | BN12: =BL12/BM12 -> 4.2826087 | BP12: =VLOOKUP(BN12,[1]المرجع!D$3:F$12,3) -> جيد جد مرتفع | BQ12: =RANK(BN12,$BN$3:$BN$55) -> 10
B13: 2024161 | C13: فامر فاندن ساني | D13: 1 | E13: 93 | F13: =VLOOKUP(E13,[1]المرجع!$B$3:$C$12,2) -> 4.75 | G13: =VLOOKUP(F13,[1]المرجع!$D$3:$E$12,2) -> أ | H13: =F13*D13 -> 4.75 | I13: 2 | J13: 94 | K13: =VLOOKUP(J13,[1]المرجع!$B$3:$C$12,2) -> 4.75 | L13: =VLOOKUP(K13,[1]المرجع!$D$3:$E$12,2) -> أ | M13: =K13*I13 -> 9.5 | N13: 2 | O13: 96 | P13: =VLOOKUP(O13,[1]المرجع!$B$3:$C$12,2) -> 5 | Q13: =VLOOKUP(P13,[1]المرجع!$D$3:$E$12,2) -> أ+ | R13: =P13*N13 -> 10 | S13: 2 | T13: 89 | U13: =VLOOKUP(T13,[1]المرجع!$B$3:$C$12,2) -> 4.5 | V13: =VLOOKUP(U13,[1]المرجع!$D$3:$E$12,2) -> ب+ | W13: =U13*S13 -> 9 | X13: 2 | Y13: 95 | Z13: =VLOOKUP(Y13,[1]المرجع!$B$3:$C$12,2) -> 5 | AA13: =VLOOKUP(Z13,[1]المرجع!$D$3:$E$12,2) -> أ+ | AB13: =Z13*X13 -> 10 | AC13: 2 | AD13: 60 | AE13: =VLOOKUP(AD13,[1]المرجع!$B$3:$C$12,2) -> 2 | AF13: =VLOOKUP(AE13,[1]المرجع!$D$3:$E$12,2) -> د | AG13: =AE13*AC13 -> 4 | AH13: 2 | AI13: 100 | AJ13: =VLOOKUP(AI13,[1]المرجع!$B$3:$C$12,2) -> 5 | AK13: =VLOOKUP(AJ13,[1]المرجع!$D$3:$E$12,2) -> أ+ | AL13: =AJ13*AH13 -> 10 | AM13: 2 | AN13: 80 | AO13: =VLOOKUP(AN13,[1]المرجع!$B$3:$C$12,2) -> 4 | AP13: =VLOOKUP(AO13,[1]المرجع!$D$3:$E$12,2) -> ب | AQ13: =AO13*AM13 -> 8 | AR13: 2 | AS13: 95 | AT13: =VLOOKUP(AS13,[1]المرجع!$B$3:$C$12,2) -> 5 | AU13: =VLOOKUP(AT13,[1]المرجع!$D$3:$E$12,2) -> أ+ | AV13: =AT13*AR13 -> 10 | AW13: 2 | AX13: 72 | AY13: =VLOOKUP(AX13,[1]المرجع!$B$3:$C$12,2) -> 3 | AZ13: =VLOOKUP(AY13,[1]المرجع!$D$3:$E$12,2) -> ج | BA13: =AY13*AW13 -> 6 | BB13: 2 | BC13: 75 | BD13: =VLOOKUP(BC13,[1]المرجع!$B$3:$C$12,2) -> 3.5 | BE13: =VLOOKUP(BD13,[1]المرجع!$D$3:$E$12,2) -> ج+ | BF13: =BD13*BB13 -> 7 | BG13: 2 | BH13: 90 | BI13: =VLOOKUP(BH13,[1]المرجع!$B$3:$C$12,2) -> 4.75 | BJ13: =VLOOKUP(BI13,[1]المرجع!$D$3:$E$12,2) -> أ | BK13: =BI13*BG13 -> 9.5 | BL13: =BK13+BF13+BA13+AV13+AQ13+AL13+AG13+AB13+W13+R13+M13+H13 -> 97.75 | BM13: =BG13+BB13+AW13+AR13+AM13+AH13+AC13+X13+S13+N13+I13+D13 -> 23 | BN13: =BL13/BM13 -> 4.25 | BP13: =VLOOKUP(BN13,[1]المرجع!D$3:F$12,3) -> جيد جد مرتفع | BQ13: =RANK(BN13,$BN$3:$BN$55) -> 11
B14: 2024304 | C14: زينب محمد كمارا | D14: 1 | E14: 98 | F14: =VLOOKUP(E14,[1]المرجع!$B$3:$C$12,2) -> 5 | G14: =VLOOKUP(F14,[1]المرجع!$D$3:$E$12,2) -> أ+ | H14: =F14*D14 -> 5 | I14: 2 | J14: 93 | K14: =VLOOKUP(J14,[1]المرجع!$B$3:$C$12,2) -> 4.75 | L14: =VLOOKUP(K14,[1]المرجع!$D$3:$E$12,2) -> أ | M14: =K14*I14 -> 9.5 | N14: 2 | O14: 94.5 | P14: =VLOOKUP(O14,[1]المرجع!$B$3:$C$12,2) -> 4.75 | Q14: =VLOOKUP(P14,[1]المرجع!$D$3:$E$12,2) -> أ | R14: =P14*N14 -> 9.5 | S14: 2 | T14: 90 | U14: =VLOOKUP(T14,[1]المرجع!$B$3:$C$12,2) -> 4.75 | V14: =VLOOKUP(U14,[1]المرجع!$D$3:$E$12,2) -> أ | W14: =U14*S14 -> 9.5 | X14: 2 | Y14: 97 | Z14: =VLOOKUP(Y14,[1]المرجع!$B$3:$C$12,2) -> 5 | AA14: =VLOOKUP(Z14,[1]المرجع!$D$3:$E$12,2) -> أ+ | AB14: =Z14*X14 -> 10 | AC14: 2 | AD14: 69 | AE14: =VLOOKUP(AD14,[1]المرجع!$B$3:$C$12,2) -> 2.5 | AF14: =VLOOKUP(AE14,[1]المرجع!$D$3:$E$12,2) -> د+ | AG14: =AE14*AC14 -> 5 | AH14: 2 | AI14: 99 | AJ14: =VLOOKUP(AI14,[1]المرجع!$B$3:$C$12,2) -> 5 | AK14: =VLOOKUP(AJ14,[1]المرجع!$D$3:$E$12,2) -> أ+ | AL14: =AJ14*AH14 -> 10 | AM14: 2 | AN14: 70 | AO14: =VLOOKUP(AN14,[1]المرجع!$B$3:$C$12,2) -> 3 | AP14: =VLOOKUP(AO14,[1]المرجع!$D$3:$E$12,2) -> ج | AQ14: =AO14*AM14 -> 6 | AR14: 2 | AS14: 100 | AT14: =VLOOKUP(AS14,[1]المرجع!$B$3:$C$12,2) -> 5 | AU14: =VLOOKUP(AT14,[1]المرجع!$D$3:$E$12,2) -> أ+ | AV14: =AT14*AR14 -> 10 | AW14: 2 | AX14: 68 | AY14: =VLOOKUP(AX14,[1]المرجع!$B$3:$C$12,2) -> 2.5 | AZ14: =VLOOKUP(AY14,[1]المرجع!$D$3:$E$12,2) -> د+ | BA14: =AY14*AW14 -> 5 | BB14: 2 | BC14: 75 | BD14: =VLOOKUP(BC14,[1]المرجع!$B$3:$C$12,2) -> 3.5 | BE14: =VLOOKUP(BD14,[1]المرجع!$D$3:$E$12,2) -> ج+ | BF14: =BD14*BB14 -> 7 | BG14: 2 | BH14: 84 | BI14: =VLOOKUP(BH14,[1]المرجع!$B$3:$C$12,2) -> 4 | BJ14: =VLOOKUP(BI14,[1]المرجع!$D$3:$E$12,2) -> ب | BK14: =BI14*BG14 -> 8 | BL14: =BK14+BF14+BA14+AV14+AQ14+AL14+AG14+AB14+W14+R14+M14+H14 -> 94.5 | BM14: =BG14+BB14+AW14+AR14+AM14+AH14+AC14+X14+S14+N14+I14+D14 -> 23 | BN14: =BL14/BM14 -> 4.1086957 | BP14: =VLOOKUP(BN14,[1]المرجع!D$3:F$12,3) -> جيد جد مرتفع | BQ14: =RANK(BN14,$BN$3:$BN$55) -> 17
... B55: 2024171 | C55: يوسف بابا دكوري | D55: 1 | E55: 23 | F55: =VLOOKUP(E55,[1]المرجع!$B$3:$C$12,2) -> 0 | G55: =VLOOKUP(F55,[1]المرجع!$D$3:$E$12,2) -> ه | H55: =F55*D55 -> 0 | I55: 2 | J55: 53 | K55: =VLOOKUP(J55,[1]المرجع!$B$3:$C$12,2) -> 2 | L55: =VLOOKUP(K55,[1]المرجع!$D$3:$E$12,2) -> د | M55: =K55*I55 -> 4 | N55: 2 | O55: 0 | P55: =VLOOKUP(O55,[1]المرجع!$B$3:$C$12,2) -> 0 | Q55: =VLOOKUP(P55,[1]المرجع!$D$3:$E$12,2) -> ه | R55: =P55*N55 -> 0 | S55: 2 | T55: 30 | U55: =VLOOKUP(T55,[1]المرجع!$B$3:$C$12,2) -> 0 | V55: =VLOOKUP(U55,[1]المرجع!$D$3:$E$12,2) -> ه | W55: =U55*S55 -> 0 | X55: 2 | Y55: 15 | Z55: =VLOOKUP(Y55,[1]المرجع!$B$3:$C$12,2) -> 0 | AA55: =VLOOKUP(Z55,[1]المرجع!$D$3:$E$12,2) -> ه | AB55: =Z55*X55 -> 0 | AC55: 2 | AD55: 0 | AE55: =VLOOKUP(AD55,[1]المرجع!$B$3:$C$12,2) -> 0 | AF55: =VLOOKUP(AE55,[1]المرجع!$D$3:$E$12,2) -> ه | AG55: =AE55*AC55 -> 0 | AH55: 2 | AI55: 35 | AJ55: =VLOOKUP(AI55,[1]المرجع!$B$3:$C$12,2) -> 0 | AK55: =VLOOKUP(AJ55,[1]المرجع!$D$3:$E$12,2) -> ه | AL55: =AJ55*AH55 -> 0 | AM55: 2 | AN55: 15 | AO55: =VLOOKUP(AN55,[1]المرجع!$B$3:$C$12,2) -> 0 | AP55: =VLOOKUP(AO55,[1]المرجع!$D$3:$E$12,2) -> ه | AQ55: =AO55*AM55 -> 0 | AR55: 2 | AS55: 50 | AT55: =VLOOKUP(AS55,[1]المرجع!$B$3:$C$12,2) -> 2 | AU55: =VLOOKUP(AT55,[1]المرجع!$D$3:$E$12,2) -> د | AV55: =AT55*AR55 -> 4 | AW55: 2 | AX55: 21 | AY55: =VLOOKUP(AX55,[1]المرجع!$B$3:$C$12,2) -> 0 | AZ55: =VLOOKUP(AY55,[1]المرجع!$D$3:$E$12,2) -> ه | BA55: =AY55*AW55 -> 0 | BB55: 2 | BC55: 35 | BD55: =VLOOKUP(BC55,[1]المرجع!$B$3:$C$12,2) -> 0 | BE55: =VLOOKUP(BD55,[1]المرجع!$D$3:$E$12,2) -> ه | BF55: =BD55*BB55 -> 0 | BG55: 2 | BH55: 66 | BI55: =VLOOKUP(BH55,[1]المرجع!$B$3:$C$12,2) -> 2.5 | BJ55: =VLOOKUP(BI55,[1]المرجع!$D$3:$E$12,2) -> د+ | BK55: =BI55*BG55 -> 5 | BL55: =BK55+BF55+BA55+AV55+AQ55+AL55+AG55+AB55+W55+R55+M55+H55 -> 13 | BM55: =BG55+BB55+AW55+AR55+AM55+AH55+AC55+X55+S55+N55+I55+D55 -> 23 | BN55: =BL55/BM55 -> 0.56521739 | BP55: =VLOOKUP(BN55,[1]المرجع!D$3:F$12,3) -> راسب | BQ55: =RANK(BN55,$BN$3:$BN$55) -> 53

Sheet المستوى الثاني 
B1: رقم الجامعي | C1: أسماء الطلبة | D1: الساعة | E1: القرآن الكريم | F1: الوزن | G1: الرمز | H1: النقاط | I1: الساعة | J1: رواة الحديث | K1: الوزن | L1: الرمز | M1: النقاط | N1: الساعة | O1: مصطلح الحديث | P1: الوزن | Q1: الرمز | R1: النقاط | S1: الساعة | T1: مناهج المحديثن | U1: الوزن | V1: الرمز | W1: النقاط | X1: الساعة | Y1: الحديث التحليلي | Z1: الوزن | AA1: الرمز | AB1: النقاط | AC1: الساعة | AD1: التفسير1 | AE1: الوزن | AF1: الرمز | AG1: النقاط | AH1: الساعة | AI1: الفقه 2 | AJ1: الوزن | AK1: الرمز | AL1: النقاط | AM1: الساعة | AN1: النحو (2) | AO1: الوزن | AP1: الرمز | AQ1: النقاط | AR1: الساعة | AS1: الحاسوب | AT1: الوزن | AU1: الرمز | AV1: النقاط | AW1: الساعة | AX1: English(2) | AY1: الوزن | AZ1: الرمز | BA1: النقاط | BB1: مجموع النقاط | BC1: مجموع الساعات | BD1: المعدل الفصلي | BE1: المعدل التراكمي | BF1: التقدير | BG1: الترتيب
B2: 2024174 | C2: حمزة أبوبكر كابا | D2: 1 | E2: 100 | F2: =VLOOKUP(E2,المرجع!$B$2:$C$11,2) -> 5 | G2: =VLOOKUP(F2,المرجع!$D$2:$E$11,2) -> أ+ | H2: =F2*D2 -> 5 | I2: 2 | J2: 100 | K2: =VLOOKUP(J2,المرجع!$B$2:$C$11,2) -> 5 | L2: =VLOOKUP(K2,[1]المرجع!$D$3:$E$12,2) -> أ+ | M2: =K2*I2 -> 10 | N2: 3 | O2: 100 | P2: =VLOOKUP(O2,المرجع!$B$2:$C$11,2) -> 5 | Q2: =VLOOKUP(P2,[1]المرجع!$D$3:$E$12,2) -> أ+ | R2: =P2*N2 -> 15 | S2: 3 | T2: 100 | U2: =VLOOKUP(T2,المرجع!$B$2:$C$11,2) -> 5 | V2: =VLOOKUP(U2,[1]المرجع!$D$3:$E$12,2) -> أ+ | W2: =U2*S2 -> 15 | X2: 3 | Y2: 100 | Z2: =VLOOKUP(Y2,المرجع!$B$2:$C$11,2) -> 5 | AA2: =VLOOKUP(Z2,[1]المرجع!$D$3:$E$12,2) -> أ+ | AB2: =Z2*X2 -> 15 | AC2: 2 | AD2: 100 | AE2: =VLOOKUP(AD2,المرجع!$B$2:$C$11,2) -> 5 | AF2: =VLOOKUP(AE2,[1]المرجع!$D$3:$E$12,2) -> أ+ | AG2: =AE2*AC2 -> 10 | AH2: 2 | AI2: 99 | AJ2: =VLOOKUP(AI2,المرجع!$B$2:$C$11,2) -> 5 | AK2: =VLOOKUP(AJ2,[1]المرجع!$D$3:$E$12,2) -> أ+ | AL2: =AJ2*AH2 -> 10 | AM2: 2 | AN2: 100 | AO2: =VLOOKUP(AN2,المرجع!$B$2:$C$11,2) -> 5 | AP2: =VLOOKUP(AO2,[1]المرجع!$D$3:$E$12,2) -> أ+ | AQ2: =AO2*AM2 -> 10 | AR2: 2 | AS2: 100 | AT2: =VLOOKUP(AS2,المرجع!$B$2:$C$11,2) -> 5 | AU2: =VLOOKUP(AT2,[1]المرجع!$D$3:$E$12,2) -> أ+ | AV2: =AT2*AR2 -> 10 | AW2: 2 | AX2: 94 | AY2: =VLOOKUP(AX2,المرجع!$B$2:$C$11,2) -> 4.75 | AZ2: =VLOOKUP(AY2,[1]المرجع!$D$3:$E$12,2) -> أ | BA2: =AY2*AW2 -> 9.5 | BB2: =BA2+AV2+AQ2+AL2+AG2+AB2+W2+R2+M2+H2 -> 109.5 | BC2: =AW2+AR2+AM2+AH2+AC2+X2+S2+N2+I2+D2 -> 22 | BD2: =BB2/BC2 -> 4.9772727 | BE2: =(BB2+'المستوى الأول '!BL3)/('المستوى الأول '!BM3+'المستوى الثاني '!BC2) -> 4.9777778 | BF2: =VLOOKUP(BE2,المرجع!$D$3:$F$11,3,TRUE) -> ممتاز مرتفع | BG2: =RANK(BD2,$BD$2:$BD$46) -> 1
B3: 2024156 | C3: مختار إبراهيم كمارا | D3: 1 | E3: 99 | F3: =VLOOKUP(E3,المرجع!$B$2:$C$11,2) -> 5 | G3: =VLOOKUP(F3,المرجع!$D$2:$E$11,2) -> أ+ | H3: =F3*D3 -> 5 | I3: 2 | J3: 87 | K3: =VLOOKUP(J3,المرجع!$B$2:$C$11,2) -> 4.5 | L3: =VLOOKUP(K3,[1]المرجع!$D$3:$E$12,2) -> ب+ | M3: =K3*I3 -> 9 | N3: 3 | O3: 99 | P3: =VLOOKUP(O3,المرجع!$B$2:$C$11,2) -> 5 | Q3: =VLOOKUP(P3,[1]المرجع!$D$3:$E$12,2) -> أ+ | R3: =P3*N3 -> 15 | S3: 3 | T3: 96 | U3: =VLOOKUP(T3,المرجع!$B$2:$C$11,2) -> 5 | V3: =VLOOKUP(U3,[1]المرجع!$D$3:$E$12,2) -> أ+ | W3: =U3*S3 -> 15 | X3: 3 | Y3: 100 | Z3: =VLOOKUP(Y3,المرجع!$B$2:$C$11,2) -> 5 | AA3: =VLOOKUP(Z3,[1]المرجع!$D$3:$E$12,2) -> أ+ | AB3: =Z3*X3 -> 15 | AC3: 2 | AD3: 89 | AE3: =VLOOKUP(AD3,المرجع!$B$2:$C$11,2) -> 4.5 | AF3: =VLOOKUP(AE3,[1]المرجع!$D$3:$E$12,2) -> ب+ | AG3: =AE3*AC3 -> 9 | AH3: 2 | AI3: 91 | AJ3: =VLOOKUP(AI3,المرجع!$B$2:$C$11,2) -> 4.75 | AK3: =VLOOKUP(AJ3,[1]المرجع!$D$3:$E$12,2) -> أ | AL3: =AJ3*AH3 -> 9.5 | AM3: 2 | AN3: 95 | AO3: =VLOOKUP(AN3,المرجع!$B$2:$C$11,2) -> 5 | AP3: =VLOOKUP(AO3,[1]المرجع!$D$3:$E$12,2) -> أ+ | AQ3: =AO3*AM3 -> 10 | AR3: 2 | AS3: 100 | AT3: =VLOOKUP(AS3,المرجع!$B$2:$C$11,2) -> 5 | AU3: =VLOOKUP(AT3,[1]المرجع!$D$3:$E$12,2) -> أ+ | AV3: =AT3*AR3 -> 10 | AW3: 2 | AX3: 100 | AY3: =VLOOKUP(AX3,المرجع!$B$2:$C$11,2) -> 5 | AZ3: =VLOOKUP(AY3,[1]المرجع!$D$3:$E$12,2) -> أ+ | BA3: =AY3*AW3 -> 10 | BB3: =BA3+AV3+AQ3+AL3+AG3+AB3+W3+R3+M3+H3 -> 107.5 | BC3: =AW3+AR3+AM3+AH3+AC3+X3+S3+N3+I3+D3 -> 22 | BD3: =BB3/BC3 -> 4.8863636 | BE3: =(BB3+'المستوى الأول '!BL4)/('المستوى الأول '!BM4+'المستوى الثاني '!BC3) -> 4.7888889 | BF3: =VLOOKUP(BE3,المرجع!$D$3:$F$11,3,TRUE) -> ممتاز مرتفع | BG3: =RANK(BD3,$BD$2:$BD$46) -> 2
B4: 2024154 | C4: عمر شريف ماني | D4: 1 | E4: 96 | F4: =VLOOKUP(E4,المرجع!$B$2:$C$11,2) -> 5 | G4: =VLOOKUP(F4,المرجع!$D$2:$E$11,2) -> أ+ | H4: =F4*D4 -> 5 | I4: 2 | J4: 82 | K4: =VLOOKUP(J4,المرجع!$B$2:$C$11,2) -> 4 | L4: =VLOOKUP(K4,[1]المرجع!$D$3:$E$12,2) -> ب | M4: =K4*I4 -> 8 | N4: 3 | O4: 100 | P4: =VLOOKUP(O4,المرجع!$B$2:$C$11,2) -> 5 | Q4: =VLOOKUP(P4,[1]المرجع!$D$3:$E$12,2) -> أ+ | R4: =P4*N4 -> 15 | S4: 3 | T4: 92 | U4: =VLOOKUP(T4,المرجع!$B$2:$C$11,2) -> 4.75 | V4: =VLOOKUP(U4,[1]المرجع!$D$3:$E$12,2) -> أ | W4: =U4*S4 -> 14.25 | X4: 3 | Y4: 100 | Z4: =VLOOKUP(Y4,المرجع!$B$2:$C$11,2) -> 5 | AA4: =VLOOKUP(Z4,[1]المرجع!$D$3:$E$12,2) -> أ+ | AB4: =Z4*X4 -> 15 | AC4: 2 | AD4: 89 | AE4: =VLOOKUP(AD4,المرجع!$B$2:$C$11,2) -> 4.5 | AF4: =VLOOKUP(AE4,[1]المرجع!$D$3:$E$12,2) -> ب+ | AG4: =AE4*AC4 -> 9 | AH4: 2 | AI4: 90 | AJ4: =VLOOKUP(AI4,المرجع!$B$2:$C$11,2) -> 4.75 | AK4: =VLOOKUP(AJ4,[1]المرجع!$D$3:$E$12,2) -> أ | AL4: =AJ4*AH4 -> 9.5 | AM4: 2 | AN4: 95 | AO4: =VLOOKUP(AN4,المرجع!$B$2:$C$11,2) -> 5 | AP4: =VLOOKUP(AO4,[1]المرجع!$D$3:$E$12,2) -> أ+ | AQ4: =AO4*AM4 -> 10 | AR4: 2 | AS4: 90 | AT4: =VLOOKUP(AS4,المرجع!$B$2:$C$11,2) -> 4.75 | AU4: =VLOOKUP(AT4,[1]المرجع!$D$3:$E$12,2) -> أ | AV4: =AT4*AR4 -> 9.5 | AW4: 2 | AX4: 94 | AY4: =VLOOKUP(AX4,المرجع!$B$2:$C$11,2) -> 4.75 | AZ4: =VLOOKUP(AY4,[1]المرجع!$D$3:$E$12,2) -> أ | BA4: =AY4*AW4 -> 9.5 | BB4: =BA4+AV4+AQ4+AL4+AG4+AB4+W4+R4+M4+H4 -> 104.75 | BC4: =AW4+AR4+AM4+AH4+AC4+X4+S4+N4+I4+D4 -> 22 | BD4: =BB4/BC4 -> 4.7613636 | BE4: =(BB4+'المستوى الأول '!BL5)/('المستوى الأول '!BM5+'المستوى الثاني '!BC4) -> 4.7611111 | BF4: =VLOOKUP(BE4,المرجع!$D$3:$F$11,3,TRUE) -> ممتاز مرتفع | BG4: =RANK(BD4,$BD$2:$BD$46) -> 4
B5: 2024153 | C5: مصطفى أبوبكر منجا | D5: 1 | E5: 97 | F5: =VLOOKUP(E5,المرجع!$B$2:$C$11,2) -> 5 | G5: =VLOOKUP(F5,المرجع!$D$2:$E$11,2) -> أ+ | H5: =F5*D5 -> 5 | I5: 2 | J5: 83 | K5: =VLOOKUP(J5,المرجع!$B$2:$C$11,2) -> 4 | L5: =VLOOKUP(K5,[1]المرجع!$D$3:$E$12,2) -> ب | M5: =K5*I5 -> 8 | N5: 3 | O5: 100 | P5: =VLOOKUP(O5,المرجع!$B$2:$C$11,2) -> 5 | Q5: =VLOOKUP(P5,[1]المرجع!$D$3:$E$12,2) -> أ+ | R5: =P5*N5 -> 15 | S5: 3 | T5: 97 | U5: =VLOOKUP(T5,المرجع!$B$2:$C$11,2) -> 5 | V5: =VLOOKUP(U5,[1]المرجع!$D$3:$E$12,2) -> أ+ | W5: =U5*S5 -> 15 | X5: 3 | Y5: 95 | Z5: =VLOOKUP(Y5,المرجع!$B$2:$C$11,2) -> 5 | AA5: =VLOOKUP(Z5,[1]المرجع!$D$3:$E$12,2) -> أ+ | AB5: =Z5*X5 -> 15 | AC5: 2 | AD5: 92 | AE5: =VLOOKUP(AD5,المرجع!$B$2:$C$11,2) -> 4.75 | AF5: =VLOOKUP(AE5,[1]المرجع!$D$3:$E$12,2) -> أ | AG5: =AE5*AC5 -> 9.5 | AH5: 2 | AI5: 90 | AJ5: =VLOOKUP(AI5,المرجع!$B$2:$C$11,2) -> 4.75 | AK5: =VLOOKUP(AJ5,[1]المرجع!$D$3:$E$12,2) -> أ | AL5: =AJ5*AH5 -> 9.5 | AM5: 2 | AN5: 94 | AO5: =VLOOKUP(AN5,المرجع!$B$2:$C$11,2) -> 4.75 | AP5: =VLOOKUP(AO5,[1]المرجع!$D$3:$E$12,2) -> أ | AQ5: =AO5*AM5 -> 9.5 | AR5: 2 | AS5: 85 | AT5: =VLOOKUP(AS5,المرجع!$B$2:$C$11,2) -> 4.5 | AU5: =VLOOKUP(AT5,[1]المرجع!$D$3:$E$12,2) -> ب+ | AV5: =AT5*AR5 -> 9 | AW5: 2 | AX5: 94 | AY5: =VLOOKUP(AX5,المرجع!$B$2:$C$11,2) -> 4.75 | AZ5: =VLOOKUP(AY5,[1]المرجع!$D$3:$E$12,2) -> أ | BA5: =AY5*AW5 -> 9.5 | BB5: =BA5+AV5+AQ5+AL5+AG5+AB5+W5+R5+M5+H5 -> 105 | BC5: =AW5+AR5+AM5+AH5+AC5+X5+S5+N5+I5+D5 -> 22 | BD5: =BB5/BC5 -> 4.7727273 | BE5: =(BB5+'المستوى الأول '!BL6)/('المستوى الأول '!BM6+'المستوى الثاني '!BC5) -> 4.7722222 | BF5: =VLOOKUP(BE5,المرجع!$D$3:$F$11,3,TRUE) -> ممتاز مرتفع | BG5: =RANK(BD5,$BD$2:$BD$46) -> 3
B6: 2024180 | C6: حليمة مجتبى جالو | D6: 1 | E6: 90 | F6: =VLOOKUP(E6,المرجع!$B$2:$C$11,2) -> 4.75 | G6: =VLOOKUP(F6,المرجع!$D$2:$E$11,2) -> أ | H6: =F6*D6 -> 4.75 | I6: 2 | J6: 64 | K6: =VLOOKUP(J6,المرجع!$B$2:$C$11,2) -> 2 | L6: =VLOOKUP(K6,[1]المرجع!$D$3:$E$12,2) -> د | M6: =K6*I6 -> 4 | N6: 3 | O6: 95 | P6: =VLOOKUP(O6,المرجع!$B$2:$C$11,2) -> 5 | Q6: =VLOOKUP(P6,[1]المرجع!$D$3:$E$12,2) -> أ+ | R6: =P6*N6 -> 15 | S6: 3 | T6: 96 | U6: =VLOOKUP(T6,المرجع!$B$2:$C$11,2) -> 5 | V6: =VLOOKUP(U6,[1]المرجع!$D$3:$E$12,2) -> أ+ | W6: =U6*S6 -> 15 | X6: 3 | Y6: 95 | Z6: =VLOOKUP(Y6,المرجع!$B$2:$C$11,2) -> 5 | AA6: =VLOOKUP(Z6,[1]المرجع!$D$3:$E$12,2) -> أ+ | AB6: =Z6*X6 -> 15 | AC6: 2 | AD6: 93 | AE6: =VLOOKUP(AD6,المرجع!$B$2:$C$11,2) -> 4.75 | AF6: =VLOOKUP(AE6,[1]المرجع!$D$3:$E$12,2) -> أ | AG6: =AE6*AC6 -> 9.5 | AH6: 2 | AI6: 100 | AJ6: =VLOOKUP(AI6,المرجع!$B$2:$C$11,2) -> 5 | AK6: =VLOOKUP(AJ6,[1]المرجع!$D$3:$E$12,2) -> أ+ | AL6: =AJ6*AH6 -> 10 | AM6: 2 | AN6: 85 | AO6: =VLOOKUP(AN6,المرجع!$B$2:$C$11,2) -> 4.5 | AP6: =VLOOKUP(AO6,[1]المرجع!$D$3:$E$12,2) -> ب+ | AQ6: =AO6*AM6 -> 9 | AR6: 2 | AS6: 100 | AT6: =VLOOKUP(AS6,المرجع!$B$2:$C$11,2) -> 5 | AU6: =VLOOKUP(AT6,[1]المرجع!$D$3:$E$12,2) -> أ+ | AV6: =AT6*AR6 -> 10 | AW6: 2 | AX6: 94 | AY6: =VLOOKUP(AX6,المرجع!$B$2:$C$11,2) -> 4.75 | AZ6: =VLOOKUP(AY6,[1]المرجع!$D$3:$E$12,2) -> أ | BA6: =AY6*AW6 -> 9.5 | BB6: =BA6+AV6+AQ6+AL6+AG6+AB6+W6+R6+M6+H6 -> 101.75 | BC6: =AW6+AR6+AM6+AH6+AC6+X6+S6+N6+I6+D6 -> 22 | BD6: =BB6/BC6 -> 4.625 | BE6: =(BB6+'المستوى الأول '!BL7)/('المستوى الأول '!BM7+'المستوى الثاني '!BC6) -> 4.6833333 | BF6: =VLOOKUP(BE6,المرجع!$D$3:$F$11,3,TRUE) -> ممتاز | BG6: =RANK(BD6,$BD$2:$BD$46) -> 6
B7: 2024205 | C7: فاطمة بنغالي جاورى | D7: 1 | E7: 92 | F7: =VLOOKUP(E7,المرجع!$B$2:$C$11,2) -> 4.75 | G7: =VLOOKUP(F7,المرجع!$D$2:$E$11,2) -> أ | H7: =F7*D7 -> 4.75 | I7: 2 | J7: 82 | K7: =VLOOKUP(J7,المرجع!$B$2:$C$11,2) -> 4 | L7: =VLOOKUP(K7,[1]المرجع!$D$3:$E$12,2) -> ب | M7: =K7*I7 -> 8 | N7: 3 | O7: 87 | P7: =VLOOKUP(O7,المرجع!$B$2:$C$11,2) -> 4.5 | Q7: =VLOOKUP(P7,[1]المرجع!$D$3:$E$12,2) -> ب+ | R7: =P7*N7 -> 13.5 | S7: 3 | T7: 93 | U7: =VLOOKUP(T7,المرجع!$B$2:$C$11,2) -> 4.75 | V7: =VLOOKUP(U7,[1]المرجع!$D$3:$E$12,2) -> أ | W7: =U7*S7 -> 14.25 | X7: 3 | Y7: 95 | Z7: =VLOOKUP(Y7,المرجع!$B$2:$C$11,2) -> 5 | AA7: =VLOOKUP(Z7,[1]المرجع!$D$3:$E$12,2) -> أ+ | AB7: =Z7*X7 -> 15 | AC7: 2 | AD7: 88 | AE7: =VLOOKUP(AD7,المرجع!$B$2:$C$11,2) -> 4.5 | AF7: =VLOOKUP(AE7,[1]المرجع!$D$3:$E$12,2) -> ب+ | AG7: =AE7*AC7 -> 9 | AH7: 2 | AI7: 100 | AJ7: =VLOOKUP(AI7,المرجع!$B$2:$C$11,2) -> 5 | AK7: =VLOOKUP(AJ7,[1]المرجع!$D$3:$E$12,2) -> أ+ | AL7: =AJ7*AH7 -> 10 | AM7: 2 | AN7: 90 | AO7: =VLOOKUP(AN7,المرجع!$B$2:$C$11,2) -> 4.75 | AP7: =VLOOKUP(AO7,[1]المرجع!$D$3:$E$12,2) -> أ | AQ7: =AO7*AM7 -> 9.5 | AR7: 2 | AS7: 97 | AT7: =VLOOKUP(AS7,المرجع!$B$2:$C$11,2) -> 5 | AU7: =VLOOKUP(AT7,[1]المرجع!$D$3:$E$12,2) -> أ+ | AV7: =AT7*AR7 -> 10 | AW7: 2 | AX7: 81 | AY7: =VLOOKUP(AX7,المرجع!$B$2:$C$11,2) -> 4 | AZ7: =VLOOKUP(AY7,[1]المرجع!$D$3:$E$12,2) -> ب | BA7: =AY7*AW7 -> 8 | BB7: =BA7+AV7+AQ7+AL7+AG7+AB7+W7+R7+M7+H7 -> 102 | BC7: =AW7+AR7+AM7+AH7+AC7+X7+S7+N7+I7+D7 -> 22 | BD7: =BB7/BC7 -> 4.6363636 | BE7: =(BB7+'المستوى الأول '!BL8)/('المستوى الأول '!BM8+'المستوى الثاني '!BC7) -> 4.5888889 | BF7: =VLOOKUP(BE7,المرجع!$D$3:$F$11,3,TRUE) -> جيد جد مرتفع | BG7: =RANK(BD7,$BD$2:$BD$46) -> 5
B8: 2024178 | C8: عائشة مبارك ديكو | D8: 1 | E8: 90 | F8: =VLOOKUP(E8,المرجع!$B$2:$C$11,2) -> 4.75 | G8: =VLOOKUP(F8,المرجع!$D$2:$E$11,2) -> أ | H8: =F8*D8 -> 4.75 | I8: 2 | J8: 68 | K8: =VLOOKUP(J8,المرجع!$B$2:$C$11,2) -> 2.5 | L8: =VLOOKUP(K8,[1]المرجع!$D$3:$E$12,2) -> د+ | M8: =K8*I8 -> 5 | N8: 3 | O8: 93 | P8: =VLOOKUP(O8,المرجع!$B$2:$C$11,2) -> 4.75 | Q8: =VLOOKUP(P8,[1]المرجع!$D$3:$E$12,2) -> أ | R8: =P8*N8 -> 14.25 | S8: 3 | T8: 96 | U8: =VLOOKUP(T8,المرجع!$B$2:$C$11,2) -> 5 | V8: =VLOOKUP(U8,[1]المرجع!$D$3:$E$12,2) -> أ+ | W8: =U8*S8 -> 15 | X8: 3 | Y8: 97 | Z8: =VLOOKUP(Y8,المرجع!$B$2:$C$11,2) -> 5 | AA8: =VLOOKUP(Z8,[1]المرجع!$D$3:$E$12,2) -> أ+ | AB8: =Z8*X8 -> 15 | AC8: 2 | AD8: 87 | AE8: =VLOOKUP(AD8,المرجع!$B$2:$C$11,2) -> 4.5 | AF8: =VLOOKUP(AE8,[1]المرجع!$D$3:$E$12,2) -> ب+ | AG8: =AE8*AC8 -> 9 | AH8: 2 | AI8: 100 | AJ8: =VLOOKUP(AI8,المرجع!$B$2:$C$11,2) -> 5 | AK8: =VLOOKUP(AJ8,[1]المرجع!$D$3:$E$12,2) -> أ+ | AL8: =AJ8*AH8 -> 10 | AM8: 2 | AN8: 85 | AO8: =VLOOKUP(AN8,المرجع!$B$2:$C$11,2) -> 4.5 | AP8: =VLOOKUP(AO8,[1]المرجع!$D$3:$E$12,2) -> ب+ | AQ8: =AO8*AM8 -> 9 | AR8: 2 | AS8: 85 | AT8: =VLOOKUP(AS8,المرجع!$B$2:$C$11,2) -> 4.5 | AU8: =VLOOKUP(AT8,[1]المرجع!$D$3:$E$12,2) -> ب+ | AV8: =AT8*AR8 -> 9 | AW8: 2 | AX8: 100 | AY8: =VLOOKUP(AX8,المرجع!$B$2:$C$11,2) -> 5 | AZ8: =VLOOKUP(AY8,[1]المرجع!$D$3:$E$12,2) -> أ+ | BA8: =AY8*AW8 -> 10 | BB8: =BA8+AV8+AQ8+AL8+AG8+AB8+W8+R8+M8+H8 -> 101 | BC8: =AW8+AR8+AM8+AH8+AC8+X8+S8+N8+I8+D8 -> 22 | BD8: =BB8/BC8 -> 4.5909091 | BE8: =(BB8+'المستوى الأول '!BL9)/('المستوى الأول '!BM9+'المستوى الثاني '!BC8) -> 4.5222222 | BF8: =VLOOKUP(BE8,المرجع!$D$3:$F$11,3,TRUE) -> جيد جد مرتفع | BG8: =RANK(BD8,$BD$2:$BD$46) -> 7
B9: 2024304 | C9: زينب محمد كمارا | D9: 1 | E9: 96 | F9: =VLOOKUP(E9,المرجع!$B$2:$C$11,2) -> 5 | G9: =VLOOKUP(F9,المرجع!$D$2:$E$11,2) -> أ+ | H9: =F9*D9 -> 5 | I9: 2 | J9: 73 | K9: =VLOOKUP(J9,المرجع!$B$2:$C$11,2) -> 3 | L9: =VLOOKUP(K9,[1]المرجع!$D$3:$E$12,2) -> ج | M9: =K9*I9 -> 6 | N9: 3 | O9: 80 | P9: =VLOOKUP(O9,المرجع!$B$2:$C$11,2) -> 4 | Q9: =VLOOKUP(P9,[1]المرجع!$D$3:$E$12,2) -> ب | R9: =P9*N9 -> 12 | S9: 3 | T9: 100 | U9: =VLOOKUP(T9,المرجع!$B$2:$C$11,2) -> 5 | V9: =VLOOKUP(U9,[1]المرجع!$D$3:$E$12,2) -> أ+ | W9: =U9*S9 -> 15 | X9: 3 | Y9: 92 | Z9: =VLOOKUP(Y9,المرجع!$B$2:$C$11,2) -> 4.75 | AA9: =VLOOKUP(Z9,[1]المرجع!$D$3:$E$12,2) -> أ | AB9: =Z9*X9 -> 14.25 | AC9: 2 | AD9: 92 | AE9: =VLOOKUP(AD9,المرجع!$B$2:$C$11,2) -> 4.75 | AF9: =VLOOKUP(AE9,[1]المرجع!$D$3:$E$12,2) -> أ | AG9: =AE9*AC9 -> 9.5 | AH9: 2 | AI9: 100 | AJ9: =VLOOKUP(AI9,المرجع!$B$2:$C$11,2) -> 5 | AK9: =VLOOKUP(AJ9,[1]المرجع!$D$3:$E$12,2) -> أ+ | AL9: =AJ9*AH9 -> 10 | AM9: 2 | AN9: 90 | AO9: =VLOOKUP(AN9,المرجع!$B$2:$C$11,2) -> 4.75 | AP9: =VLOOKUP(AO9,[1]المرجع!$D$3:$E$12,2) -> أ | AQ9: =AO9*AM9 -> 9.5 | AR9: 2 | AS9: 88 | AT9: =VLOOKUP(AS9,المرجع!$B$2:$C$11,2) -> 4.5 | AU9: =VLOOKUP(AT9,[1]المرجع!$D$3:$E$12,2) -> ب+ | AV9: =AT9*AR9 -> 9 | AW9: 2 | AX9: 81 | AY9: =VLOOKUP(AX9,المرجع!$B$2:$C$11,2) -> 4 | AZ9: =VLOOKUP(AY9,[1]المرجع!$D$3:$E$12,2) -> ب | BA9: =AY9*AW9 -> 8 | BB9: =BA9+AV9+AQ9+AL9+AG9+AB9+W9+R9+M9+H9 -> 98.25 | BC9: =AW9+AR9+AM9+AH9+AC9+X9+S9+N9+I9+D9 -> 22 | BD9: =BB9/BC9 -> 4.4659091 | BE9: =(BB9+'المستوى الأول '!BL10)/('المستوى الأول '!BM10+'المستوى الثاني '!BC9) -> 4.4722222 | BF9: =VLOOKUP(BE9,المرجع!$D$3:$F$11,3,TRUE) -> جيد جد مرتفع | BG9: =RANK(BD9,$BD$2:$BD$46) -> 8
B10: 2024152 | C10: عبدالله شعيب كروما | D10: 1 | E10: 93 | F10: =VLOOKUP(E10,المرجع!$B$2:$C$11,2) -> 4.75 | G10: =VLOOKUP(F10,المرجع!$D$2:$E$11,2) -> أ | H10: =F10*D10 -> 4.75 | I10: 2 | J10: 72 | K10: =VLOOKUP(J10,المرجع!$B$2:$C$11,2) -> 3 | L10: =VLOOKUP(K10,[1]المرجع!$D$3:$E$12,2) -> ج | M10: =K10*I10 -> 6 | N10: 3 | O10: 97 | P10: =VLOOKUP(O10,المرجع!$B$2:$C$11,2) -> 5 | Q10: =VLOOKUP(P10,[1]المرجع!$D$3:$E$12,2) -> أ+ | R10: =P10*N10 -> 15 | S10: 3 | T10: 99 | U10: =VLOOKUP(T10,المرجع!$B$2:$C$11,2) -> 5 | V10: =VLOOKUP(U10,[1]المرجع!$D$3:$E$12,2) -> أ+ | W10: =U10*S10 -> 15 | X10: 3 | Y10: 100 | Z10: =VLOOKUP(Y10,المرجع!$B$2:$C$11,2) -> 5 | AA10: =VLOOKUP(Z10,[1]المرجع!$D$3:$E$12,2) -> أ+ | AB10: =Z10*X10 -> 15 | AC10: 2 | AD10: 89 | AE10: =VLOOKUP(AD10,المرجع!$B$2:$C$11,2) -> 4.5 | AF10: =VLOOKUP(AE10,[1]المرجع!$D$3:$E$12,2) -> ب+ | AG10: =AE10*AC10 -> 9 | AH10: 2 | AI10: 88 | AJ10: =VLOOKUP(AI10,المرجع!$B$2:$C$11,2) -> 4.5 | AK10: =VLOOKUP(AJ10,[1]المرجع!$D$3:$E$12,2) -> ب+ | AL10: =AJ10*AH10 -> 9 | AM10: 2 | AN10: 88 | AO10: =VLOOKUP(AN10,المرجع!$B$2:$C$11,2) -> 4.5 | AP10: =VLOOKUP(AO10,[1]المرجع!$D$3:$E$12,2) -> ب+ | AQ10: =AO10*AM10 -> 9 | AR10: 2 | AS10: 86 | AT10: =VLOOKUP(AS10,المرجع!$B$2:$C$11,2) -> 4.5 | AU10: =VLOOKUP(AT10,[1]المرجع!$D$3:$E$12,2) -> ب+ | AV10: =AT10*AR10 -> 9 | AW10: 2 | AX10: 68 | AY10: =VLOOKUP(AX10,المرجع!$B$2:$C$11,2) -> 2.5 | AZ10: =VLOOKUP(AY10,[1]المرجع!$D$3:$E$12,2) -> د+ | BA10: =AY10*AW10 -> 5 | BB10: =BA10+AV10+AQ10+AL10+AG10+AB10+W10+R10+M10+H10 -> 96.75 | BC10: =AW10+AR10+AM10+AH10+AC10+X10+S10+N10+I10+D10 -> 22 | BD10: =BB10/BC10 -> 4.3977273 | BE10: =(BB10+'المستوى الأول '!BL11)/('المستوى الأول '!BM11+'المستوى الثاني '!BC10) -> 4.3944444 | BF10: =VLOOKUP(BE10,المرجع!$D$3:$F$11,3,TRUE) -> جيد جد مرتفع | BG10: =RANK(BD10,$BD$2:$BD$46) -> 9
B11: 2024210 | C11: أمر محمد تنكارا | D11: 1 | E11: 95 | F11: =VLOOKUP(E11,المرجع!$B$2:$C$11,2) -> 5 | G11: =VLOOKUP(F11,المرجع!$D$2:$E$11,2) -> أ+ | H11: =F11*D11 -> 5 | I11: 2 | J11: 80 | K11: =VLOOKUP(J11,المرجع!$B$2:$C$11,2) -> 4 | L11: =VLOOKUP(K11,[1]المرجع!$D$3:$E$12,2) -> ب | M11: =K11*I11 -> 8 | N11: 3 | O11: 95 | P11: =VLOOKUP(O11,المرجع!$B$2:$C$11,2) -> 5 | Q11: =VLOOKUP(P11,[1]المرجع!$D$3:$E$12,2) -> أ+ | R11: =P11*N11 -> 15 | S11: 3 | T11: 94 | U11: =VLOOKUP(T11,المرجع!$B$2:$C$11,2) -> 4.75 | V11: =VLOOKUP(U11,[1]المرجع!$D$3:$E$12,2) -> أ | W11: =U11*S11 -> 14.25 | X11: 3 | Y11: 100 | Z11: =VLOOKUP(Y11,المرجع!$B$2:$C$11,2) -> 5 | AA11: =VLOOKUP(Z11,[1]المرجع!$D$3:$E$12,2) -> أ+ | AB11: =Z11*X11 -> 15 | AC11: 2 | AD11: 92 | AE11: =VLOOKUP(AD11,المرجع!$B$2:$C$11,2) -> 4.75 | AF11: =VLOOKUP(AE11,[1]المرجع!$D$3:$E$12,2) -> أ | AG11: =AE11*AC11 -> 9.5 | AH11: 2 | AI11: 73 | AJ11: =VLOOKUP(AI11,المرجع!$B$2:$C$11,2) -> 3 | AK11: =VLOOKUP(AJ11,[1]المرجع!$D$3:$E$12,2) -> ج | AL11: =AJ11*AH11 -> 6 | AM11: 2 | AN11: 100 | AO11: =VLOOKUP(AN11,المرجع!$B$2:$C$11,2) -> 5 | AP11: =VLOOKUP(AO11,[1]المرجع!$D$3:$E$12,2) -> أ+ | AQ11: =AO11*AM11 -> 10 | AR11: 2 | AS11: 90 | AT11: =VLOOKUP(AS11,المرجع!$B$2:$C$11,2) -> 4.75 | AU11: =VLOOKUP(AT11,[1]المرجع!$D$3:$E$12,2) -> أ | AV11: =AT11*AR11 -> 9.5 | AW11: 2 | AX11: 50 | AY11: =VLOOKUP(AX11,المرجع!$B$2:$C$11,2) -> 2 | AZ11: =VLOOKUP(AY11,[1]المرجع!$D$3:$E$12,2) -> د | BA11: =AY11*AW11 -> 4 | BB11: =BA11+AV11+AQ11+AL11+AG11+AB11+W11+R11+M11+H11 -> 96.25 | BC11: =AW11+AR11+AM11+AH11+AC11+X11+S11+N11+I11+D11 -> 22 | BD11: =BB11/BC11 -> 4.375 | BE11: =(BB11+'المستوى الأول '!BL12)/('المستوى الأول '!BM12+'المستوى الثاني '!BC11) -> 4.3277778 | BF11: =VLOOKUP(BE11,المرجع!$D$3:$F$11,3,TRUE) -> جيد جد مرتفع | BG11: =RANK(BD11,$BD$2:$BD$46) -> 10
B12: 2024157 | C12: جعفر موسى درامي | D12: 1 | E12: 90 | F12: =VLOOKUP(E12,المرجع!$B$2:$C$11,2) -> 4.75 | G12: =VLOOKUP(F12,المرجع!$D$2:$E$11,2) -> أ | H12: =F12*D12 -> 4.75 | I12: 2 | J12: 74 | K12: =VLOOKUP(J12,المرجع!$B$2:$C$11,2) -> 3 | L12: =VLOOKUP(K12,[1]المرجع!$D$3:$E$12,2) -> ج | M12: =K12*I12 -> 6 | N12: 3 | O12: 100 | P12: =VLOOKUP(O12,المرجع!$B$2:$C$11,2) -> 5 | Q12: =VLOOKUP(P12,[1]المرجع!$D$3:$E$12,2) -> أ+ | R12: =P12*N12 -> 15 | S12: 3 | T12: 96 | U12: =VLOOKUP(T12,المرجع!$B$2:$C$11,2) -> 5 | V12: =VLOOKUP(U12,[1]المرجع!$D$3:$E$12,2) -> أ+ | W12: =U12*S12 -> 15 | X12: 3 | Y12: 95 | Z12: =VLOOKUP(Y12,المرجع!$B$2:$C$11,2) -> 5 | AA12: =VLOOKUP(Z12,[1]المرجع!$D$3:$E$12,2) -> أ+ | AB12: =Z12*X12 -> 15 | AC12: 2 | AD12: 84 | AE12: =VLOOKUP(AD12,المرجع!$B$2:$C$11,2) -> 4 | AF12: =VLOOKUP(AE12,[1]المرجع!$D$3:$E$12,2) -> ب | AG12: =AE12*AC12 -> 8 | AH12: 2 | AI12: 92 | AJ12: =VLOOKUP(AI12,المرجع!$B$2:$C$11,2) -> 4.75 | AK12: =VLOOKUP(AJ12,[1]المرجع!$D$3:$E$12,2) -> أ | AL12: =AJ12*AH12 -> 9.5 | AM12: 2 | AN12: 85 | AO12: =VLOOKUP(AN12,المرجع!$B$2:$C$11,2) -> 4.5 | AP12: =VLOOKUP(AO12,[1]المرجع!$D$3:$E$12,2) -> ب+ | AQ12: =AO12*AM12 -> 9 | AR12: 2 | AS12: 90 | AT12: =VLOOKUP(AS12,المرجع!$B$2:$C$11,2) -> 4.75 | AU12: =VLOOKUP(AT12,[1]المرجع!$D$3:$E$12,2) -> أ | AV12: =AT12*AR12 -> 9.5 | AW12: 2 | AX12: 60 | AY12: =VLOOKUP(AX12,المرجع!$B$2:$C$11,2) -> 2 | AZ12: =VLOOKUP(AY12,[1]المرجع!$D$3:$E$12,2) -> د | BA12: =AY12*AW12 -> 4 | BB12: =BA12+AV12+AQ12+AL12+AG12+AB12+W12+R12+M12+H12 -> 95.75 | BC12: =AW12+AR12+AM12+AH12+AC12+X12+S12+N12+I12+D12 -> 22 | BD12: =BB12/BC12 -> 4.3522727 | BE12: =(BB12+'المستوى الأول '!BL13)/('المستوى الأول '!BM13+'المستوى الثاني '!BC12) -> 4.3 | BF12: =VLOOKUP(BE12,المرجع!$D$3:$F$11,3,TRUE) -> جيد جد مرتفع | BG12: =RANK(BD12,$BD$2:$BD$46) -> 11
B13: 2024155 | C13: مالا كيبا سيسي | D13: 1 | E13: 75 | F13: =VLOOKUP(E13,المرجع!$B$2:$C$11,2) -> 3.5 | G13: =VLOOKUP(F13,المرجع!$D$2:$E$11,2) -> ج+ | H13: =F13*D13 -> 3.5 | I13: 2 | J13: 79 | K13: =VLOOKUP(J13,المرجع!$B$2:$C$11,2) -> 3.5 | L13: =VLOOKUP(K13,[1]المرجع!$D$3:$E$12,2) -> ج+ | M13: =K13*I13 -> 7 | N13: 3 | O13: 81 | P13: =VLOOKUP(O13,المرجع!$B$2:$C$11,2) -> 4 | Q13: =VLOOKUP(P13,[1]المرجع!$D$3:$E$12,2) -> ب | R13: =P13*N13 -> 12 | S13: 3 | T13: 89 | U13: =VLOOKUP(T13,المرجع!$B$2:$C$11,2) -> 4.5 | V13: =VLOOKUP(U13,[1]المرجع!$D$3:$E$12,2) -> ب+ | W13: =U13*S13 -> 13.5 | X13: 3 | Y13: 95 | Z13: =VLOOKUP(Y13,المرجع!$B$2:$C$11,2) -> 5 | AA13: =VLOOKUP(Z13,[1]المرجع!$D$3:$E$12,2) -> أ+ | AB13: =Z13*X13 -> 15 | AC13: 2 | AD13: 83 | AE13: =VLOOKUP(AD13,المرجع!$B$2:$C$11,2) -> 4 | AF13: =VLOOKUP(AE13,[1]المرجع!$D$3:$E$12,2) -> ب | AG13: =AE13*AC13 -> 8 | AH13: 2 | AI13: 97 | AJ13: =VLOOKUP(AI13,المرجع!$B$2:$C$11,2) -> 5 | AK13: =VLOOKUP(AJ13,[1]المرجع!$D$3:$E$12,2) -> أ+ | AL13: =AJ13*AH13 -> 10 | AM13: 2 | AN13: 95 | AO13: =VLOOKUP(AN13,المرجع!$B$2:$C$11,2) -> 5 | AP13: =VLOOKUP(AO13,[1]المرجع!$D$3:$E$12,2) -> أ+ | AQ13: =AO13*AM13 -> 10 | AR13: 2 | AS13: 77 | AT13: =VLOOKUP(AS13,المرجع!$B$2:$C$11,2) -> 3.5 | AU13: =VLOOKUP(AT13,[1]المرجع!$D$3:$E$12,2) -> ج+ | AV13: =AT13*AR13 -> 7 | AW13: 2 | AX13: 90 | AY13: =VLOOKUP(AX13,المرجع!$B$2:$C$11,2) -> 4.75 | AZ13: =VLOOKUP(AY13,[1]المرجع!$D$3:$E$12,2) -> أ | BA13: =AY13*AW13 -> 9.5 | BB13: =BA13+AV13+AQ13+AL13+AG13+AB13+W13+R13+M13+H13 -> 95.5 | BC13: =AW13+AR13+AM13+AH13+AC13+X13+S13+N13+I13+D13 -> 22 | BD13: =BB13/BC13 -> 4.3409091 | BE13: =(BB13+'المستوى الأول '!BL14)/('المستوى الأول '!BM14+'المستوى الثاني '!BC13) -> 4.2222222 | BF13: =VLOOKUP(BE13,المرجع!$D$3:$F$11,3,TRUE) -> جيد جد مرتفع | BG13: =RANK(BD13,$BD$2:$BD$46) -> 12
... B46: 2024192 | C46: عيسى بلي تنكارا | D46: 1 | E46: 20 | F46: =VLOOKUP(E46,المرجع!$B$2:$C$11,2) -> 0 | G46: =VLOOKUP(F46,المرجع!$D$2:$E$11,2) -> ه | H46: =F46*D46 -> 0 | I46: 2 | J46: 10 | K46: =VLOOKUP(J46,المرجع!$B$2:$C$11,2) -> 0 | L46: =VLOOKUP(K46,[1]المرجع!$D$3:$E$12,2) -> ه | M46: =K46*I46 -> 0 | N46: 3 | O46: 21 | P46: =VLOOKUP(O46,المرجع!$B$2:$C$11,2) -> 0 | Q46: =VLOOKUP(P46,[1]المرجع!$D$3:$E$12,2) -> ه | R46: =P46*N46 -> 0 | S46: 3 | T46: 61 | U46: =VLOOKUP(T46,المرجع!$B$2:$C$11,2) -> 2 | V46: =VLOOKUP(U46,[1]المرجع!$D$3:$E$12,2) -> د | W46: =U46*S46 -> 6 | X46: 3 | Y46: 0 | Z46: =VLOOKUP(Y46,المرجع!$B$2:$C$11,2) -> 0 | AA46: =VLOOKUP(Z46,[1]المرجع!$D$3:$E$12,2) -> ه | AB46: =Z46*X46 -> 0 | AC46: 2 | AD46: 52 | AE46: =VLOOKUP(AD46,المرجع!$B$2:$C$11,2) -> 2 | AF46: =VLOOKUP(AE46,[1]المرجع!$D$3:$E$12,2) -> د | AG46: =AE46*AC46 -> 4 | AH46: 2 | AI46: 30 | AJ46: =VLOOKUP(AI46,المرجع!$B$2:$C$11,2) -> 0 | AK46: =VLOOKUP(AJ46,[1]المرجع!$D$3:$E$12,2) -> ه | AL46: =AJ46*AH46 -> 0 | AM46: 2 | AN46: 60 | AO46: =VLOOKUP(AN46,المرجع!$B$2:$C$11,2) -> 2 | AP46: =VLOOKUP(AO46,[1]المرجع!$D$3:$E$12,2) -> د | AQ46: =AO46*AM46 -> 4 | AR46: 2 | AS46: 55 | AT46: =VLOOKUP(AS46,المرجع!$B$2:$C$11,2) -> 2 | AU46: =VLOOKUP(AT46,[1]المرجع!$D$3:$E$12,2) -> د | AV46: =AT46*AR46 -> 4 | AW46: 2 | AX46: 0 | AY46: =VLOOKUP(AX46,المرجع!$B$2:$C$11,2) -> 0 | AZ46: =VLOOKUP(AY46,[1]المرجع!$D$3:$E$12,2) -> ه | BA46: =AY46*AW46 -> 0 | BB46: =BA46+AV46+AQ46+AL46+AG46+AB46+W46+R46+M46+H46 -> 18 | BC46: =AW46+AR46+AM46+AH46+AC46+X46+S46+N46+I46+D46 -> 22 | BD46: =BB46/BC46 -> 0.81818182 | BE46: =(BB46+'المستوى الأول '!BL47)/('المستوى الأول '!BM47+'المستوى الثاني '!BC46) -> 1.4944444 | BF46: =VLOOKUP(BE46,المرجع!$D$3:$F$11,3,TRUE) -> راسب | BG46: =RANK(BD46,$BD$2:$BD$46) -> 45

Sheet المستوى الثالث 
A1: رقم الجامعي | B1: أسماء الطلبة | C1: الساعة (م ق) | D1: القرآن الكريم | E1: الوزن (م ق) | F1: الرمز (م ق) | G1: النقاط (م ق) | H1: الساعة (م رح) | I1: رواة الحديث 2 | J1: الوزن (م رح) | K1: الرمز (م رح) | L1: النقاط (م رح) | M1: الساعة ( م ح) | N1: مصطلح الحديث 2 | O1: الوزن ( م ح) | P1: الرمز ( م ح) | Q1: النقاط ( م ح) | R1: الساعة (م ك س) | S1: كتب السنة1 (م ك س) | T1: الوزن (م ك س) | U1: الرمز (م ك س) | V1: النقاط (م ك س) | W1: الساعة (م أ ق) | X1: أصول الفقه 1 | Y1: الوزن (م أ ق) | Z1: الرمز (م أ ق) | AA1: النقاط (م أ ق) | AB1: الساعة (ح ت2) | AC1: الحديث التحليلي 2 | AD1: الوزن (ح ت2) | AE1: الرمز (ح ت2) | AF1: النقاط (ح ت2) | AG1: الساعة (م ت 2) | AH1: التوحيد 2 | AI1: الوزن (م ت 2) | AJ1: الرمز (م ت 2) | AK1: النقاط (م ت 2) | AL1: الساعة | AM1: النحو (2) | AN1: الوزن ( م ن 2) | AO1: الرمزر( م ن 2) | AP1: النقاط ( م ن 2) | AQ1: الساعة (م د غ) | AR1: دراسات غامبيا | AS1: الوزن (م د غ) | AT1: الرمز (م د غ) | AU1: النقاط (م د غ) | AV1: الساعة(ENG) | AW1: English(3) | AX1: الوزن (ENG) | AY1: الرمز (ENG) | AZ1: النقاط (ENG) | BA1: مجموع النقاط | BB1: مجموع الساعات | BC1: المعدل الفصلي | BD1: المعدل التراكمي | BE1: التقدير | BF1: الترتيب
A2: 2024174 | B2: حمزة أبوبكر كابا | C2: 1 | D2: 99 | E2: =VLOOKUP(D2,المرجع!$B$2:$C$11,2) -> 5 | F2: =VLOOKUP(E2,المرجع!$D$2:$E$11,2) -> أ+ | G2: =E2*C2 -> 5 | H2: 3 | I2: 100 | J2: =VLOOKUP(I2,المرجع!$B$2:$C$11,2) -> 5 | K2: =VLOOKUP(J2,المرجع!$D$2:$E$11,2) -> أ+ | L2: =J2*H2 -> 15 | M2: 3 | N2: 100 | O2: =VLOOKUP(N2,المرجع!$B$2:$C$11,2) -> 5 | P2: =VLOOKUP(O2,المرجع!$D$2:$E$11,2) -> أ+ | Q2: =O2*M2 -> 15 | R2: 3 | S2: 100 | T2: =VLOOKUP(S2,المرجع!$B$2:$C$11,2) -> 5 | U2: =VLOOKUP(T2,المرجع!$D$2:$E$11,2) -> أ+ | V2: =T2*R2 -> 15 | W2: 2 | X2: 100 | Y2: =VLOOKUP(X2,المرجع!$B$2:$C$11,2) -> 5 | Z2: =VLOOKUP(Y2,المرجع!$D$2:$E$11,2) -> أ+ | AA2: =Y2*W2 -> 10 | AB2: 3 | AC2: 100 | AD2: =VLOOKUP(AC2,المرجع!$B$2:$C$11,2) -> 5 | AE2: =VLOOKUP(AD2,المرجع!$D$2:$E$11,2) -> أ+ | AF2: =AD2*AB2 -> 15 | AG2: 2 | AH2: 100 | AI2: =VLOOKUP(AH2,المرجع!$B$2:$C$11,2) -> 5 | AJ2: =VLOOKUP(AI2,المرجع!$D$2:$E$11,2) -> أ+ | AK2: =AI2*AG2 -> 10 | AL2: 2 | AM2: 100 | AN2: =VLOOKUP(AM2,المرجع!$B$2:$C$11,2) -> 5 | AO2: =VLOOKUP(AN2,المرجع!$D$2:$E$11,2) -> أ+ | AP2: =AN2*AL2 -> 10 | AQ2: 2 | AR2: 100 | AS2: =VLOOKUP(AR2,المرجع!$B$2:$C$11,2) -> 5 | AT2: =VLOOKUP(AS2,المرجع!$D$2:$E$11,2) -> أ+ | AU2: =AS2*AQ2 -> 10 | AV2: 2 | AW2: 98 | AX2: =VLOOKUP(AW2,المرجع!$B$2:$C$11,2) -> 5 | AY2: =VLOOKUP(AX2,المرجع!$D$2:$E$11,2) -> أ+ | AZ2: =AX2*AV2 -> 10 | BA2: =AZ2+AU2+AP2+AK2+AF2+AA2+V2+Q2+L2+G2 -> 115 | BB2: =AV2+AQ2+AL2+AG2+AB2+W2+R2+M2+H2+C2 -> 23 | BC2: =BA2/BB2 -> 5 | BD2: =(BA2+'المستوى الثاني '!BB2+'المستوى الأول '!BL3)/('المستوى الأول '!BM3+'المستوى الثاني '!BC2+'المستوى الثالث '!BB2) -> 4.9852941 | BE2: =VLOOKUP(BD2,المرجع!$D$3:$F$11,3,TRUE) -> ممتاز مرتفع | BF2: =RANK(BD2,$BD$2:$BD$41) -> 1
A3: 2024180 | B3: حليمة مجتبى جالو | C3: 1 | D3: 82 | E3: =VLOOKUP(D3,المرجع!$B$2:$C$11,2) -> 4 | F3: =VLOOKUP(E3,المرجع!$D$2:$E$11,2) -> ب | G3: =E3*C3 -> 4 | H3: 3 | I3: 99 | J3: =VLOOKUP(I3,المرجع!$B$2:$C$11,2) -> 5 | K3: =VLOOKUP(J3,المرجع!$D$2:$E$11,2) -> أ+ | L3: =J3*H3 -> 15 | M3: 3 | N3: 100 | O3: =VLOOKUP(N3,المرجع!$B$2:$C$11,2) -> 5 | P3: =VLOOKUP(O3,المرجع!$D$2:$E$11,2) -> أ+ | Q3: =O3*M3 -> 15 | R3: 3 | S3: 96 | T3: =VLOOKUP(S3,المرجع!$B$2:$C$11,2) -> 5 | U3: =VLOOKUP(T3,المرجع!$D$2:$E$11,2) -> أ+ | V3: =T3*R3 -> 15 | W3: 2 | X3: 97 | Y3: =VLOOKUP(X3,المرجع!$B$2:$C$11,2) -> 5 | Z3: =VLOOKUP(Y3,المرجع!$D$2:$E$11,2) -> أ+ | AA3: =Y3*W3 -> 10 | AB3: 3 | AC3: 99 | AD3: =VLOOKUP(AC3,المرجع!$B$2:$C$11,2) -> 5 | AE3: =VLOOKUP(AD3,المرجع!$D$2:$E$11,2) -> أ+ | AF3: =AD3*AB3 -> 15 | AG3: 2 | AH3: 90 | AI3: =VLOOKUP(AH3,المرجع!$B$2:$C$11,2) -> 4.75 | AJ3: =VLOOKUP(AI3,المرجع!$D$2:$E$11,2) -> أ | AK3: =AI3*AG3 -> 9.5 | AL3: 2 | AM3: 94 | AN3: =VLOOKUP(AM3,المرجع!$B$2:$C$11,2) -> 4.75 | AO3: =VLOOKUP(AN3,المرجع!$D$2:$E$11,2) -> أ | AP3: =AN3*AL3 -> 9.5 | AQ3: 2 | AR3: 93 | AS3: =VLOOKUP(AR3,المرجع!$B$2:$C$11,2) -> 4.75 | AT3: =VLOOKUP(AS3,المرجع!$D$2:$E$11,2) -> أ | AU3: =AS3*AQ3 -> 9.5 | AV3: 2 | AW3: 94 | AX3: =VLOOKUP(AW3,المرجع!$B$2:$C$11,2) -> 4.75 | AY3: =VLOOKUP(AX3,المرجع!$D$2:$E$11,2) -> أ | AZ3: =AX3*AV3 -> 9.5 | BA3: =AZ3+AU3+AP3+AK3+AF3+AA3+V3+Q3+L3+G3 -> 112 | BB3: =AV3+AQ3+AL3+AG3+AB3+W3+R3+M3+H3+C3 -> 23 | BC3: =BA3/BB3 -> 4.8695652 | BD3: =(BA3+'المستوى الثاني '!BB3+'المستوى الأول '!BL4)/('المستوى الأول '!BM4+'المستوى الثاني '!BC3+'المستوى الثالث '!BB3) -> 4.8161765 | BE3: =VLOOKUP(BD3,المرجع!$D$3:$F$11,3,TRUE) -> ممتاز مرتفع | BF3: =RANK(BD3,$BD$2:$BD$41) -> 2
A4: 2024178 | B4: عائشة مبارك ديكو | C4: 1 | D4: 80 | E4: =VLOOKUP(D4,المرجع!$B$2:$C$11,2) -> 4 | F4: =VLOOKUP(E4,المرجع!$D$2:$E$11,2) -> ب | G4: =E4*C4 -> 4 | H4: 3 | I4: 97 | J4: =VLOOKUP(I4,المرجع!$B$2:$C$11,2) -> 5 | K4: =VLOOKUP(J4,المرجع!$D$2:$E$11,2) -> أ+ | L4: =J4*H4 -> 15 | M4: 3 | N4: 97 | O4: =VLOOKUP(N4,المرجع!$B$2:$C$11,2) -> 5 | P4: =VLOOKUP(O4,المرجع!$D$2:$E$11,2) -> أ+ | Q4: =O4*M4 -> 15 | R4: 3 | S4: 98 | T4: =VLOOKUP(S4,المرجع!$B$2:$C$11,2) -> 5 | U4: =VLOOKUP(T4,المرجع!$D$2:$E$11,2) -> أ+ | V4: =T4*R4 -> 15 | W4: 2 | X4: 84 | Y4: =VLOOKUP(X4,المرجع!$B$2:$C$11,2) -> 4 | Z4: =VLOOKUP(Y4,المرجع!$D$2:$E$11,2) -> ب | AA4: =Y4*W4 -> 8 | AB4: 3 | AC4: 100 | AD4: =VLOOKUP(AC4,المرجع!$B$2:$C$11,2) -> 5 | AE4: =VLOOKUP(AD4,المرجع!$D$2:$E$11,2) -> أ+ | AF4: =AD4*AB4 -> 15 | AG4: 2 | AH4: 92 | AI4: =VLOOKUP(AH4,المرجع!$B$2:$C$11,2) -> 4.75 | AJ4: =VLOOKUP(AI4,المرجع!$D$2:$E$11,2) -> أ | AK4: =AI4*AG4 -> 9.5 | AL4: 2 | AM4: 87 | AN4: =VLOOKUP(AM4,المرجع!$B$2:$C$11,2) -> 4.5 | AO4: =VLOOKUP(AN4,المرجع!$D$2:$E$11,2) -> ب+ | AP4: =AN4*AL4 -> 9 | AQ4: 2 | AR4: 100 | AS4: =VLOOKUP(AR4,المرجع!$B$2:$C$11,2) -> 5 | AT4: =VLOOKUP(AS4,المرجع!$D$2:$E$11,2) -> أ+ | AU4: =AS4*AQ4 -> 10 | AV4: 2 | AW4: 97 | AX4: =VLOOKUP(AW4,المرجع!$B$2:$C$11,2) -> 5 | AY4: =VLOOKUP(AX4,المرجع!$D$2:$E$11,2) -> أ+ | AZ4: =AX4*AV4 -> 10 | BA4: =AZ4+AU4+AP4+AK4+AF4+AA4+V4+Q4+L4+G4 -> 110.5 | BB4: =AV4+AQ4+AL4+AG4+AB4+W4+R4+M4+H4+C4 -> 23 | BC4: =BA4/BB4 -> 4.8043478 | BD4: =(BA4+'المستوى الثاني '!BB5+'المستوى الأول '!BL6)/('المستوى الأول '!BM6+'المستوى الثاني '!BC5+'المستوى الثالث '!BB5) -> 4.7830882 | BE4: =VLOOKUP(BD4,المرجع!$D$3:$F$11,3,TRUE) -> ممتاز مرتفع | BF4: =RANK(BD4,$BD$2:$BD$41) -> 3
A5: 2024154 | B5: عمر شريف ماني | C5: 1 | D5: 95 | E5: =VLOOKUP(D5,المرجع!$B$2:$C$11,2) -> 5 | F5: =VLOOKUP(E5,المرجع!$D$2:$E$11,2) -> أ+ | G5: =E5*C5 -> 5 | H5: 3 | I5: 100 | J5: =VLOOKUP(I5,المرجع!$B$2:$C$11,2) -> 5 | K5: =VLOOKUP(J5,المرجع!$D$2:$E$11,2) -> أ+ | L5: =J5*H5 -> 15 | M5: 3 | N5: 100 | O5: =VLOOKUP(N5,المرجع!$B$2:$C$11,2) -> 5 | P5: =VLOOKUP(O5,المرجع!$D$2:$E$11,2) -> أ+ | Q5: =O5*M5 -> 15 | R5: 3 | S5: 98 | T5: =VLOOKUP(S5,المرجع!$B$2:$C$11,2) -> 5 | U5: =VLOOKUP(T5,المرجع!$D$2:$E$11,2) -> أ+ | V5: =T5*R5 -> 15 | W5: 2 | X5: 92 | Y5: =VLOOKUP(X5,المرجع!$B$2:$C$11,2) -> 4.75 | Z5: =VLOOKUP(Y5,المرجع!$D$2:$E$11,2) -> أ | AA5: =Y5*W5 -> 9.5 | AB5: 3 | AC5: 97 | AD5: =VLOOKUP(AC5,المرجع!$B$2:$C$11,2) -> 5 | AE5: =VLOOKUP(AD5,المرجع!$D$2:$E$11,2) -> أ+ | AF5: =AD5*AB5 -> 15 | AG5: 2 | AH5: 99 | AI5: =VLOOKUP(AH5,المرجع!$B$2:$C$11,2) -> 5 | AJ5: =VLOOKUP(AI5,المرجع!$D$2:$E$11,2) -> أ+ | AK5: =AI5*AG5 -> 10 | AL5: 2 | AM5: 89 | AN5: =VLOOKUP(AM5,المرجع!$B$2:$C$11,2) -> 4.5 | AO5: =VLOOKUP(AN5,المرجع!$D$2:$E$11,2) -> ب+ | AP5: =AN5*AL5 -> 9 | AQ5: 2 | AR5: 89 | AS5: =VLOOKUP(AR5,المرجع!$B$2:$C$11,2) -> 4.5 | AT5: =VLOOKUP(AS5,المرجع!$D$2:$E$11,2) -> ب+ | AU5: =AS5*AQ5 -> 9 | AV5: 2 | AW5: 82 | AX5: =VLOOKUP(AW5,المرجع!$B$2:$C$11,2) -> 4 | AY5: =VLOOKUP(AX5,المرجع!$D$2:$E$11,2) -> ب | AZ5: =AX5*AV5 -> 8 | BA5: =AZ5+AU5+AP5+AK5+AF5+AA5+V5+Q5+L5+G5 -> 110.5 | BB5: =AV5+AQ5+AL5+AG5+AB5+W5+R5+M5+H5+C5 -> 23 | BC5: =BA5/BB5 -> 4.8043478 | BD5: =(BA5+'المستوى الثاني '!BB4+'المستوى الأول '!BL5)/('المستوى الأول '!BM5+'المستوى الثاني '!BC4+'المستوى الثالث '!BB4) -> 4.7757353 | BE5: =VLOOKUP(BD5,المرجع!$D$3:$F$11,3,TRUE) -> ممتاز مرتفع | BF5: =RANK(BD5,$BD$2:$BD$41) -> 4
A6: 2024209 | B6: آدم مبارك ديكو | C6: 1 | D6: 99 | E6: =VLOOKUP(D6,المرجع!$B$2:$C$11,2) -> 5 | F6: =VLOOKUP(E6,المرجع!$D$2:$E$11,2) -> أ+ | G6: =E6*C6 -> 5 | H6: 3 | I6: 98 | J6: =VLOOKUP(I6,المرجع!$B$2:$C$11,2) -> 5 | K6: =VLOOKUP(J6,المرجع!$D$2:$E$11,2) -> أ+ | L6: =J6*H6 -> 15 | M6: 3 | N6: 99 | O6: =VLOOKUP(N6,المرجع!$B$2:$C$11,2) -> 5 | P6: =VLOOKUP(O6,المرجع!$D$2:$E$11,2) -> أ+ | Q6: =O6*M6 -> 15 | R6: 3 | S6: 100 | T6: =VLOOKUP(S6,المرجع!$B$2:$C$11,2) -> 5 | U6: =VLOOKUP(T6,المرجع!$D$2:$E$11,2) -> أ+ | V6: =T6*R6 -> 15 | W6: 2 | X6: 97 | Y6: =VLOOKUP(X6,المرجع!$B$2:$C$11,2) -> 5 | Z6: =VLOOKUP(Y6,المرجع!$D$2:$E$11,2) -> أ+ | AA6: =Y6*W6 -> 10 | AB6: 3 | AC6: 100 | AD6: =VLOOKUP(AC6,المرجع!$B$2:$C$11,2) -> 5 | AE6: =VLOOKUP(AD6,المرجع!$D$2:$E$11,2) -> أ+ | AF6: =AD6*AB6 -> 15 | AG6: 2 | AH6: 100 | AI6: =VLOOKUP(AH6,المرجع!$B$2:$C$11,2) -> 5 | AJ6: =VLOOKUP(AI6,المرجع!$D$2:$E$11,2) -> أ+ | AK6: =AI6*AG6 -> 10 | AL6: 2 | AM6: 99 | AN6: =VLOOKUP(AM6,المرجع!$B$2:$C$11,2) -> 5 | AO6: =VLOOKUP(AN6,المرجع!$D$2:$E$11,2) -> أ+ | AP6: =AN6*AL6 -> 10 | AQ6: 2 | AR6: 86 | AS6: =VLOOKUP(AR6,المرجع!$B$2:$C$11,2) -> 4.5 | AT6: =VLOOKUP(AS6,المرجع!$D$2:$E$11,2) -> ب+ | AU6: =AS6*AQ6 -> 9 | AV6: 2 | AW6: 74 | AX6: =VLOOKUP(AW6,المرجع!$B$2:$C$11,2) -> 3 | AY6: =VLOOKUP(AX6,المرجع!$D$2:$E$11,2) -> ج | AZ6: =AX6*AV6 -> 6 | BA6: =AZ6+AU6+AP6+AK6+AF6+AA6+V6+Q6+L6+G6 -> 110 | BB6: =AV6+AQ6+AL6+AG6+AB6+W6+R6+M6+H6+C6 -> 23 | BC6: =BA6/BB6 -> 4.7826087 | BD6: =(BA6+'المستوى الثاني '!BB6+'المستوى الأول '!BL7)/('المستوى الأول '!BM7+'المستوى الثاني '!BC6+'المستوى الثالث '!BB6) -> 4.7169118 | BE6: =VLOOKUP(BD6,المرجع!$D$3:$F$11,3,TRUE) -> ممتاز | BF6: =RANK(BD6,$BD$2:$BD$41) -> 5
A7: 2024153 | B7: مصطفى أبوبكر منجا | C7: 1 | D7: 94 | E7: =VLOOKUP(D7,المرجع!$B$2:$C$11,2) -> 4.75 | F7: =VLOOKUP(E7,المرجع!$D$2:$E$11,2) -> أ | G7: =E7*C7 -> 4.75 | H7: 3 | I7: 100 | J7: =VLOOKUP(I7,المرجع!$B$2:$C$11,2) -> 5 | K7: =VLOOKUP(J7,المرجع!$D$2:$E$11,2) -> أ+ | L7: =J7*H7 -> 15 | M7: 3 | N7: 100 | O7: =VLOOKUP(N7,المرجع!$B$2:$C$11,2) -> 5 | P7: =VLOOKUP(O7,المرجع!$D$2:$E$11,2) -> أ+ | Q7: =O7*M7 -> 15 | R7: 3 | S7: 98 | T7: =VLOOKUP(S7,المرجع!$B$2:$C$11,2) -> 5 | U7: =VLOOKUP(T7,المرجع!$D$2:$E$11,2) -> أ+ | V7: =T7*R7 -> 15 | W7: 2 | X7: 87 | Y7: =VLOOKUP(X7,المرجع!$B$2:$C$11,2) -> 4.5 | Z7: =VLOOKUP(Y7,المرجع!$D$2:$E$11,2) -> ب+ | AA7: =Y7*W7 -> 9 | AB7: 3 | AC7: 100 | AD7: =VLOOKUP(AC7,المرجع!$B$2:$C$11,2) -> 5 | AE7: =VLOOKUP(AD7,المرجع!$D$2:$E$11,2) -> أ+ | AF7: =AD7*AB7 -> 15 | AG7: 2 | AH7: 98 | AI7: =VLOOKUP(AH7,المرجع!$B$2:$C$11,2) -> 5 | AJ7: =VLOOKUP(AI7,المرجع!$D$2:$E$11,2) -> أ+ | AK7: =AI7*AG7 -> 10 | AL7: 2 | AM7: 96 | AN7: =VLOOKUP(AM7,المرجع!$B$2:$C$11,2) -> 5 | AO7: =VLOOKUP(AN7,المرجع!$D$2:$E$11,2) -> أ+ | AP7: =AN7*AL7 -> 10 | AQ7: 2 | AR7: 92 | AS7: =VLOOKUP(AR7,المرجع!$B$2:$C$11,2) -> 4.75 | AT7: =VLOOKUP(AS7,المرجع!$D$2:$E$11,2) -> أ | AU7: =AS7*AQ7 -> 9.5 | AV7: 2 | AW7: 72 | AX7: =VLOOKUP(AW7,المرجع!$B$2:$C$11,2) -> 3 | AY7: =VLOOKUP(AX7,المرجع!$D$2:$E$11,2) -> ج | AZ7: =AX7*AV7 -> 6 | BA7: =AZ7+AU7+AP7+AK7+AF7+AA7+V7+Q7+L7+G7 -> 109.25 | BB7: =AV7+AQ7+AL7+AG7+AB7+W7+R7+M7+H7+C7 -> 23 | BC7: =BA7/BB7 -> 4.75 | BD7: =(BA7+'المستوى الثاني '!BB7+'المستوى الأول '!BL8)/('المستوى الأول '!BM8+'المستوى الثاني '!BC7+'المستوى الثالث '!BB7) -> 4.6433824 | BE7: =VLOOKUP(BD7,المرجع!$D$3:$F$11,3,TRUE) -> ممتاز | BF7: =RANK(BD7,$BD$2:$BD$41) -> 6
A8: 2024156 | B8: مختار إبراهيم كمارا | C8: 1 | D8: 95 | E8: =VLOOKUP(D8,المرجع!$B$2:$C$11,2) -> 5 | F8: =VLOOKUP(E8,المرجع!$D$2:$E$11,2) -> أ+ | G8: =E8*C8 -> 5 | H8: 3 | I8: 100 | J8: =VLOOKUP(I8,المرجع!$B$2:$C$11,2) -> 5 | K8: =VLOOKUP(J8,المرجع!$D$2:$E$11,2) -> أ+ | L8: =J8*H8 -> 15 | M8: 3 | N8: 94 | O8: =VLOOKUP(N8,المرجع!$B$2:$C$11,2) -> 4.75 | P8: =VLOOKUP(O8,المرجع!$D$2:$E$11,2) -> أ | Q8: =O8*M8 -> 14.25 | R8: 3 | S8: 98 | T8: =VLOOKUP(S8,المرجع!$B$2:$C$11,2) -> 5 | U8: =VLOOKUP(T8,المرجع!$D$2:$E$11,2) -> أ+ | V8: =T8*R8 -> 15 | W8: 2 | X8: 87 | Y8: =VLOOKUP(X8,المرجع!$B$2:$C$11,2) -> 4.5 | Z8: =VLOOKUP(Y8,المرجع!$D$2:$E$11,2) -> ب+ | AA8: =Y8*W8 -> 9 | AB8: 3 | AC8: 98 | AD8: =VLOOKUP(AC8,المرجع!$B$2:$C$11,2) -> 5 | AE8: =VLOOKUP(AD8,المرجع!$D$2:$E$11,2) -> أ+ | AF8: =AD8*AB8 -> 15 | AG8: 2 | AH8: 100 | AI8: =VLOOKUP(AH8,المرجع!$B$2:$C$11,2) -> 5 | AJ8: =VLOOKUP(AI8,المرجع!$D$2:$E$11,2) -> أ+ | AK8: =AI8*AG8 -> 10 | AL8: 2 | AM8: 74 | AN8: =VLOOKUP(AM8,المرجع!$B$2:$C$11,2) -> 3 | AO8: =VLOOKUP(AN8,المرجع!$D$2:$E$11,2) -> ج | AP8: =AN8*AL8 -> 6 | AQ8: 2 | AR8: 95 | AS8: =VLOOKUP(AR8,المرجع!$B$2:$C$11,2) -> 5 | AT8: =VLOOKUP(AS8,المرجع!$D$2:$E$11,2) -> أ+ | AU8: =AS8*AQ8 -> 10 | AV8: 2 | AW8: 79 | AX8: =VLOOKUP(AW8,المرجع!$B$2:$C$11,2) -> 3.5 | AY8: =VLOOKUP(AX8,المرجع!$D$2:$E$11,2) -> ج+ | AZ8: =AX8*AV8 -> 7 | BA8: =AZ8+AU8+AP8+AK8+AF8+AA8+V8+Q8+L8+G8 -> 106.25 | BB8: =AV8+AQ8+AL8+AG8+AB8+W8+R8+M8+H8+C8 -> 23 | BC8: =BA8/BB8 -> 4.6195652 | BD8: =(BA8+'المستوى الثاني '!BB8+'المستوى الأول '!BL9)/('المستوى الأول '!BM9+'المستوى الثاني '!BC8+'المستوى الثالث '!BB8) -> 4.5551471 | BE8: =VLOOKUP(BD8,المرجع!$D$3:$F$11,3,TRUE) -> جيد جد مرتفع | BF8: =RANK(BD8,$BD$2:$BD$41) -> 7
A9: 2024210 | B9: أمر محمد تنكارا | C9: 1 | D9: 98 | E9: =VLOOKUP(D9,المرجع!$B$2:$C$11,2) -> 5 | F9: =VLOOKUP(E9,المرجع!$D$2:$E$11,2) -> أ+ | G9: =E9*C9 -> 5 | H9: 3 | I9: 98 | J9: =VLOOKUP(I9,المرجع!$B$2:$C$11,2) -> 5 | K9: =VLOOKUP(J9,المرجع!$D$2:$E$11,2) -> أ+ | L9: =J9*H9 -> 15 | M9: 3 | N9: 97 | O9: =VLOOKUP(N9,المرجع!$B$2:$C$11,2) -> 5 | P9: =VLOOKUP(O9,المرجع!$D$2:$E$11,2) -> أ+ | Q9: =O9*M9 -> 15 | R9: 3 | S9: 98 | T9: =VLOOKUP(S9,المرجع!$B$2:$C$11,2) -> 5 | U9: =VLOOKUP(T9,المرجع!$D$2:$E$11,2) -> أ+ | V9: =T9*R9 -> 15 | W9: 2 | X9: 81 | Y9: =VLOOKUP(X9,المرجع!$B$2:$C$11,2) -> 4 | Z9: =VLOOKUP(Y9,المرجع!$D$2:$E$11,2) -> ب | AA9: =Y9*W9 -> 8 | AB9: 3 | AC9: 100 | AD9: =VLOOKUP(AC9,المرجع!$B$2:$C$11,2) -> 5 | AE9: =VLOOKUP(AD9,المرجع!$D$2:$E$11,2) -> أ+ | AF9: =AD9*AB9 -> 15 | AG9: 2 | AH9: 98 | AI9: =VLOOKUP(AH9,المرجع!$B$2:$C$11,2) -> 5 | AJ9: =VLOOKUP(AI9,المرجع!$D$2:$E$11,2) -> أ+ | AK9: =AI9*AG9 -> 10 | AL9: 2 | AM9: 90 | AN9: =VLOOKUP(AM9,المرجع!$B$2:$C$11,2) -> 4.75 | AO9: =VLOOKUP(AN9,المرجع!$D$2:$E$11,2) -> أ | AP9: =AN9*AL9 -> 9.5 | AQ9: 2 | AR9: 92 | AS9: =VLOOKUP(AR9,المرجع!$B$2:$C$11,2) -> 4.75 | AT9: =VLOOKUP(AS9,المرجع!$D$2:$E$11,2) -> أ | AU9: =AS9*AQ9 -> 9.5 | AV9: 2 | AW9: 51 | AX9: =VLOOKUP(AW9,المرجع!$B$2:$C$11,2) -> 2 | AY9: =VLOOKUP(AX9,المرجع!$D$2:$E$11,2) -> د | AZ9: =AX9*AV9 -> 4 | BA9: =AZ9+AU9+AP9+AK9+AF9+AA9+V9+Q9+L9+G9 -> 106 | BB9: =AV9+AQ9+AL9+AG9+AB9+W9+R9+M9+H9+C9 -> 23 | BC9: =BA9/BB9 -> 4.6086957 | BD9: =(BA9+'المستوى الثاني '!BB9+'المستوى الأول '!BL10)/('المستوى الأول '!BM10+'المستوى الثاني '!BC9+'المستوى الثالث '!BB9) -> 4.5183824 | BE9: =VLOOKUP(BD9,المرجع!$D$3:$F$11,3,TRUE) -> جيد جد مرتفع | BF9: =RANK(BD9,$BD$2:$BD$41) -> 8
A10: 2024303 | B10: أم حواء سراج جالو | C10: 1 | D10: 90 | E10: =VLOOKUP(D10,المرجع!$B$2:$C$11,2) -> 4.75 | F10: =VLOOKUP(E10,المرجع!$D$2:$E$11,2) -> أ | G10: =E10*C10 -> 4.75 | H10: 3 | I10: 98 | J10: =VLOOKUP(I10,المرجع!$B$2:$C$11,2) -> 5 | K10: =VLOOKUP(J10,المرجع!$D$2:$E$11,2) -> أ+ | L10: =J10*H10 -> 15 | M10: 3 | N10: 96 | O10: =VLOOKUP(N10,المرجع!$B$2:$C$11,2) -> 5 | P10: =VLOOKUP(O10,المرجع!$D$2:$E$11,2) -> أ+ | Q10: =O10*M10 -> 15 | R10: 3 | S10: 98 | T10: =VLOOKUP(S10,المرجع!$B$2:$C$11,2) -> 5 | U10: =VLOOKUP(T10,المرجع!$D$2:$E$11,2) -> أ+ | V10: =T10*R10 -> 15 | W10: 2 | X10: 80 | Y10: =VLOOKUP(X10,المرجع!$B$2:$C$11,2) -> 4 | Z10: =VLOOKUP(Y10,المرجع!$D$2:$E$11,2) -> ب | AA10: =Y10*W10 -> 8 | AB10: 3 | AC10: 100 | AD10: =VLOOKUP(AC10,المرجع!$B$2:$C$11,2) -> 5 | AE10: =VLOOKUP(AD10,المرجع!$D$2:$E$11,2) -> أ+ | AF10: =AD10*AB10 -> 15 | AG10: 2 | AH10: 95 | AI10: =VLOOKUP(AH10,المرجع!$B$2:$C$11,2) -> 5 | AJ10: =VLOOKUP(AI10,المرجع!$D$2:$E$11,2) -> أ+ | AK10: =AI10*AG10 -> 10 | AL10: 2 | AM10: 70 | AN10: =VLOOKUP(AM10,المرجع!$B$2:$C$11,2) -> 3 | AO10: =VLOOKUP(AN10,المرجع!$D$2:$E$11,2) -> ج | AP10: =AN10*AL10 -> 6 | AQ10: 2 | AR10: 88 | AS10: =VLOOKUP(AR10,المرجع!$B$2:$C$11,2) -> 4.5 | AT10: =VLOOKUP(AS10,المرجع!$D$2:$E$11,2) -> ب+ | AU10: =AS10*AQ10 -> 9 | AV10: 2 | AW10: 81 | AX10: =VLOOKUP(AW10,المرجع!$B$2:$C$11,2) -> 4 | AY10: =VLOOKUP(AX10,المرجع!$D$2:$E$11,2) -> ب | AZ10: =AX10*AV10 -> 8 | BA10: =AZ10+AU10+AP10+AK10+AF10+AA10+V10+Q10+L10+G10 -> 105.75 | BB10: =AV10+AQ10+AL10+AG10+AB10+W10+R10+M10+H10+C10 -> 23 | BC10: =BA10/BB10 -> 4.5978261 | BD10: =(BA10+'المستوى الثاني '!BB10+'المستوى الأول '!BL11)/('المستوى الأول '!BM11+'المستوى الثاني '!BC10+'المستوى الثالث '!BB10) -> 4.4632353 | BE10: =VLOOKUP(BD10,المرجع!$D$3:$F$11,3,TRUE) -> جيد جد مرتفع | BF10: =RANK(BD10,$BD$2:$BD$41) -> 9
A11: 2024152 | B11: عبدالله شعيب كروما | C11: 1 | D11: 98 | E11: =VLOOKUP(D11,المرجع!$B$2:$C$11,2) -> 5 | F11: =VLOOKUP(E11,المرجع!$D$2:$E$11,2) -> أ+ | G11: =E11*C11 -> 5 | H11: 3 | I11: 98 | J11: =VLOOKUP(I11,المرجع!$B$2:$C$11,2) -> 5 | K11: =VLOOKUP(J11,المرجع!$D$2:$E$11,2) -> أ+ | L11: =J11*H11 -> 15 | M11: 3 | N11: 100 | O11: =VLOOKUP(N11,المرجع!$B$2:$C$11,2) -> 5 | P11: =VLOOKUP(O11,المرجع!$D$2:$E$11,2) -> أ+ | Q11: =O11*M11 -> 15 | R11: 3 | S11: 98 | T11: =VLOOKUP(S11,المرجع!$B$2:$C$11,2) -> 5 | U11: =VLOOKUP(T11,المرجع!$D$2:$E$11,2) -> أ+ | V11: =T11*R11 -> 15 | W11: 2 | X11: 86 | Y11: =VLOOKUP(X11,المرجع!$B$2:$C$11,2) -> 4.5 | Z11: =VLOOKUP(Y11,المرجع!$D$2:$E$11,2) -> ب+ | AA11: =Y11*W11 -> 9 | AB11: 3 | AC11: 100 | AD11: =VLOOKUP(AC11,المرجع!$B$2:$C$11,2) -> 5 | AE11: =VLOOKUP(AD11,المرجع!$D$2:$E$11,2) -> أ+ | AF11: =AD11*AB11 -> 15 | AG11: 2 | AH11: 60 | AI11: =VLOOKUP(AH11,المرجع!$B$2:$C$11,2) -> 2 | AJ11: =VLOOKUP(AI11,المرجع!$D$2:$E$11,2) -> د | AK11: =AI11*AG11 -> 4 | AL11: 2 | AM11: 97 | AN11: =VLOOKUP(AM11,المرجع!$B$2:$C$11,2) -> 5 | AO11: =VLOOKUP(AN11,المرجع!$D$2:$E$11,2) -> أ+ | AP11: =AN11*AL11 -> 10 | AQ11: 2 | AR11: 91 | AS11: =VLOOKUP(AR11,المرجع!$B$2:$C$11,2) -> 4.75 | AT11: =VLOOKUP(AS11,المرجع!$D$2:$E$11,2) -> أ | AU11: =AS11*AQ11 -> 9.5 | AV11: 2 | AW11: 81 | AX11: =VLOOKUP(AW11,المرجع!$B$2:$C$11,2) -> 4 | AY11: =VLOOKUP(AX11,المرجع!$D$2:$E$11,2) -> ب | AZ11: =AX11*AV11 -> 8 | BA11: =AZ11+AU11+AP11+AK11+AF11+AA11+V11+Q11+L11+G11 -> 105.5 | BB11: =AV11+AQ11+AL11+AG11+AB11+W11+R11+M11+H11+C11 -> 23 | BC11: =BA11/BB11 -> 4.5869565 | BD11: =(BA11+'المستوى الثاني '!BB11+'المستوى الأول '!BL12)/('المستوى الأول '!BM12+'المستوى الثاني '!BC11+'المستوى الثالث '!BB11) -> 4.4154412 | BE11: =VLOOKUP(BD11,المرجع!$D$3:$F$11,3,TRUE) -> جيد جد مرتفع | BF11: =RANK(BD11,$BD$2:$BD$41) -> 10
A12: 2024304 | B12: زينب محمد كمارا | C12: 1 | D12: 86 | E12: =VLOOKUP(D12,المرجع!$B$2:$C$11,2) -> 4.5 | F12: =VLOOKUP(E12,المرجع!$D$2:$E$11,2) -> ب+ | G12: =E12*C12 -> 4.5 | H12: 3 | I12: 100 | J12: =VLOOKUP(I12,المرجع!$B$2:$C$11,2) -> 5 | K12: =VLOOKUP(J12,المرجع!$D$2:$E$11,2) -> أ+ | L12: =J12*H12 -> 15 | M12: 3 | N12: 100 | O12: =VLOOKUP(N12,المرجع!$B$2:$C$11,2) -> 5 | P12: =VLOOKUP(O12,المرجع!$D$2:$E$11,2) -> أ+ | Q12: =O12*M12 -> 15 | R12: 3 | S12: 100 | T12: =VLOOKUP(S12,المرجع!$B$2:$C$11,2) -> 5 | U12: =VLOOKUP(T12,المرجع!$D$2:$E$11,2) -> أ+ | V12: =T12*R12 -> 15 | W12: 2 | X12: 67 | Y12: =VLOOKUP(X12,المرجع!$B$2:$C$11,2) -> 2.5 | Z12: =VLOOKUP(Y12,المرجع!$D$2:$E$11,2) -> د+ | AA12: =Y12*W12 -> 5 | AB12: 3 | AC12: 100 | AD12: =VLOOKUP(AC12,المرجع!$B$2:$C$11,2) -> 5 | AE12: =VLOOKUP(AD12,المرجع!$D$2:$E$11,2) -> أ+ | AF12: =AD12*AB12 -> 15 | AG12: 2 | AH12: 100 | AI12: =VLOOKUP(AH12,المرجع!$B$2:$C$11,2) -> 5 | AJ12: =VLOOKUP(AI12,المرجع!$D$2:$E$11,2) -> أ+ | AK12: =AI12*AG12 -> 10 | AL12: 2 | AM12: 70 | AN12: =VLOOKUP(AM12,المرجع!$B$2:$C$11,2) -> 3 | AO12: =VLOOKUP(AN12,المرجع!$D$2:$E$11,2) -> ج | AP12: =AN12*AL12 -> 6 | AQ12: 2 | AR12: 96 | AS12: =VLOOKUP(AR12,المرجع!$B$2:$C$11,2) -> 5 | AT12: =VLOOKUP(AS12,المرجع!$D$2:$E$11,2) -> أ+ | AU12: =AS12*AQ12 -> 10 | AV12: 2 | AW12: 83 | AX12: =VLOOKUP(AW12,المرجع!$B$2:$C$11,2) -> 4 | AY12: =VLOOKUP(AX12,المرجع!$D$2:$E$11,2) -> ب | AZ12: =AX12*AV12 -> 8 | BA12: =AZ12+AU12+AP12+AK12+AF12+AA12+V12+Q12+L12+G12 -> 103.5 | BB12: =AV12+AQ12+AL12+AG12+AB12+W12+R12+M12+H12+C12 -> 23 | BC12: =BA12/BB12 -> 4.5 | BD12: =(BA12+'المستوى الثاني '!BB12+'المستوى الأول '!BL13)/('المستوى الأول '!BM13+'المستوى الثاني '!BC12+'المستوى الثالث '!BB12) -> 4.3676471 | BE12: =VLOOKUP(BD12,المرجع!$D$3:$F$11,3,TRUE) -> جيد جد مرتفع | BF12: =RANK(BD12,$BD$2:$BD$41) -> 11
A13: 2024155 | B13: مالا كيبا سيسي | C13: 1 | D13: 62 | E13: =VLOOKUP(D13,المرجع!$B$2:$C$11,2) -> 2 | F13: =VLOOKUP(E13,المرجع!$D$2:$E$11,2) -> د | G13: =E13*C13 -> 2 | H13: 3 | I13: 97 | J13: =VLOOKUP(I13,المرجع!$B$2:$C$11,2) -> 5 | K13: =VLOOKUP(J13,المرجع!$D$2:$E$11,2) -> أ+ | L13: =J13*H13 -> 15 | M13: 3 | N13: 100 | O13: =VLOOKUP(N13,المرجع!$B$2:$C$11,2) -> 5 | P13: =VLOOKUP(O13,المرجع!$D$2:$E$11,2) -> أ+ | Q13: =O13*M13 -> 15 | R13: 3 | S13: 98 | T13: =VLOOKUP(S13,المرجع!$B$2:$C$11,2) -> 5 | U13: =VLOOKUP(T13,المرجع!$D$2:$E$11,2) -> أ+ | V13: =T13*R13 -> 15 | W13: 2 | X13: 86 | Y13: =VLOOKUP(X13,المرجع!$B$2:$C$11,2) -> 4.5 | Z13: =VLOOKUP(Y13,المرجع!$D$2:$E$11,2) -> ب+ | AA13: =Y13*W13 -> 9 | AB13: 3 | AC13: 95 | AD13: =VLOOKUP(AC13,المرجع!$B$2:$C$11,2) -> 5 | AE13: =VLOOKUP(AD13,المرجع!$D$2:$E$11,2) -> أ+ | AF13: =AD13*AB13 -> 15 | AG13: 2 | AH13: 96 | AI13: =VLOOKUP(AH13,المرجع!$B$2:$C$11,2) -> 5 | AJ13: =VLOOKUP(AI13,المرجع!$D$2:$E$11,2) -> أ+ | AK13: =AI13*AG13 -> 10 | AL13: 2 | AM13: 85 | AN13: =VLOOKUP(AM13,المرجع!$B$2:$C$11,2) -> 4.5 | AO13: =VLOOKUP(AN13,المرجع!$D$2:$E$11,2) -> ب+ | AP13: =AN13*AL13 -> 9 | AQ13: 2 | AR13: 90 | AS13: =VLOOKUP(AR13,المرجع!$B$2:$C$11,2) -> 4.75 | AT13: =VLOOKUP(AS13,المرجع!$D$2:$E$11,2) -> أ | AU13: =AS13*AQ13 -> 9.5 | AV13: 2 | AW13: 63 | AX13: =VLOOKUP(AW13,المرجع!$B$2:$C$11,2) -> 2 | AY13: =VLOOKUP(AX13,المرجع!$D$2:$E$11,2) -> د | AZ13: =AX13*AV13 -> 4 | BA13: =AZ13+AU13+AP13+AK13+AF13+AA13+V13+Q13+L13+G13 -> 103.5 | BB13: =AV13+AQ13+AL13+AG13+AB13+W13+R13+M13+H13+C13 -> 23 | BC13: =BA13/BB13 -> 4.5 | BD13: =(BA13+'المستوى الثاني '!BB13+'المستوى الأول '!BL14)/('المستوى الأول '!BM14+'المستوى الثاني '!BC13+'المستوى الثالث '!BB13) -> 4.3161765 | BE13: =VLOOKUP(BD13,المرجع!$D$3:$F$11,3,TRUE) -> جيد جد مرتفع | BF13: =RANK(BD13,$BD$2:$BD$41) -> 12
A14: 2024162 | B14: عثمان الحاج باكيبا ديباسي | C14: 1 | D14: 92 | E14: =VLOOKUP(D14,المرجع!$B$2:$C$11,2) -> 4.75 | F14: =VLOOKUP(E14,المرجع!$D$2:$E$11,2) -> أ | G14: =E14*C14 -> 4.75 | H14: 3 | I14: 98 | J14: =VLOOKUP(I14,المرجع!$B$2:$C$11,2) -> 5 | K14: =VLOOKUP(J14,المرجع!$D$2:$E$11,2) -> أ+ | L14: =J14*H14 -> 15 | M14: 3 | N14: 99 | O14: =VLOOKUP(N14,المرجع!$B$2:$C$11,2) -> 5 | P14: =VLOOKUP(O14,المرجع!$D$2:$E$11,2) -> أ+ | Q14: =O14*M14 -> 15 | R14: 3 | S14: 98 | T14: =VLOOKUP(S14,المرجع!$B$2:$C$11,2) -> 5 | U14: =VLOOKUP(T14,المرجع!$D$2:$E$11,2) -> أ+ | V14: =T14*R14 -> 15 | W14: 2 | X14: 84 | Y14: =VLOOKUP(X14,المرجع!$B$2:$C$11,2) -> 4 | Z14: =VLOOKUP(Y14,المرجع!$D$2:$E$11,2) -> ب | AA14: =Y14*W14 -> 8 | AB14: 3 | AC14: 100 | AD14: =VLOOKUP(AC14,المرجع!$B$2:$C$11,2) -> 5 | AE14: =VLOOKUP(AD14,المرجع!$D$2:$E$11,2) -> أ+ | AF14: =AD14*AB14 -> 15 | AG14: 2 | AH14: 71 | AI14: =VLOOKUP(AH14,المرجع!$B$2:$C$11,2) -> 3 | AJ14: =VLOOKUP(AI14,المرجع!$D$2:$E$11,2) -> ج | AK14: =AI14*AG14 -> 6 | AL14: 2 | AM14: 93 | AN14: =VLOOKUP(AM14,المرجع!$B$2:$C$11,2) -> 4.75 | AO14: =VLOOKUP(AN14,المرجع!$D$2:$E$11,2) -> أ | AP14: =AN14*AL14 -> 9.5 | AQ14: 2 | AR14: 99 | AS14: =VLOOKUP(AR14,المرجع!$B$2:$C$11,2) -> 5 | AT14: =VLOOKUP(AS14,المرجع!$D$2:$E$11,2) -> أ+ | AU14: =AS14*AQ14 -> 10 | AV14: 2 | AW14: 65 | AX14: =VLOOKUP(AW14,المرجع!$B$2:$C$11,2) -> 2.5 | AY14: =VLOOKUP(AX14,المرجع!$D$2:$E$11,2) -> د+ | AZ14: =AX14*AV14 -> 5 | BA14: =AZ14+AU14+AP14+AK14+AF14+AA14+V14+Q14+L14+G14 -> 103.25 | BB14: =AV14+AQ14+AL14+AG14+AB14+W14+R14+M14+H14+C14 -> 23 | BC14: =BA14/BB14 -> 4.4891304 | BD14: =(BA14+'المستوى الثاني '!BB14+'المستوى الأول '!BL15)/('المستوى الأول '!BM15+'المستوى الثاني '!BC14+'المستوى الثالث '!BB14) -> 4.2941176 | BE14: =VLOOKUP(BD14,المرجع!$D$3:$F$11,3,TRUE) -> جيد جد مرتفع | BF14: =RANK(BD14,$BD$2:$BD$41) -> 13
A15: 2024179 | B15: نيما ستو محمد دكوري | C15: 1 | D15: 84 | E15: =VLOOKUP(D15,المرجع!$B$2:$C$11,2) -> 4 | F15: =VLOOKUP(E15,المرجع!$D$2:$E$11,2) -> ب | G15: =E15*C15 -> 4 | H15: 3 | I15: 98 | J15: =VLOOKUP(I15,المرجع!$B$2:$C$11,2) -> 5 | K15: =VLOOKUP(J15,المرجع!$D$2:$E$11,2) -> أ+ | L15: =J15*H15 -> 15 | M15: 3 | N15: 82 | O15: =VLOOKUP(N15,المرجع!$B$2:$C$11,2) -> 4 | P15: =VLOOKUP(O15,المرجع!$D$2:$E$11,2) -> ب | Q15: =O15*M15 -> 12 | R15: 3 | S15: 95 | T15: =VLOOKUP(S15,المرجع!$B$2:$C$11,2) -> 5 | U15: =VLOOKUP(T15,المرجع!$D$2:$E$11,2) -> أ+ | V15: =T15*R15 -> 15 | W15: 2 | X15: 89 | Y15: =VLOOKUP(X15,المرجع!$B$2:$C$11,2) -> 4.5 | Z15: =VLOOKUP(Y15,المرجع!$D$2:$E$11,2) -> ب+ | AA15: =Y15*W15 -> 9 | AB15: 3 | AC15: 90 | AD15: =VLOOKUP(AC15,المرجع!$B$2:$C$11,2) -> 4.75 | AE15: =VLOOKUP(AD15,المرجع!$D$2:$E$11,2) -> أ | AF15: =AD15*AB15 -> 14.25 | AG15: 2 | AH15: 90 | AI15: =VLOOKUP(AH15,المرجع!$B$2:$C$11,2) -> 4.75 | AJ15: =VLOOKUP(AI15,المرجع!$D$2:$E$11,2) -> أ | AK15: =AI15*AG15 -> 9.5 | AL15: 2 | AM15: 68 | AN15: =VLOOKUP(AM15,المرجع!$B$2:$C$11,2) -> 2.5 | AO15: =VLOOKUP(AN15,المرجع!$D$2:$E$11,2) -> د+ | AP15: =AN15*AL15 -> 5 | AQ15: 2 | AR15: 93 | AS15: =VLOOKUP(AR15,المرجع!$B$2:$C$11,2) -> 4.75 | AT15: =VLOOKUP(AS15,المرجع!$D$2:$E$11,2) -> أ | AU15: =AS15*AQ15 -> 9.5 | AV15: 2 | AW15: 69 | AX15: =VLOOKUP(AW15,المرجع!$B$2:$C$11,2) -> 2.5 | AY15: =VLOOKUP(AX15,المرجع!$D$2:$E$11,2) -> د+ | AZ15: =AX15*AV15 -> 5 | BA15: =AZ15+AU15+AP15+AK15+AF15+AA15+V15+Q15+L15+G15 -> 98.25 | BB15: =AV15+AQ15+AL15+AG15+AB15+W15+R15+M15+H15+C15 -> 23 | BC15: =BA15/BB15 -> 4.2717391 | BD15: =(BA15+'المستوى الثاني '!BB17+'المستوى الأول '!BL18)/('المستوى الأول '!BM18+'المستوى الثاني '!BC17+'المستوى الثالث '!BB17) -> 4.1985294 | BE15: =VLOOKUP(BD15,المرجع!$D$3:$F$11,3,TRUE) -> جيد جد مرتفع | BF15: =RANK(BD15,$BD$2:$BD$41) -> 15
A16: 2024205 | B16: فاطمة بنغالي جاورى | C16: 1 | D16: 88 | E16: =VLOOKUP(D16,المرجع!$B$2:$C$11,2) -> 4.5 | F16: =VLOOKUP(E16,المرجع!$D$2:$E$11,2) -> ب+ | G16: =E16*C16 -> 4.5 | H16: 3 | I16: 96 | J16: =VLOOKUP(I16,المرجع!$B$2:$C$11,2) -> 5 | K16: =VLOOKUP(J16,المرجع!$D$2:$E$11,2) -> أ+ | L16: =J16*H16 -> 15 | M16: 3 | N16: 88 | O16: =VLOOKUP(N16,المرجع!$B$2:$C$11,2) -> 4.5 | P16: =VLOOKUP(O16,المرجع!$D$2:$E$11,2) -> ب+ | Q16: =O16*M16 -> 13.5 | R16: 3 | S16: 95 | T16: =VLOOKUP(S16,المرجع!$B$2:$C$11,2) -> 5 | U16: =VLOOKUP(T16,المرجع!$D$2:$E$11,2) -> أ+ | V16: =T16*R16 -> 15 | W16: 2 | X16: 82 | Y16: =VLOOKUP(X16,المرجع!$B$2:$C$11,2) -> 4 | Z16: =VLOOKUP(Y16,المرجع!$D$2:$E$11,2) -> ب | AA16: =Y16*W16 -> 8 | AB16: 3 | AC16: 100 | AD16: =VLOOKUP(AC16,المرجع!$B$2:$C$11,2) -> 5 | AE16: =VLOOKUP(AD16,المرجع!$D$2:$E$11,2) -> أ+ | AF16: =AD16*AB16 -> 15 | AG16: 2 | AH16: 98 | AI16: =VLOOKUP(AH16,المرجع!$B$2:$C$11,2) -> 5 | AJ16: =VLOOKUP(AI16,المرجع!$D$2:$E$11,2) -> أ+ | AK16: =AI16*AG16 -> 10 | AL16: 2 | AM16: 52 | AN16: =VLOOKUP(AM16,المرجع!$B$2:$C$11,2) -> 2 | AO16: =VLOOKUP(AN16,المرجع!$D$2:$E$11,2) -> د | AP16: =AN16*AL16 -> 4 | AQ16: 2 | AR16: 98 | AS16: =VLOOKUP(AR16,المرجع!$B$2:$C$11,2) -> 5 | AT16: =VLOOKUP(AS16,المرجع!$D$2:$E$11,2) -> أ+ | AU16: =AS16*AQ16 -> 10 | AV16: 2 | AW16: 73 | AX16: =VLOOKUP(AW16,المرجع!$B$2:$C$11,2) -> 3 | AY16: =VLOOKUP(AX16,المرجع!$D$2:$E$11,2) -> ج | AZ16: =AX16*AV16 -> 6 | BA16: =AZ16+AU16+AP16+AK16+AF16+AA16+V16+Q16+L16+G16 -> 101 | BB16: =AV16+AQ16+AL16+AG16+AB16+W16+R16+M16+H16+C16 -> 23 | BC16: =BA16/BB16 -> 4.3913043 | BD16: =(BA16+'المستوى الثاني '!BB15+'المستوى الأول '!BL16)/('المستوى الأول '!BM16+'المستوى الثاني '!BC15+'المستوى الثالث '!BB15) -> 4.2095588 | BE16: =VLOOKUP(BD16,المرجع!$D$3:$F$11,3,TRUE) -> جيد جد مرتفع | BF16: =RANK(BD16,$BD$2:$BD$41) -> 14
A17: 2024158 | B17: محمد صالح أحمد باه | C17: 1 | D17: 96 | E17: =VLOOKUP(D17,المرجع!$B$2:$C$11,2) -> 5 | F17: =VLOOKUP(E17,المرجع!$D$2:$E$11,2) -> أ+ | G17: =E17*C17 -> 5 | H17: 3 | I17: 93 | J17: =VLOOKUP(I17,المرجع!$B$2:$C$11,2) -> 4.75 | K17: =VLOOKUP(J17,المرجع!$D$2:$E$11,2) -> أ | L17: =J17*H17 -> 14.25 | M17: 3 | N17: 77 | O17: =VLOOKUP(N17,المرجع!$B$2:$C$11,2) -> 3.5 | P17: =VLOOKUP(O17,المرجع!$D$2:$E$11,2) -> ج+ | Q17: =O17*M17 -> 10.5 | R17: 3 | S17: 98 | T17: =VLOOKUP(S17,المرجع!$B$2:$C$11,2) -> 5 | U17: =VLOOKUP(T17,المرجع!$D$2:$E$11,2) -> أ+ | V17: =T17*R17 -> 15 | W17: 2 | X17: 77 | Y17: =VLOOKUP(X17,المرجع!$B$2:$C$11,2) -> 3.5 | Z17: =VLOOKUP(Y17,المرجع!$D$2:$E$11,2) -> ج+ | AA17: =Y17*W17 -> 7 | AB17: 3 | AC17: 95 | AD17: =VLOOKUP(AC17,المرجع!$B$2:$C$11,2) -> 5 | AE17: =VLOOKUP(AD17,المرجع!$D$2:$E$11,2) -> أ+ | AF17: =AD17*AB17 -> 15 | AG17: 2 | AH17: 93 | AI17: =VLOOKUP(AH17,المرجع!$B$2:$C$11,2) -> 4.75 | AJ17: =VLOOKUP(AI17,المرجع!$D$2:$E$11,2) -> أ | AK17: =AI17*AG17 -> 9.5 | AL17: 2 | AM17: 87 | AN17: =VLOOKUP(AM17,المرجع!$B$2:$C$11,2) -> 4.5 | AO17: =VLOOKUP(AN17,المرجع!$D$2:$E$11,2) -> ب+ | AP17: =AN17*AL17 -> 9 | AQ17: 2 | AR17: 89 | AS17: =VLOOKUP(AR17,المرجع!$B$2:$C$11,2) -> 4.5 | AT17: =VLOOKUP(AS17,المرجع!$D$2:$E$11,2) -> ب+ | AU17: =AS17*AQ17 -> 9 | AV17: 2 | AW17: 64 | AX17: =VLOOKUP(AW17,المرجع!$B$2:$C$11,2) -> 2 | AY17: =VLOOKUP(AX17,المرجع!$D$2:$E$11,2) -> د | AZ17: =AX17*AV17 -> 4 | BA17: =AZ17+AU17+AP17+AK17+AF17+AA17+V17+Q17+L17+G17 -> 98.25 | BB17: =AV17+AQ17+AL17+AG17+AB17+W17+R17+M17+H17+C17 -> 23 | BC17: =BA17/BB17 -> 4.2717391 | BD17: =(BA17+'المستوى الثاني '!BB16+'المستوى الأول '!BL17)/('المستوى الأول '!BM17+'المستوى الثاني '!BC16+'المستوى الثالث '!BB16) -> 4.1875 | BE17: =VLOOKUP(BD17,المرجع!$D$3:$F$11,3,TRUE) -> جيد جد مرتفع | BF17: =RANK(BD17,$BD$2:$BD$41) -> 16
A18: 2024193 | B18: محمد يوسف واغي | C18: 1 | D18: 98 | E18: =VLOOKUP(D18,المرجع!$B$2:$C$11,2) -> 5 | F18: =VLOOKUP(E18,المرجع!$D$2:$E$11,2) -> أ+ | G18: =E18*C18 -> 5 | H18: 3 | I18: 92 | J18: =VLOOKUP(I18,المرجع!$B$2:$C$11,2) -> 4.75 | K18: =VLOOKUP(J18,المرجع!$D$2:$E$11,2) -> أ | L18: =J18*H18 -> 14.25 | M18: 3 | N18: 92 | O18: =VLOOKUP(N18,المرجع!$B$2:$C$11,2) -> 4.75 | P18: =VLOOKUP(O18,المرجع!$D$2:$E$11,2) -> أ | Q18: =O18*M18 -> 14.25 | R18: 3 | S18: 92 | T18: =VLOOKUP(S18,المرجع!$B$2:$C$11,2) -> 4.75 | U18: =VLOOKUP(T18,المرجع!$D$2:$E$11,2) -> أ | V18: =T18*R18 -> 14.25 | W18: 2 | X18: 76 | Y18: =VLOOKUP(X18,المرجع!$B$2:$C$11,2) -> 3.5 | Z18: =VLOOKUP(Y18,المرجع!$D$2:$E$11,2) -> ج+ | AA18: =Y18*W18 -> 7 | AB18: 3 | AC18: 95 | AD18: =VLOOKUP(AC18,المرجع!$B$2:$C$11,2) -> 5 | AE18: =VLOOKUP(AD18,المرجع!$D$2:$E$11,2) -> أ+ | AF18: =AD18*AB18 -> 15 | AG18: 2 | AH18: 93 | AI18: =VLOOKUP(AH18,المرجع!$B$2:$C$11,2) -> 4.75 | AJ18: =VLOOKUP(AI18,المرجع!$D$2:$E$11,2) -> أ | AK18: =AI18*AG18 -> 9.5 | AL18: 2 | AM18: 66 | AN18: =VLOOKUP(AM18,المرجع!$B$2:$C$11,2) -> 2.5 | AO18: =VLOOKUP(AN18,المرجع!$D$2:$E$11,2) -> د+ | AP18: =AN18*AL18 -> 5 | AQ18: 2 | AR18: 97 | AS18: =VLOOKUP(AR18,المرجع!$B$2:$C$11,2) -> 5 | AT18: =VLOOKUP(AS18,المرجع!$D$2:$E$11,2) -> أ+ | AU18: =AS18*AQ18 -> 10 | AV18: 2 | AW18: 54 | AX18: =VLOOKUP(AW18,المرجع!$B$2:$C$11,2) -> 2 | AY18: =VLOOKUP(AX18,المرجع!$D$2:$E$11,2) -> د | AZ18: =AX18*AV18 -> 4 | BA18: =AZ18+AU18+AP18+AK18+AF18+AA18+V18+Q18+L18+G18 -> 98.25 | BB18: =AV18+AQ18+AL18+AG18+AB18+W18+R18+M18+H18+C18 -> 23 | BC18: =BA18/BB18 -> 4.2717391 | BD18: =(BA18+'المستوى الثاني '!BB18+'المستوى الأول '!BL19)/('المستوى الأول '!BM19+'المستوى الثاني '!BC18+'المستوى الثالث '!BB18) -> 4.0955882 | BE18: =VLOOKUP(BD18,المرجع!$D$3:$F$11,3,TRUE) -> جيد جدا | BF18: =RANK(BD18,$BD$2:$BD$41) -> 17
A19: 2024176 | B19: مريم محمد سلو جالو | C19: 1 | D19: 93 | E19: =VLOOKUP(D19,المرجع!$B$2:$C$11,2) -> 4.75 | F19: =VLOOKUP(E19,المرجع!$D$2:$E$11,2) -> أ | G19: =E19*C19 -> 4.75 | H19: 3 | I19: 96 | J19: =VLOOKUP(I19,المرجع!$B$2:$C$11,2) -> 5 | K19: =VLOOKUP(J19,المرجع!$D$2:$E$11,2) -> أ+ | L19: =J19*H19 -> 15 | M19: 3 | N19: 96 | O19: =VLOOKUP(N19,المرجع!$B$2:$C$11,2) -> 5 | P19: =VLOOKUP(O19,المرجع!$D$2:$E$11,2) -> أ+ | Q19: =O19*M19 -> 15 | R19: 3 | S19: 95 | T19: =VLOOKUP(S19,المرجع!$B$2:$C$11,2) -> 5 | U19: =VLOOKUP(T19,المرجع!$D$2:$E$11,2) -> أ+ | V19: =T19*R19 -> 15 | W19: 2 | X19: 64 | Y19: =VLOOKUP(X19,المرجع!$B$2:$C$11,2) -> 2 | Z19: =VLOOKUP(Y19,المرجع!$D$2:$E$11,2) -> د | AA19: =Y19*W19 -> 4 | AB19: 3 | AC19: 90 | AD19: =VLOOKUP(AC19,المرجع!$B$2:$C$11,2) -> 4.75 | AE19: =VLOOKUP(AD19,المرجع!$D$2:$E$11,2) -> أ | AF19: =AD19*AB19 -> 14.25 | AG19: 2 | AH19: 95 | AI19: =VLOOKUP(AH19,المرجع!$B$2:$C$11,2) -> 5 | AJ19: =VLOOKUP(AI19,المرجع!$D$2:$E$11,2) -> أ+ | AK19: =AI19*AG19 -> 10 | AL19: 2 | AM19: 50 | AN19: =VLOOKUP(AM19,المرجع!$B$2:$C$11,2) -> 2 | AO19: =VLOOKUP(AN19,المرجع!$D$2:$E$11,2) -> د | AP19: =AN19*AL19 -> 4 | AQ19: 2 | AR19: 82 | AS19: =VLOOKUP(AR19,المرجع!$B$2:$C$11,2) -> 4 | AT19: =VLOOKUP(AS19,المرجع!$D$2:$E$11,2) -> ب | AU19: =AS19*AQ19 -> 8 | AV19: 2 | AW19: 80 | AX19: =VLOOKUP(AW19,المرجع!$B$2:$C$11,2) -> 4 | AY19: =VLOOKUP(AX19,المرجع!$D$2:$E$11,2) -> ب | AZ19: =AX19*AV19 -> 8 | BA19: =AZ19+AU19+AP19+AK19+AF19+AA19+V19+Q19+L19+G19 -> 98 | BB19: =AV19+AQ19+AL19+AG19+AB19+W19+R19+M19+H19+C19 -> 23 | BC19: =BA19/BB19 -> 4.2608696 | BD19: =(BA19+'المستوى الثاني '!BB19+'المستوى الأول '!BL20)/('المستوى الأول '!BM20+'المستوى الثاني '!BC19+'المستوى الثالث '!BB19) -> 4.0735294 | BE19: =VLOOKUP(BD19,المرجع!$D$3:$F$11,3,TRUE) -> جيد جدا | BF19: =RANK(BD19,$BD$2:$BD$41) -> 18
A20: 2024157 | B20: جعفر موسى درامي | C20: 1 | D20: 96 | E20: =VLOOKUP(D20,المرجع!$B$2:$C$11,2) -> 5 | F20: =VLOOKUP(E20,المرجع!$D$2:$E$11,2) -> أ+ | G20: =E20*C20 -> 5 | H20: 3 | I20: 99 | J20: =VLOOKUP(I20,المرجع!$B$2:$C$11,2) -> 5 | K20: =VLOOKUP(J20,المرجع!$D$2:$E$11,2) -> أ+ | L20: =J20*H20 -> 15 | M20: 3 | N20: 78 | O20: =VLOOKUP(N20,المرجع!$B$2:$C$11,2) -> 3.5 | P20: =VLOOKUP(O20,المرجع!$D$2:$E$11,2) -> ج+ | Q20: =O20*M20 -> 10.5 | R20: 3 | S20: 98 | T20: =VLOOKUP(S20,المرجع!$B$2:$C$11,2) -> 5 | U20: =VLOOKUP(T20,المرجع!$D$2:$E$11,2) -> أ+ | V20: =T20*R20 -> 15 | W20: 2 | X20: 67 | Y20: =VLOOKUP(X20,المرجع!$B$2:$C$11,2) -> 2.5 | Z20: =VLOOKUP(Y20,المرجع!$D$2:$E$11,2) -> د+ | AA20: =Y20*W20 -> 5 | AB20: 3 | AC20: 100 | AD20: =VLOOKUP(AC20,المرجع!$B$2:$C$11,2) -> 5 | AE20: =VLOOKUP(AD20,المرجع!$D$2:$E$11,2) -> أ+ | AF20: =AD20*AB20 -> 15 | AG20: 2 | AH20: 100 | AI20: =VLOOKUP(AH20,المرجع!$B$2:$C$11,2) -> 5 | AJ20: =VLOOKUP(AI20,المرجع!$D$2:$E$11,2) -> أ+ | AK20: =AI20*AG20 -> 10 | AL20: 2 | AM20: 77 | AN20: =VLOOKUP(AM20,المرجع!$B$2:$C$11,2) -> 3.5 | AO20: =VLOOKUP(AN20,المرجع!$D$2:$E$11,2) -> ج+ | AP20: =AN20*AL20 -> 7 | AQ20: 2 | AR20: 98 | AS20: =VLOOKUP(AR20,المرجع!$B$2:$C$11,2) -> 5 | AT20: =VLOOKUP(AS20,المرجع!$D$2:$E$11,2) -> أ+ | AU20: =AS20*AQ20 -> 10 | AV20: 2 | AW20: 61 | AX20: =VLOOKUP(AW20,المرجع!$B$2:$C$11,2) -> 2 | AY20: =VLOOKUP(AX20,المرجع!$D$2:$E$11,2) -> د | AZ20: =AX20*AV20 -> 4 | BA20: =AZ20+AU20+AP20+AK20+AF20+AA20+V20+Q20+L20+G20 -> 96.5 | BB20: =AV20+AQ20+AL20+AG20+AB20+W20+R20+M20+H20+C20 -> 23 | BC20: =BA20/BB20 -> 4.1956522 | BD20: =(BA20+'المستوى الثاني '!BB20+'المستوى الأول '!BL21)/('المستوى الأول '!BM21+'المستوى الثاني '!BC20+'المستوى الثالث '!BB20) -> 3.9889706 | BE20: =VLOOKUP(BD20,المرجع!$D$3:$F$11,3,TRUE) -> جيد جدا | BF20: =RANK(BD20,$BD$2:$BD$41) -> 19
A21: 2024204 | B21: آمنة كيبا جاولا | C21: 1 | D21: 93 | E21: =VLOOKUP(D21,المرجع!$B$2:$C$11,2) -> 4.75 | F21: =VLOOKUP(E21,المرجع!$D$2:$E$11,2) -> أ | G21: =E21*C21 -> 4.75 | H21: 3 | I21: 91 | J21: =VLOOKUP(I21,المرجع!$B$2:$C$11,2) -> 4.75 | K21: =VLOOKUP(J21,المرجع!$D$2:$E$11,2) -> أ | L21: =J21*H21 -> 14.25 | M21: 3 | N21: 75 | O21: =VLOOKUP(N21,المرجع!$B$2:$C$11,2) -> 3.5 | P21: =VLOOKUP(O21,المرجع!$D$2:$E$11,2) -> ج+ | Q21: =O21*M21 -> 10.5 | R21: 3 | S21: 92 | T21: =VLOOKUP(S21,المرجع!$B$2:$C$11,2) -> 4.75 | U21: =VLOOKUP(T21,المرجع!$D$2:$E$11,2) -> أ | V21: =T21*R21 -> 14.25 | W21: 2 | X21: 69 | Y21: =VLOOKUP(X21,المرجع!$B$2:$C$11,2) -> 2.5 | Z21: =VLOOKUP(Y21,المرجع!$D$2:$E$11,2) -> د+ | AA21: =Y21*W21 -> 5 | AB21: 3 | AC21: 86 | AD21: =VLOOKUP(AC21,المرجع!$B$2:$C$11,2) -> 4.5 | AE21: =VLOOKUP(AD21,المرجع!$D$2:$E$11,2) -> ب+ | AF21: =AD21*AB21 -> 13.5 | AG21: 2 | AH21: 90 | AI21: =VLOOKUP(AH21,المرجع!$B$2:$C$11,2) -> 4.75 | AJ21: =VLOOKUP(AI21,المرجع!$D$2:$E$11,2) -> أ | AK21: =AI21*AG21 -> 9.5 | AL21: 2 | AM21: 50 | AN21: =VLOOKUP(AM21,المرجع!$B$2:$C$11,2) -> 2 | AO21: =VLOOKUP(AN21,المرجع!$D$2:$E$11,2) -> د | AP21: =AN21*AL21 -> 4 | AQ21: 2 | AR21: 85 | AS21: =VLOOKUP(AR21,المرجع!$B$2:$C$11,2) -> 4.5 | AT21: =VLOOKUP(AS21,المرجع!$D$2:$E$11,2) -> ب+ | AU21: =AS21*AQ21 -> 9 | AV21: 2 | AW21: 95 | AX21: =VLOOKUP(AW21,المرجع!$B$2:$C$11,2) -> 5 | AY21: =VLOOKUP(AX21,المرجع!$D$2:$E$11,2) -> أ+ | AZ21: =AX21*AV21 -> 10 | BA21: =AZ21+AU21+AP21+AK21+AF21+AA21+V21+Q21+L21+G21 -> 94.75 | BB21: =AV21+AQ21+AL21+AG21+AB21+W21+R21+M21+H21+C21 -> 23 | BC21: =BA21/BB21 -> 4.1195652 | BD21: =(BA21+'المستوى الثاني '!BB21+'المستوى الأول '!BL22)/('المستوى الأول '!BM22+'المستوى الثاني '!BC21+'المستوى الثالث '!BB21) -> 3.8897059 | BE21: =VLOOKUP(BD21,المرجع!$D$3:$F$11,3,TRUE) -> جيد جدا | BF21: =RANK(BD21,$BD$2:$BD$41) -> 20
A22: 2024161 | B22: فامر فاندن ساني | C22: 1 | D22: 89 | E22: =VLOOKUP(D22,المرجع!$B$2:$C$11,2) -> 4.5 | F22: =VLOOKUP(E22,المرجع!$D$2:$E$11,2) -> ب+ | G22: =E22*C22 -> 4.5 | H22: 3 | I22: 89 | J22: =VLOOKUP(I22,المرجع!$B$2:$C$11,2) -> 4.5 | K22: =VLOOKUP(J22,المرجع!$D$2:$E$11,2) -> ب+ | L22: =J22*H22 -> 13.5 | M22: 3 | N22: 68 | O22: =VLOOKUP(N22,المرجع!$B$2:$C$11,2) -> 2.5 | P22: =VLOOKUP(O22,المرجع!$D$2:$E$11,2) -> د+ | Q22: =O22*M22 -> 7.5 | R22: 3 | S22: 98 | T22: =VLOOKUP(S22,المرجع!$B$2:$C$11,2) -> 5 | U22: =VLOOKUP(T22,المرجع!$D$2:$E$11,2) -> أ+ | V22: =T22*R22 -> 15 | W22: 2 | X22: 83 | Y22: =VLOOKUP(X22,المرجع!$B$2:$C$11,2) -> 4 | Z22: =VLOOKUP(Y22,المرجع!$D$2:$E$11,2) -> ب | AA22: =Y22*W22 -> 8 | AB22: 3 | AC22: 95 | AD22: =VLOOKUP(AC22,المرجع!$B$2:$C$11,2) -> 5 | AE22: =VLOOKUP(AD22,المرجع!$D$2:$E$11,2) -> أ+ | AF22: =AD22*AB22 -> 15 | AG22: 2 | AH22: 78 | AI22: =VLOOKUP(AH22,المرجع!$B$2:$C$11,2) -> 3.5 | AJ22: =VLOOKUP(AI22,المرجع!$D$2:$E$11,2) -> ج+ | AK22: =AI22*AG22 -> 7 | AL22: 2 | AM22: 55 | AN22: =VLOOKUP(AM22,المرجع!$B$2:$C$11,2) -> 2 | AO22: =VLOOKUP(AN22,المرجع!$D$2:$E$11,2) -> د | AP22: =AN22*AL22 -> 4 | AQ22: 2 | AR22: 87 | AS22: =VLOOKUP(AR22,المرجع!$B$2:$C$11,2) -> 4.5 | AT22: =VLOOKUP(AS22,المرجع!$D$2:$E$11,2) -> ب+ | AU22: =AS22*AQ22 -> 9 | AV22: 2 | AW22: 75 | AX22: =VLOOKUP(AW22,المرجع!$B$2:$C$11,2) -> 3.5 | AY22: =VLOOKUP(AX22,المرجع!$D$2:$E$11,2) -> ج+ | AZ22: =AX22*AV22 -> 7 | BA22: =AZ22+AU22+AP22+AK22+AF22+AA22+V22+Q22+L22+G22 -> 90.5 | BB22: =AV22+AQ22+AL22+AG22+AB22+W22+R22+M22+H22+C22 -> 23 | BC22: =BA22/BB22 -> 3.9347826 | BD22: =(BA22+'المستوى الثاني '!BB23+'المستوى الأول '!BL24)/('المستوى الأول '!BM24+'المستوى الثاني '!BC23+'المستوى الثالث '!BB23) -> 3.7794118 | BE22: =VLOOKUP(BD22,المرجع!$D$3:$F$11,3,TRUE) -> جيد جدا | BF22: =RANK(BD22,$BD$2:$BD$41) -> 21
A23: 2024212 | B23: يعقوب أحمد ترولي | C23: 1 | D23: 88 | E23: =VLOOKUP(D23,المرجع!$B$2:$C$11,2) -> 4.5 | F23: =VLOOKUP(E23,المرجع!$D$2:$E$11,2) -> ب+ | G23: =E23*C23 -> 4.5 | H23: 3 | I23: 100 | J23: =VLOOKUP(I23,المرجع!$B$2:$C$11,2) -> 5 | K23: =VLOOKUP(J23,المرجع!$D$2:$E$11,2) -> أ+ | L23: =J23*H23 -> 15 | M23: 3 | N23: 85 | O23: =VLOOKUP(N23,المرجع!$B$2:$C$11,2) -> 4.5 | P23: =VLOOKUP(O23,المرجع!$D$2:$E$11,2) -> ب+ | Q23: =O23*M23 -> 13.5 | R23: 3 | S23: 98 | T23: =VLOOKUP(S23,المرجع!$B$2:$C$11,2) -> 5 | U23: =VLOOKUP(T23,المرجع!$D$2:$E$11,2) -> أ+ | V23: =T23*R23 -> 15 | W23: 2 | X23: 52 | Y23: =VLOOKUP(X23,المرجع!$B$2:$C$11,2) -> 2 | Z23: =VLOOKUP(Y23,المرجع!$D$2:$E$11,2) -> د | AA23: =Y23*W23 -> 4 | AB23: 3 | AC23: 98 | AD23: =VLOOKUP(AC23,المرجع!$B$2:$C$11,2) -> 5 | AE23: =VLOOKUP(AD23,المرجع!$D$2:$E$11,2) -> أ+ | AF23: =AD23*AB23 -> 15 | AG23: 2 | AH23: 88 | AI23: =VLOOKUP(AH23,المرجع!$B$2:$C$11,2) -> 4.5 | AJ23: =VLOOKUP(AI23,المرجع!$D$2:$E$11,2) -> ب+ | AK23: =AI23*AG23 -> 9 | AL23: 2 | AM23: 78 | AN23: =VLOOKUP(AM23,المرجع!$B$2:$C$11,2) -> 3.5 | AO23: =VLOOKUP(AN23,المرجع!$D$2:$E$11,2) -> ج+ | AP23: =AN23*AL23 -> 7 | AQ23: 2 | AR23: 86 | AS23: =VLOOKUP(AR23,المرجع!$B$2:$C$11,2) -> 4.5 | AT23: =VLOOKUP(AS23,المرجع!$D$2:$E$11,2) -> ب+ | AU23: =AS23*AQ23 -> 9 | AV23: 2 | AW23: 34 | AX23: =VLOOKUP(AW23,المرجع!$B$2:$C$11,2) -> 0 | AY23: =VLOOKUP(AX23,المرجع!$D$2:$E$11,2) -> ه | AZ23: =AX23*AV23 -> 0 | BA23: =AZ23+AU23+AP23+AK23+AF23+AA23+V23+Q23+L23+G23 -> 92 | BB23: =AV23+AQ23+AL23+AG23+AB23+W23+R23+M23+H23+C23 -> 23 | BC23: =BA23/BB23 -> 4 | BD23: =(BA23+'المستوى الثاني '!BB22+'المستوى الأول '!BL23)/('المستوى الأول '!BM23+'المستوى الثاني '!BC22+'المستوى الثالث '!BB22) -> 3.7794118 | BE23: =VLOOKUP(BD23,المرجع!$D$3:$F$11,3,TRUE) -> جيد جدا | BF23: =RANK(BD23,$BD$2:$BD$41) -> 21
A24: 2024188 | B24: أبوبكر كرمو ساني | C24: 1 | D24: 18 | E24: =VLOOKUP(D24,المرجع!$B$2:$C$11,2) -> 0 | F24: =VLOOKUP(E24,المرجع!$D$2:$E$11,2) -> ه | G24: =E24*C24 -> 0 | H24: 3 | I24: 95 | J24: =VLOOKUP(I24,المرجع!$B$2:$C$11,2) -> 5 | K24: =VLOOKUP(J24,المرجع!$D$2:$E$11,2) -> أ+ | L24: =J24*H24 -> 15 | M24: 3 | N24: 73 | O24: =VLOOKUP(N24,المرجع!$B$2:$C$11,2) -> 3 | P24: =VLOOKUP(O24,المرجع!$D$2:$E$11,2) -> ج | Q24: =O24*M24 -> 9 | R24: 3 | S24: 65 | T24: =VLOOKUP(S24,المرجع!$B$2:$C$11,2) -> 2.5 | U24: =VLOOKUP(T24,المرجع!$D$2:$E$11,2) -> د+ | V24: =T24*R24 -> 7.5 | W24: 2 | X24: 86 | Y24: =VLOOKUP(X24,المرجع!$B$2:$C$11,2) -> 4.5 | Z24: =VLOOKUP(Y24,المرجع!$D$2:$E$11,2) -> ب+ | AA24: =Y24*W24 -> 9 | AB24: 3 | AC24: 100 | AD24: =VLOOKUP(AC24,المرجع!$B$2:$C$11,2) -> 5 | AE24: =VLOOKUP(AD24,المرجع!$D$2:$E$11,2) -> أ+ | AF24: =AD24*AB24 -> 15 | AG24: 2 | AH24: 96 | AI24: =VLOOKUP(AH24,المرجع!$B$2:$C$11,2) -> 5 | AJ24: =VLOOKUP(AI24,المرجع!$D$2:$E$11,2) -> أ+ | AK24: =AI24*AG24 -> 10 | AL24: 2 | AM24: 67 | AN24: =VLOOKUP(AM24,المرجع!$B$2:$C$11,2) -> 2.5 | AO24: =VLOOKUP(AN24,المرجع!$D$2:$E$11,2) -> د+ | AP24: =AN24*AL24 -> 5 | AQ24: 2 | AR24: 88 | AS24: =VLOOKUP(AR24,المرجع!$B$2:$C$11,2) -> 4.5 | AT24: =VLOOKUP(AS24,المرجع!$D$2:$E$11,2) -> ب+ | AU24: =AS24*AQ24 -> 9 | AV24: 2 | AW24: 93 | AX24: =VLOOKUP(AW24,المرجع!$B$2:$C$11,2) -> 4.75 | AY24: =VLOOKUP(AX24,المرجع!$D$2:$E$11,2) -> أ | AZ24: =AX24*AV24 -> 9.5 | BA24: =AZ24+AU24+AP24+AK24+AF24+AA24+V24+Q24+L24+G24 -> 89 | BB24: =AV24+AQ24+AL24+AG24+AB24+W24+R24+M24+H24+C24 -> 23 | BC24: =BA24/BB24 -> 3.8695652 | BD24: =(BA24+'المستوى الثاني '!BB24+'المستوى الأول '!BL25)/('المستوى الأول '!BM25+'المستوى الثاني '!BC24+'المستوى الثالث '!BB24) -> 3.6727941 | BE24: =VLOOKUP(BD24,المرجع!$D$3:$F$11,3,TRUE) -> جيد جدا | BF24: =RANK(BD24,$BD$2:$BD$41) -> 23
A25: 2024187 | B25: أبوبكر شيخ كاناجي | C25: 1 | D25: 86 | E25: =VLOOKUP(D25,المرجع!$B$2:$C$11,2) -> 4.5 | F25: =VLOOKUP(E25,المرجع!$D$2:$E$11,2) -> ب+ | G25: =E25*C25 -> 4.5 | H25: 3 | I25: 97 | J25: =VLOOKUP(I25,المرجع!$B$2:$C$11,2) -> 5 | K25: =VLOOKUP(J25,المرجع!$D$2:$E$11,2) -> أ+ | L25: =J25*H25 -> 15 | M25: 3 | N25: 65 | O25: =VLOOKUP(N25,المرجع!$B$2:$C$11,2) -> 2.5 | P25: =VLOOKUP(O25,المرجع!$D$2:$E$11,2) -> د+ | Q25: =O25*M25 -> 7.5 | R25: 3 | S25: 56 | T25: =VLOOKUP(S25,المرجع!$B$2:$C$11,2) -> 2 | U25: =VLOOKUP(T25,المرجع!$D$2:$E$11,2) -> د | V25: =T25*R25 -> 6 | W25: 2 | X25: 77 | Y25: =VLOOKUP(X25,المرجع!$B$2:$C$11,2) -> 3.5 | Z25: =VLOOKUP(Y25,المرجع!$D$2:$E$11,2) -> ج+ | AA25: =Y25*W25 -> 7 | AB25: 3 | AC25: 95 | AD25: =VLOOKUP(AC25,المرجع!$B$2:$C$11,2) -> 5 | AE25: =VLOOKUP(AD25,المرجع!$D$2:$E$11,2) -> أ+ | AF25: =AD25*AB25 -> 15 | AG25: 2 | AH25: 88 | AI25: =VLOOKUP(AH25,المرجع!$B$2:$C$11,2) -> 4.5 | AJ25: =VLOOKUP(AI25,المرجع!$D$2:$E$11,2) -> ب+ | AK25: =AI25*AG25 -> 9 | AL25: 2 | AM25: 58 | AN25: =VLOOKUP(AM25,المرجع!$B$2:$C$11,2) -> 2 | AO25: =VLOOKUP(AN25,المرجع!$D$2:$E$11,2) -> د | AP25: =AN25*AL25 -> 4 | AQ25: 2 | AR25: 91 | AS25: =VLOOKUP(AR25,المرجع!$B$2:$C$11,2) -> 4.75 | AT25: =VLOOKUP(AS25,المرجع!$D$2:$E$11,2) -> أ | AU25: =AS25*AQ25 -> 9.5 | AV25: 2 | AW25: 82 | AX25: =VLOOKUP(AW25,المرجع!$B$2:$C$11,2) -> 4 | AY25: =VLOOKUP(AX25,المرجع!$D$2:$E$11,2) -> ب | AZ25: =AX25*AV25 -> 8 | BA25: =AZ25+AU25+AP25+AK25+AF25+AA25+V25+Q25+L25+G25 -> 85.5 | BB25: =AV25+AQ25+AL25+AG25+AB25+W25+R25+M25+H25+C25 -> 23 | BC25: =BA25/BB25 -> 3.7173913 | BD25: =(BA25+'المستوى الثاني '!BB27+'المستوى الأول '!BL28)/('المستوى الأول '!BM28+'المستوى الثاني '!BC27+'المستوى الثالث '!BB27) -> 3.6617647 | BE25: =VLOOKUP(BD25,المرجع!$D$3:$F$11,3,TRUE) -> جيد جدا | BF25: =RANK(BD25,$BD$2:$BD$41) -> 24
A26: 2024191 | B26: أم دمبو درامي | C26: 1 | D26: 64 | E26: =VLOOKUP(D26,المرجع!$B$2:$C$11,2) -> 2 | F26: =VLOOKUP(E26,المرجع!$D$2:$E$11,2) -> د | G26: =E26*C26 -> 2 | H26: 3 | I26: 99 | J26: =VLOOKUP(I26,المرجع!$B$2:$C$11,2) -> 5 | K26: =VLOOKUP(J26,المرجع!$D$2:$E$11,2) -> أ+ | L26: =J26*H26 -> 15 | M26: 3 | N26: 100 | O26: =VLOOKUP(N26,المرجع!$B$2:$C$11,2) -> 5 | P26: =VLOOKUP(O26,المرجع!$D$2:$E$11,2) -> أ+ | Q26: =O26*M26 -> 15 | R26: 3 | S26: 97 | T26: =VLOOKUP(S26,المرجع!$B$2:$C$11,2) -> 5 | U26: =VLOOKUP(T26,المرجع!$D$2:$E$11,2) -> أ+ | V26: =T26*R26 -> 15 | W26: 2 | X26: 70 | Y26: =VLOOKUP(X26,المرجع!$B$2:$C$11,2) -> 3 | Z26: =VLOOKUP(Y26,المرجع!$D$2:$E$11,2) -> ج | AA26: =Y26*W26 -> 6 | AB26: 3 | AC26: 80 | AD26: =VLOOKUP(AC26,المرجع!$B$2:$C$11,2) -> 4 | AE26: =VLOOKUP(AD26,المرجع!$D$2:$E$11,2) -> ب | AF26: =AD26*AB26 -> 12 | AG26: 2 | AH26: 90 | AI26: =VLOOKUP(AH26,المرجع!$B$2:$C$11,2) -> 4.75 | AJ26: =VLOOKUP(AI26,المرجع!$D$2:$E$11,2) -> أ | AK26: =AI26*AG26 -> 9.5 | AL26: 2 | AM26: 50 | AN26: =VLOOKUP(AM26,المرجع!$B$2:$C$11,2) -> 2 | AO26: =VLOOKUP(AN26,المرجع!$D$2:$E$11,2) -> د | AP26: =AN26*AL26 -> 4 | AQ26: 2 | AR26: 73 | AS26: =VLOOKUP(AR26,المرجع!$B$2:$C$11,2) -> 3 | AT26: =VLOOKUP(AS26,المرجع!$D$2:$E$11,2) -> ج | AU26: =AS26*AQ26 -> 6 | AV26: 2 | AW26: 61 | AX26: =VLOOKUP(AW26,المرجع!$B$2:$C$11,2) -> 2 | AY26: =VLOOKUP(AX26,المرجع!$D$2:$E$11,2) -> د | AZ26: =AX26*AV26 -> 4 | BA26: =AZ26+AU26+AP26+AK26+AF26+AA26+V26+Q26+L26+G26 -> 88.5 | BB26: =AV26+AQ26+AL26+AG26+AB26+W26+R26+M26+H26+C26 -> 23 | BC26: =BA26/BB26 -> 3.8478261 | BD26: =(BA26+'المستوى الثاني '!BB25+'المستوى الأول '!BL26)/('المستوى الأول '!BM26+'المستوى الثاني '!BC25+'المستوى الثالث '!BB25) -> 3.6507353 | BE26: =VLOOKUP(BD26,المرجع!$D$3:$F$11,3,TRUE) -> جيد جدا | BF26: =RANK(BD26,$BD$2:$BD$41) -> 25
A27: 2024194 | B27: إسماعيل عمر بوجا | C27: 1 | D27: 89 | E27: =VLOOKUP(D27,المرجع!$B$2:$C$11,2) -> 4.5 | F27: =VLOOKUP(E27,المرجع!$D$2:$E$11,2) -> ب+ | G27: =E27*C27 -> 4.5 | H27: 3 | I27: 98 | J27: =VLOOKUP(I27,المرجع!$B$2:$C$11,2) -> 5 | K27: =VLOOKUP(J27,المرجع!$D$2:$E$11,2) -> أ+ | L27: =J27*H27 -> 15 | M27: 3 | N27: 54 | O27: =VLOOKUP(N27,المرجع!$B$2:$C$11,2) -> 2 | P27: =VLOOKUP(O27,المرجع!$D$2:$E$11,2) -> د | Q27: =O27*M27 -> 6 | R27: 3 | S27: 59 | T27: =VLOOKUP(S27,المرجع!$B$2:$C$11,2) -> 2 | U27: =VLOOKUP(T27,المرجع!$D$2:$E$11,2) -> د | V27: =T27*R27 -> 6 | W27: 2 | X27: 73 | Y27: =VLOOKUP(X27,المرجع!$B$2:$C$11,2) -> 3 | Z27: =VLOOKUP(Y27,المرجع!$D$2:$E$11,2) -> ج | AA27: =Y27*W27 -> 6 | AB27: 3 | AC27: 95 | AD27: =VLOOKUP(AC27,المرجع!$B$2:$C$11,2) -> 5 | AE27: =VLOOKUP(AD27,المرجع!$D$2:$E$11,2) -> أ+ | AF27: =AD27*AB27 -> 15 | AG27: 2 | AH27: 96 | AI27: =VLOOKUP(AH27,المرجع!$B$2:$C$11,2) -> 5 | AJ27: =VLOOKUP(AI27,المرجع!$D$2:$E$11,2) -> أ+ | AK27: =AI27*AG27 -> 10 | AL27: 2 | AM27: 65 | AN27: =VLOOKUP(AM27,المرجع!$B$2:$C$11,2) -> 2.5 | AO27: =VLOOKUP(AN27,المرجع!$D$2:$E$11,2) -> د+ | AP27: =AN27*AL27 -> 5 | AQ27: 2 | AR27: 86 | AS27: =VLOOKUP(AR27,المرجع!$B$2:$C$11,2) -> 4.5 | AT27: =VLOOKUP(AS27,المرجع!$D$2:$E$11,2) -> ب+ | AU27: =AS27*AQ27 -> 9 | AV27: 2 | AW27: 91 | AX27: =VLOOKUP(AW27,المرجع!$B$2:$C$11,2) -> 4.75 | AY27: =VLOOKUP(AX27,المرجع!$D$2:$E$11,2) -> أ | AZ27: =AX27*AV27 -> 9.5 | BA27: =AZ27+AU27+AP27+AK27+AF27+AA27+V27+Q27+L27+G27 -> 86 | BB27: =AV27+AQ27+AL27+AG27+AB27+W27+R27+M27+H27+C27 -> 23 | BC27: =BA27/BB27 -> 3.7391304 | BD27: =(BA27+'المستوى الثاني '!BB26+'المستوى الأول '!BL27)/('المستوى الأول '!BM27+'المستوى الثاني '!BC26+'المستوى الثالث '!BB26) -> 3.5882353 | BE27: =VLOOKUP(BD27,المرجع!$D$3:$F$11,3,TRUE) -> جيد مرتفع | BF27: =RANK(BD27,$BD$2:$BD$41) -> 26
A28: 2024164 | B28: مالك إبراهيم ماني | C28: 1 | D28: 52 | E28: =VLOOKUP(D28,المرجع!$B$2:$C$11,2) -> 2 | F28: =VLOOKUP(E28,المرجع!$D$2:$E$11,2) -> د | G28: =E28*C28 -> 2 | H28: 3 | I28: 94 | J28: =VLOOKUP(I28,المرجع!$B$2:$C$11,2) -> 4.75 | K28: =VLOOKUP(J28,المرجع!$D$2:$E$11,2) -> أ | L28: =J28*H28 -> 14.25 | M28: 3 | N28: 50 | O28: =VLOOKUP(N28,المرجع!$B$2:$C$11,2) -> 2 | P28: =VLOOKUP(O28,المرجع!$D$2:$E$11,2) -> د | Q28: =O28*M28 -> 6 | R28: 3 | S28: 93 | T28: =VLOOKUP(S28,المرجع!$B$2:$C$11,2) -> 4.75 | U28: =VLOOKUP(T28,المرجع!$D$2:$E$11,2) -> أ | V28: =T28*R28 -> 14.25 | W28: 2 | X28: 57 | Y28: =VLOOKUP(X28,المرجع!$B$2:$C$11,2) -> 2 | Z28: =VLOOKUP(Y28,المرجع!$D$2:$E$11,2) -> د | AA28: =Y28*W28 -> 4 | AB28: 3 | AC28: 95 | AD28: =VLOOKUP(AC28,المرجع!$B$2:$C$11,2) -> 5 | AE28: =VLOOKUP(AD28,المرجع!$D$2:$E$11,2) -> أ+ | AF28: =AD28*AB28 -> 15 | AG28: 2 | AH28: 60 | AI28: =VLOOKUP(AH28,المرجع!$B$2:$C$11,2) -> 2 | AJ28: =VLOOKUP(AI28,المرجع!$D$2:$E$11,2) -> د | AK28: =AI28*AG28 -> 4 | AL28: 2 | AM28: 58 | AN28: =VLOOKUP(AM28,المرجع!$B$2:$C$11,2) -> 2 | AO28: =VLOOKUP(AN28,المرجع!$D$2:$E$11,2) -> د | AP28: =AN28*AL28 -> 4 | AQ28: 2 | AR28: 86 | AS28: =VLOOKUP(AR28,المرجع!$B$2:$C$11,2) -> 4.5 | AT28: =VLOOKUP(AS28,المرجع!$D$2:$E$11,2) -> ب+ | AU28: =AS28*AQ28 -> 9 | AV28: 2 | AW28: 51 | AX28: =VLOOKUP(AW28,المرجع!$B$2:$C$11,2) -> 2 | AY28: =VLOOKUP(AX28,المرجع!$D$2:$E$11,2) -> د | AZ28: =AX28*AV28 -> 4 | BA28: =AZ28+AU28+AP28+AK28+AF28+AA28+V28+Q28+L28+G28 -> 76.5 | BB28: =AV28+AQ28+AL28+AG28+AB28+W28+R28+M28+H28+C28 -> 23 | BC28: =BA28/BB28 -> 3.326087 | BD28: =(BA28+'المستوى الثاني '!BB31+'المستوى الأول '!BL32)/('المستوى الأول '!BM32+'المستوى الثاني '!BC31+'المستوى الثالث '!BB31) -> 3.5404412 | BE28: =VLOOKUP(BD28,المرجع!$D$3:$F$11,3,TRUE) -> جيد مرتفع | BF28: =RANK(BD28,$BD$2:$BD$41) -> 27
A29: 2024199 | B29: بنت إبراهيم كمارا | C29: 1 | D29: 82 | E29: =VLOOKUP(D29,المرجع!$B$2:$C$11,2) -> 4 | F29: =VLOOKUP(E29,المرجع!$D$2:$E$11,2) -> ب | G29: =E29*C29 -> 4 | H29: 3 | I29: 94 | J29: =VLOOKUP(I29,المرجع!$B$2:$C$11,2) -> 4.75 | K29: =VLOOKUP(J29,المرجع!$D$2:$E$11,2) -> أ | L29: =J29*H29 -> 14.25 | M29: 3 | N29: 56 | O29: =VLOOKUP(N29,المرجع!$B$2:$C$11,2) -> 2 | P29: =VLOOKUP(O29,المرجع!$D$2:$E$11,2) -> د | Q29: =O29*M29 -> 6 | R29: 3 | S29: 92 | T29: =VLOOKUP(S29,المرجع!$B$2:$C$11,2) -> 4.75 | U29: =VLOOKUP(T29,المرجع!$D$2:$E$11,2) -> أ | V29: =T29*R29 -> 14.25 | W29: 2 | X29: 55 | Y29: =VLOOKUP(X29,المرجع!$B$2:$C$11,2) -> 2 | Z29: =VLOOKUP(Y29,المرجع!$D$2:$E$11,2) -> د | AA29: =Y29*W29 -> 4 | AB29: 3 | AC29: 81 | AD29: =VLOOKUP(AC29,المرجع!$B$2:$C$11,2) -> 4 | AE29: =VLOOKUP(AD29,المرجع!$D$2:$E$11,2) -> ب | AF29: =AD29*AB29 -> 12 | AG29: 2 | AH29: 75 | AI29: =VLOOKUP(AH29,المرجع!$B$2:$C$11,2) -> 3.5 | AJ29: =VLOOKUP(AI29,المرجع!$D$2:$E$11,2) -> ج+ | AK29: =AI29*AG29 -> 7 | AL29: 2 | AM29: 50 | AN29: =VLOOKUP(AM29,المرجع!$B$2:$C$11,2) -> 2 | AO29: =VLOOKUP(AN29,المرجع!$D$2:$E$11,2) -> د | AP29: =AN29*AL29 -> 4 | AQ29: 2 | AR29: 60 | AS29: =VLOOKUP(AR29,المرجع!$B$2:$C$11,2) -> 2 | AT29: =VLOOKUP(AS29,المرجع!$D$2:$E$11,2) -> د | AU29: =AS29*AQ29 -> 4 | AV29: 2 | AW29: 85 | AX29: =VLOOKUP(AW29,المرجع!$B$2:$C$11,2) -> 4.5 | AY29: =VLOOKUP(AX29,المرجع!$D$2:$E$11,2) -> ب+ | AZ29: =AX29*AV29 -> 9 | BA29: =AZ29+AU29+AP29+AK29+AF29+AA29+V29+Q29+L29+G29 -> 78.5 | BB29: =AV29+AQ29+AL29+AG29+AB29+W29+R29+M29+H29+C29 -> 23 | BC29: =BA29/BB29 -> 3.4130435 | BD29: =(BA29+'المستوى الثاني '!BB29+'المستوى الأول '!BL30)/('المستوى الأول '!BM30+'المستوى الثاني '!BC29+'المستوى الثالث '!BB29) -> 3.3786765 | BE29: =VLOOKUP(BD29,المرجع!$D$3:$F$11,3,TRUE) -> جيد مرتفع | BF29: =RANK(BD29,$BD$2:$BD$41) -> 28
A30: 2024160 | B30: عبدالحميد أحمد جالو | C30: 1 | D30: 85 | E30: =VLOOKUP(D30,المرجع!$B$2:$C$11,2) -> 4.5 | F30: =VLOOKUP(E30,المرجع!$D$2:$E$11,2) -> ب+ | G30: =E30*C30 -> 4.5 | H30: 3 | I30: 89 | J30: =VLOOKUP(I30,المرجع!$B$2:$C$11,2) -> 4.5 | K30: =VLOOKUP(J30,المرجع!$D$2:$E$11,2) -> ب+ | L30: =J30*H30 -> 13.5 | M30: 3 | N30: 79 | O30: =VLOOKUP(N30,المرجع!$B$2:$C$11,2) -> 3.5 | P30: =VLOOKUP(O30,المرجع!$D$2:$E$11,2) -> ج+ | Q30: =O30*M30 -> 10.5 | R30: 3 | S30: 91 | T30: =VLOOKUP(S30,المرجع!$B$2:$C$11,2) -> 4.75 | U30: =VLOOKUP(T30,المرجع!$D$2:$E$11,2) -> أ | V30: =T30*R30 -> 14.25 | W30: 2 | X30: 54 | Y30: =VLOOKUP(X30,المرجع!$B$2:$C$11,2) -> 2 | Z30: =VLOOKUP(Y30,المرجع!$D$2:$E$11,2) -> د | AA30: =Y30*W30 -> 4 | AB30: 3 | AC30: 99 | AD30: =VLOOKUP(AC30,المرجع!$B$2:$C$11,2) -> 5 | AE30: =VLOOKUP(AD30,المرجع!$D$2:$E$11,2) -> أ+ | AF30: =AD30*AB30 -> 15 | AG30: 2 | AH30: 78 | AI30: =VLOOKUP(AH30,المرجع!$B$2:$C$11,2) -> 3.5 | AJ30: =VLOOKUP(AI30,المرجع!$D$2:$E$11,2) -> ج+ | AK30: =AI30*AG30 -> 7 | AL30: 2 | AM30: 50 | AN30: =VLOOKUP(AM30,المرجع!$B$2:$C$11,2) -> 2 | AO30: =VLOOKUP(AN30,المرجع!$D$2:$E$11,2) -> د | AP30: =AN30*AL30 -> 4 | AQ30: 2 | AR30: 79 | AS30: =VLOOKUP(AR30,المرجع!$B$2:$C$11,2) -> 3.5 | AT30: =VLOOKUP(AS30,المرجع!$D$2:$E$11,2) -> ج+ | AU30: =AS30*AQ30 -> 7 | AV30: 2 | AW30: 34 | AX30: =VLOOKUP(AW30,المرجع!$B$2:$C$11,2) -> 0 | AY30: =VLOOKUP(AX30,المرجع!$D$2:$E$11,2) -> ه | AZ30: =AX30*AV30 -> 0 | BA30: =AZ30+AU30+AP30+AK30+AF30+AA30+V30+Q30+L30+G30 -> 79.75 | BB30: =AV30+AQ30+AL30+AG30+AB30+W30+R30+M30+H30+C30 -> 23 | BC30: =BA30/BB30 -> 3.4673913 | BD30: =(BA30+'المستوى الثاني '!BB28+'المستوى الأول '!BL29)/('المستوى الأول '!BM29+'المستوى الثاني '!BC28+'المستوى الثالث '!BB28) -> 3.3602941 | BE30: =VLOOKUP(BD30,المرجع!$D$3:$F$11,3,TRUE) -> جيد مرتفع | BF30: =RANK(BD30,$BD$2:$BD$41) -> 29
A31: 2024196 | B31: فودي محمد مارون | C31: 1 | D31: 18 | E31: =VLOOKUP(D31,المرجع!$B$2:$C$11,2) -> 0 | F31: =VLOOKUP(E31,المرجع!$D$2:$E$11,2) -> ه | G31: =E31*C31 -> 0 | H31: 3 | I31: 100 | J31: =VLOOKUP(I31,المرجع!$B$2:$C$11,2) -> 5 | K31: =VLOOKUP(J31,المرجع!$D$2:$E$11,2) -> أ+ | L31: =J31*H31 -> 15 | M31: 3 | N31: 65 | O31: =VLOOKUP(N31,المرجع!$B$2:$C$11,2) -> 2.5 | P31: =VLOOKUP(O31,المرجع!$D$2:$E$11,2) -> د+ | Q31: =O31*M31 -> 7.5 | R31: 3 | S31: 70 | T31: =VLOOKUP(S31,المرجع!$B$2:$C$11,2) -> 3 | U31: =VLOOKUP(T31,المرجع!$D$2:$E$11,2) -> ج | V31: =T31*R31 -> 9 | W31: 2 | X31: 58 | Y31: =VLOOKUP(X31,المرجع!$B$2:$C$11,2) -> 2 | Z31: =VLOOKUP(Y31,المرجع!$D$2:$E$11,2) -> د | AA31: =Y31*W31 -> 4 | AB31: 3 | AC31: 100 | AD31: =VLOOKUP(AC31,المرجع!$B$2:$C$11,2) -> 5 | AE31: =VLOOKUP(AD31,المرجع!$D$2:$E$11,2) -> أ+ | AF31: =AD31*AB31 -> 15 | AG31: 2 | AH31: 93 | AI31: =VLOOKUP(AH31,المرجع!$B$2:$C$11,2) -> 4.75 | AJ31: =VLOOKUP(AI31,المرجع!$D$2:$E$11,2) -> أ | AK31: =AI31*AG31 -> 9.5 | AL31: 2 | AM31: 63 | AN31: =VLOOKUP(AM31,المرجع!$B$2:$C$11,2) -> 2 | AO31: =VLOOKUP(AN31,المرجع!$D$2:$E$11,2) -> د | AP31: =AN31*AL31 -> 4 | AQ31: 2 | AR31: 86 | AS31: =VLOOKUP(AR31,المرجع!$B$2:$C$11,2) -> 4.5 | AT31: =VLOOKUP(AS31,المرجع!$D$2:$E$11,2) -> ب+ | AU31: =AS31*AQ31 -> 9 | AV31: 2 | AW31: 62 | AX31: =VLOOKUP(AW31,المرجع!$B$2:$C$11,2) -> 2 | AY31: =VLOOKUP(AX31,المرجع!$D$2:$E$11,2) -> د | AZ31: =AX31*AV31 -> 4 | BA31: =AZ31+AU31+AP31+AK31+AF31+AA31+V31+Q31+L31+G31 -> 77 | BB31: =AV31+AQ31+AL31+AG31+AB31+W31+R31+M31+H31+C31 -> 23 | BC31: =BA31/BB31 -> 3.3478261 | BD31: =(BA31+'المستوى الثاني '!BB30+'المستوى الأول '!BL31)/('المستوى الأول '!BM31+'المستوى الثاني '!BC30+'المستوى الثالث '!BB30) -> 3.3345588 | BE31: =VLOOKUP(BD31,المرجع!$D$3:$F$11,3,TRUE) -> جيد مرتفع | BF31: =RANK(BD31,$BD$2:$BD$41) -> 30
A32: 2024172 | B32: محمد محمد ملادو جالو | C32: 1 | D32: 90 | E32: =VLOOKUP(D32,المرجع!$B$2:$C$11,2) -> 4.75 | F32: =VLOOKUP(E32,المرجع!$D$2:$E$11,2) -> أ | G32: =E32*C32 -> 4.75 | H32: 3 | I32: 80 | J32: =VLOOKUP(I32,المرجع!$B$2:$C$11,2) -> 4 | K32: =VLOOKUP(J32,المرجع!$D$2:$E$11,2) -> ب | L32: =J32*H32 -> 12 | M32: 3 | N32: 62 | O32: =VLOOKUP(N32,المرجع!$B$2:$C$11,2) -> 2 | P32: =VLOOKUP(O32,المرجع!$D$2:$E$11,2) -> د | Q32: =O32*M32 -> 6 | R32: 3 | S32: 92 | T32: =VLOOKUP(S32,المرجع!$B$2:$C$11,2) -> 4.75 | U32: =VLOOKUP(T32,المرجع!$D$2:$E$11,2) -> أ | V32: =T32*R32 -> 14.25 | W32: 2 | X32: 34 | Y32: =VLOOKUP(X32,المرجع!$B$2:$C$11,2) -> 0 | Z32: =VLOOKUP(Y32,المرجع!$D$2:$E$11,2) -> ه | AA32: =Y32*W32 -> 0 | AB32: 3 | AC32: 92 | AD32: =VLOOKUP(AC32,المرجع!$B$2:$C$11,2) -> 4.75 | AE32: =VLOOKUP(AD32,المرجع!$D$2:$E$11,2) -> أ | AF32: =AD32*AB32 -> 14.25 | AG32: 2 | AH32: 83 | AI32: =VLOOKUP(AH32,المرجع!$B$2:$C$11,2) -> 4 | AJ32: =VLOOKUP(AI32,المرجع!$D$2:$E$11,2) -> ب | AK32: =AI32*AG32 -> 8 | AL32: 2 | AM32: 52 | AN32: =VLOOKUP(AM32,المرجع!$B$2:$C$11,2) -> 2 | AO32: =VLOOKUP(AN32,المرجع!$D$2:$E$11,2) -> د | AP32: =AN32*AL32 -> 4 | AQ32: 2 | AR32: 82 | AS32: =VLOOKUP(AR32,المرجع!$B$2:$C$11,2) -> 4 | AT32: =VLOOKUP(AS32,المرجع!$D$2:$E$11,2) -> ب | AU32: =AS32*AQ32 -> 8 | AV32: 2 | AW32: 53 | AX32: =VLOOKUP(AW32,المرجع!$B$2:$C$11,2) -> 2 | AY32: =VLOOKUP(AX32,المرجع!$D$2:$E$11,2) -> د | AZ32: =AX32*AV32 -> 4 | BA32: =AZ32+AU32+AP32+AK32+AF32+AA32+V32+Q32+L32+G32 -> 75.25 | BB32: =AV32+AQ32+AL32+AG32+AB32+W32+R32+M32+H32+C32 -> 23 | BC32: =BA32/BB32 -> 3.2717391 | BD32: =(BA32+'المستوى الثاني '!BB32+'المستوى الأول '!BL33)/('المستوى الأول '!BM33+'المستوى الثاني '!BC32+'المستوى الثالث '!BB32) -> 3.2426471 | BE32: =VLOOKUP(BD32,المرجع!$D$3:$F$11,3,TRUE) -> جيد مرتفع | BF32: =RANK(BD32,$BD$2:$BD$41) -> 31
A33: 2024182 | B33: رقية محمد دكوري | C33: 1 | D33: 76 | E33: =VLOOKUP(D33,المرجع!$B$2:$C$11,2) -> 3.5 | F33: =VLOOKUP(E33,المرجع!$D$2:$E$11,2) -> ج+ | G33: =E33*C33 -> 3.5 | H33: 3 | I33: 93 | J33: =VLOOKUP(I33,المرجع!$B$2:$C$11,2) -> 4.75 | K33: =VLOOKUP(J33,المرجع!$D$2:$E$11,2) -> أ | L33: =J33*H33 -> 14.25 | M33: 3 | N33: 70 | O33: =VLOOKUP(N33,المرجع!$B$2:$C$11,2) -> 3 | P33: =VLOOKUP(O33,المرجع!$D$2:$E$11,2) -> ج | Q33: =O33*M33 -> 9 | R33: 3 | S33: 93 | T33: =VLOOKUP(S33,المرجع!$B$2:$C$11,2) -> 4.75 | U33: =VLOOKUP(T33,المرجع!$D$2:$E$11,2) -> أ | V33: =T33*R33 -> 14.25 | W33: 2 | X33: 73 | Y33: =VLOOKUP(X33,المرجع!$B$2:$C$11,2) -> 3 | Z33: =VLOOKUP(Y33,المرجع!$D$2:$E$11,2) -> ج | AA33: =Y33*W33 -> 6 | AB33: 3 | AC33: 70 | AD33: =VLOOKUP(AC33,المرجع!$B$2:$C$11,2) -> 3 | AE33: =VLOOKUP(AD33,المرجع!$D$2:$E$11,2) -> ج | AF33: =AD33*AB33 -> 9 | AG33: 2 | AH33: 69 | AI33: =VLOOKUP(AH33,المرجع!$B$2:$C$11,2) -> 2.5 | AJ33: =VLOOKUP(AI33,المرجع!$D$2:$E$11,2) -> د+ | AK33: =AI33*AG33 -> 5 | AL33: 2 | AM33: 50 | AN33: =VLOOKUP(AM33,المرجع!$B$2:$C$11,2) -> 2 | AO33: =VLOOKUP(AN33,المرجع!$D$2:$E$11,2) -> د | AP33: =AN33*AL33 -> 4 | AQ33: 2 | AR33: 70 | AS33: =VLOOKUP(AR33,المرجع!$B$2:$C$11,2) -> 3 | AT33: =VLOOKUP(AS33,المرجع!$D$2:$E$11,2) -> ج | AU33: =AS33*AQ33 -> 6 | AV33: 2 | AW33: 50 | AX33: =VLOOKUP(AW33,المرجع!$B$2:$C$11,2) -> 2 | AY33: =VLOOKUP(AX33,المرجع!$D$2:$E$11,2) -> د | AZ33: =AX33*AV33 -> 4 | BA33: =AZ33+AU33+AP33+AK33+AF33+AA33+V33+Q33+L33+G33 -> 75 | BB33: =AV33+AQ33+AL33+AG33+AB33+W33+R33+M33+H33+C33 -> 23 | BC33: =BA33/BB33 -> 3.2608696 | BD33: =(BA33+'المستوى الثاني '!BB33+'المستوى الأول '!BL34)/('المستوى الأول '!BM34+'المستوى الثاني '!BC33+'المستوى الثالث '!BB33) -> 3.1470588 | BE33: =VLOOKUP(BD33,المرجع!$D$3:$F$11,3,TRUE) -> جيد مرتفع | BF33: =RANK(BD33,$BD$2:$BD$41) -> 32
A34: 2024207 | B34: عيسى محمد دانسو | C34: 1 | D34: 98 | E34: =VLOOKUP(D34,المرجع!$B$2:$C$11,2) -> 5 | F34: =VLOOKUP(E34,المرجع!$D$2:$E$11,2) -> أ+ | G34: =E34*C34 -> 5 | H34: 3 | I34: 95 | J34: =VLOOKUP(I34,المرجع!$B$2:$C$11,2) -> 5 | K34: =VLOOKUP(J34,المرجع!$D$2:$E$11,2) -> أ+ | L34: =J34*H34 -> 15 | M34: 3 | N34: 64 | O34: =VLOOKUP(N34,المرجع!$B$2:$C$11,2) -> 2 | P34: =VLOOKUP(O34,المرجع!$D$2:$E$11,2) -> د | Q34: =O34*M34 -> 6 | R34: 3 | S34: 98 | T34: =VLOOKUP(S34,المرجع!$B$2:$C$11,2) -> 5 | U34: =VLOOKUP(T34,المرجع!$D$2:$E$11,2) -> أ+ | V34: =T34*R34 -> 15 | W34: 2 | X34: 28 | Y34: =VLOOKUP(X34,المرجع!$B$2:$C$11,2) -> 0 | Z34: =VLOOKUP(Y34,المرجع!$D$2:$E$11,2) -> ه | AA34: =Y34*W34 -> 0 | AB34: 3 | AC34: 75 | AD34: =VLOOKUP(AC34,المرجع!$B$2:$C$11,2) -> 3.5 | AE34: =VLOOKUP(AD34,المرجع!$D$2:$E$11,2) -> ج+ | AF34: =AD34*AB34 -> 10.5 | AG34: 2 | AH34: 81 | AI34: =VLOOKUP(AH34,المرجع!$B$2:$C$11,2) -> 4 | AJ34: =VLOOKUP(AI34,المرجع!$D$2:$E$11,2) -> ب | AK34: =AI34*AG34 -> 8 | AL34: 2 | AM34: 57 | AN34: =VLOOKUP(AM34,المرجع!$B$2:$C$11,2) -> 2 | AO34: =VLOOKUP(AN34,المرجع!$D$2:$E$11,2) -> د | AP34: =AN34*AL34 -> 4 | AQ34: 2 | AR34: 66 | AS34: =VLOOKUP(AR34,المرجع!$B$2:$C$11,2) -> 2.5 | AT34: =VLOOKUP(AS34,المرجع!$D$2:$E$11,2) -> د+ | AU34: =AS34*AQ34 -> 5 | AV34: 2 | AW34: 50 | AX34: =VLOOKUP(AW34,المرجع!$B$2:$C$11,2) -> 2 | AY34: =VLOOKUP(AX34,المرجع!$D$2:$E$11,2) -> د | AZ34: =AX34*AV34 -> 4 | BA34: =AZ34+AU34+AP34+AK34+AF34+AA34+V34+Q34+L34+G34 -> 72.5 | BB34: =AV34+AQ34+AL34+AG34+AB34+W34+R34+M34+H34+C34 -> 23 | BC34: =BA34/BB34 -> 3.1521739 | BD34: =(BA34+'المستوى الثاني '!BB34+'المستوى الأول '!BL35)/('المستوى الأول '!BM35+'المستوى الثاني '!BC34+'المستوى الثالث '!BB34) -> 3.0698529 | BE34: =VLOOKUP(BD34,المرجع!$D$3:$F$11,3,TRUE) -> جيد | BF34: =RANK(BD34,$BD$2:$BD$41) -> 33
A35: 2024181 | B35: خديجة سيدي جانمي | C35: 1 | D35: 82 | E35: =VLOOKUP(D35,المرجع!$B$2:$C$11,2) -> 4 | F35: =VLOOKUP(E35,المرجع!$D$2:$E$11,2) -> ب | G35: =E35*C35 -> 4 | H35: 3 | I35: 90 | J35: =VLOOKUP(I35,المرجع!$B$2:$C$11,2) -> 4.75 | K35: =VLOOKUP(J35,المرجع!$D$2:$E$11,2) -> أ | L35: =J35*H35 -> 14.25 | M35: 3 | N35: 50 | O35: =VLOOKUP(N35,المرجع!$B$2:$C$11,2) -> 2 | P35: =VLOOKUP(O35,المرجع!$D$2:$E$11,2) -> د | Q35: =O35*M35 -> 6 | R35: 3 | S35: 75 | T35: =VLOOKUP(S35,المرجع!$B$2:$C$11,2) -> 3.5 | U35: =VLOOKUP(T35,المرجع!$D$2:$E$11,2) -> ج+ | V35: =T35*R35 -> 10.5 | W35: 2 | X35: 50 | Y35: =VLOOKUP(X35,المرجع!$B$2:$C$11,2) -> 2 | Z35: =VLOOKUP(Y35,المرجع!$D$2:$E$11,2) -> د | AA35: =Y35*W35 -> 4 | AB35: 3 | AC35: 93 | AD35: =VLOOKUP(AC35,المرجع!$B$2:$C$11,2) -> 4.75 | AE35: =VLOOKUP(AD35,المرجع!$D$2:$E$11,2) -> أ | AF35: =AD35*AB35 -> 14.25 | AG35: 2 | AH35: 74 | AI35: =VLOOKUP(AH35,المرجع!$B$2:$C$11,2) -> 3 | AJ35: =VLOOKUP(AI35,المرجع!$D$2:$E$11,2) -> ج | AK35: =AI35*AG35 -> 6 | AL35: 2 | AM35: 25 | AN35: =VLOOKUP(AM35,المرجع!$B$2:$C$11,2) -> 0 | AO35: =VLOOKUP(AN35,المرجع!$D$2:$E$11,2) -> ه | AP35: =AN35*AL35 -> 0 | AQ35: 2 | AR35: 55 | AS35: =VLOOKUP(AR35,المرجع!$B$2:$C$11,2) -> 2 | AT35: =VLOOKUP(AS35,المرجع!$D$2:$E$11,2) -> د | AU35: =AS35*AQ35 -> 4 | AV35: 2 | AW35: 87 | AX35: =VLOOKUP(AW35,المرجع!$B$2:$C$11,2) -> 4.5 | AY35: =VLOOKUP(AX35,المرجع!$D$2:$E$11,2) -> ب+ | AZ35: =AX35*AV35 -> 9 | BA35: =AZ35+AU35+AP35+AK35+AF35+AA35+V35+Q35+L35+G35 -> 72 | BB35: =AV35+AQ35+AL35+AG35+AB35+W35+R35+M35+H35+C35 -> 23 | BC35: =BA35/BB35 -> 3.1304348 | BD35: =(BA35+'المستوى الثاني '!BB35+'المستوى الأول '!BL36)/('المستوى الأول '!BM36+'المستوى الثاني '!BC35+'المستوى الثالث '!BB35) -> 3.0147059 | BE35: =VLOOKUP(BD35,المرجع!$D$3:$F$11,3,TRUE) -> جيد | BF35: =RANK(BD35,$BD$2:$BD$41) -> 34
A36: 2024173 | B36: عيسى يحيى سيدي | C36: 1 | D36: 87 | E36: =VLOOKUP(D36,المرجع!$B$2:$C$11,2) -> 4.5 | F36: =VLOOKUP(E36,المرجع!$D$2:$E$11,2) -> ب+ | G36: =E36*C36 -> 4.5 | H36: 3 | I36: 80 | J36: =VLOOKUP(I36,المرجع!$B$2:$C$11,2) -> 4 | K36: =VLOOKUP(J36,المرجع!$D$2:$E$11,2) -> ب | L36: =J36*H36 -> 12 | M36: 3 | N36: 50 | O36: =VLOOKUP(N36,المرجع!$B$2:$C$11,2) -> 2 | P36: =VLOOKUP(O36,المرجع!$D$2:$E$11,2) -> د | Q36: =O36*M36 -> 6 | R36: 3 | S36: 94 | T36: =VLOOKUP(S36,المرجع!$B$2:$C$11,2) -> 4.75 | U36: =VLOOKUP(T36,المرجع!$D$2:$E$11,2) -> أ | V36: =T36*R36 -> 14.25 | W36: 2 | X36: 50 | Y36: =VLOOKUP(X36,المرجع!$B$2:$C$11,2) -> 2 | Z36: =VLOOKUP(Y36,المرجع!$D$2:$E$11,2) -> د | AA36: =Y36*W36 -> 4 | AB36: 3 | AC36: 70 | AD36: =VLOOKUP(AC36,المرجع!$B$2:$C$11,2) -> 3 | AE36: =VLOOKUP(AD36,المرجع!$D$2:$E$11,2) -> ج | AF36: =AD36*AB36 -> 9 | AG36: 2 | AH36: 73 | AI36: =VLOOKUP(AH36,المرجع!$B$2:$C$11,2) -> 3 | AJ36: =VLOOKUP(AI36,المرجع!$D$2:$E$11,2) -> ج | AK36: =AI36*AG36 -> 6 | AL36: 2 | AM36: 50 | AN36: =VLOOKUP(AM36,المرجع!$B$2:$C$11,2) -> 2 | AO36: =VLOOKUP(AN36,المرجع!$D$2:$E$11,2) -> د | AP36: =AN36*AL36 -> 4 | AQ36: 2 | AR36: 50 | AS36: =VLOOKUP(AR36,المرجع!$B$2:$C$11,2) -> 2 | AT36: =VLOOKUP(AS36,المرجع!$D$2:$E$11,2) -> د | AU36: =AS36*AQ36 -> 4 | AV36: 2 | AW36: 50 | AX36: =VLOOKUP(AW36,المرجع!$B$2:$C$11,2) -> 2 | AY36: =VLOOKUP(AX36,المرجع!$D$2:$E$11,2) -> د | AZ36: =AX36*AV36 -> 4 | BA36: =AZ36+AU36+AP36+AK36+AF36+AA36+V36+Q36+L36+G36 -> 67.75 | BB36: =AV36+AQ36+AL36+AG36+AB36+W36+R36+M36+H36+C36 -> 23 | BC36: =BA36/BB36 -> 2.9456522 | BD36: =(BA36+'المستوى الثاني '!BB36+'المستوى الأول '!BL37)/('المستوى الأول '!BM37+'المستوى الثاني '!BC36+'المستوى الثالث '!BB36) -> 2.8419118 | BE36: =VLOOKUP(BD36,المرجع!$D$3:$F$11,3,TRUE) -> جيد | BF36: =RANK(BD36,$BD$2:$BD$41) -> 35
A37: 2024211 | B37: زكريا عيسى زيدا | C37: 1 | D37: 88 | E37: =VLOOKUP(D37,المرجع!$B$2:$C$11,2) -> 4.5 | F37: =VLOOKUP(E37,المرجع!$D$2:$E$11,2) -> ب+ | G37: =E37*C37 -> 4.5 | H37: 3 | I37: 92 | J37: =VLOOKUP(I37,المرجع!$B$2:$C$11,2) -> 4.75 | K37: =VLOOKUP(J37,المرجع!$D$2:$E$11,2) -> أ | L37: =J37*H37 -> 14.25 | M37: 3 | N37: 62 | O37: =VLOOKUP(N37,المرجع!$B$2:$C$11,2) -> 2 | P37: =VLOOKUP(O37,المرجع!$D$2:$E$11,2) -> د | Q37: =O37*M37 -> 6 | R37: 3 | S37: 30 | T37: =VLOOKUP(S37,المرجع!$B$2:$C$11,2) -> 0 | U37: =VLOOKUP(T37,المرجع!$D$2:$E$11,2) -> ه | V37: =T37*R37 -> 0 | W37: 2 | X37: 64 | Y37: =VLOOKUP(X37,المرجع!$B$2:$C$11,2) -> 2 | Z37: =VLOOKUP(Y37,المرجع!$D$2:$E$11,2) -> د | AA37: =Y37*W37 -> 4 | AB37: 3 | AC37: 85 | AD37: =VLOOKUP(AC37,المرجع!$B$2:$C$11,2) -> 4.5 | AE37: =VLOOKUP(AD37,المرجع!$D$2:$E$11,2) -> ب+ | AF37: =AD37*AB37 -> 13.5 | AG37: 2 | AH37: 98 | AI37: =VLOOKUP(AH37,المرجع!$B$2:$C$11,2) -> 5 | AJ37: =VLOOKUP(AI37,المرجع!$D$2:$E$11,2) -> أ+ | AK37: =AI37*AG37 -> 10 | AL37: 2 | AM37: 72 | AN37: =VLOOKUP(AM37,المرجع!$B$2:$C$11,2) -> 3 | AO37: =VLOOKUP(AN37,المرجع!$D$2:$E$11,2) -> ج | AP37: =AN37*AL37 -> 6 | AQ37: 2 | AR37: 50 | AS37: =VLOOKUP(AR37,المرجع!$B$2:$C$11,2) -> 2 | AT37: =VLOOKUP(AS37,المرجع!$D$2:$E$11,2) -> د | AU37: =AS37*AQ37 -> 4 | AV37: 2 | AW37: 50 | AX37: =VLOOKUP(AW37,المرجع!$B$2:$C$11,2) -> 2 | AY37: =VLOOKUP(AX37,المرجع!$D$2:$E$11,2) -> د | AZ37: =AX37*AV37 -> 4 | BA37: =AZ37+AU37+AP37+AK37+AF37+AA37+V37+Q37+L37+G37 -> 66.25 | BB37: =AV37+AQ37+AL37+AG37+AB37+W37+R37+M37+H37+C37 -> 23 | BC37: =BA37/BB37 -> 2.8804348 | BD37: =(BA37+'المستوى الثاني '!BB37+'المستوى الأول '!BL38)/('المستوى الأول '!BM38+'المستوى الثاني '!BC37+'المستوى الثالث '!BB37) -> 2.7867647 | BE37: =VLOOKUP(BD37,المرجع!$D$3:$F$11,3,TRUE) -> جيد | BF37: =RANK(BD37,$BD$2:$BD$41) -> 36
A38: 2024177 | B38: محمد إدريس جنتي | C38: 1 | D38: 20 | E38: =VLOOKUP(D38,المرجع!$B$2:$C$11,2) -> 0 | F38: =VLOOKUP(E38,المرجع!$D$2:$E$11,2) -> ه | G38: =E38*C38 -> 0 | H38: 3 | I38: 82 | J38: =VLOOKUP(I38,المرجع!$B$2:$C$11,2) -> 4 | K38: =VLOOKUP(J38,المرجع!$D$2:$E$11,2) -> ب | L38: =J38*H38 -> 12 | M38: 3 | N38: 50 | O38: =VLOOKUP(N38,المرجع!$B$2:$C$11,2) -> 2 | P38: =VLOOKUP(O38,المرجع!$D$2:$E$11,2) -> د | Q38: =O38*M38 -> 6 | R38: 3 | S38: 70 | T38: =VLOOKUP(S38,المرجع!$B$2:$C$11,2) -> 3 | U38: =VLOOKUP(T38,المرجع!$D$2:$E$11,2) -> ج | V38: =T38*R38 -> 9 | W38: 2 | X38: 29 | Y38: =VLOOKUP(X38,المرجع!$B$2:$C$11,2) -> 0 | Z38: =VLOOKUP(Y38,المرجع!$D$2:$E$11,2) -> ه | AA38: =Y38*W38 -> 0 | AB38: 3 | AC38: 50 | AD38: =VLOOKUP(AC38,المرجع!$B$2:$C$11,2) -> 2 | AE38: =VLOOKUP(AD38,المرجع!$D$2:$E$11,2) -> د | AF38: =AD38*AB38 -> 6 | AG38: 2 | AH38: 76 | AI38: =VLOOKUP(AH38,المرجع!$B$2:$C$11,2) -> 3.5 | AJ38: =VLOOKUP(AI38,المرجع!$D$2:$E$11,2) -> ج+ | AK38: =AI38*AG38 -> 7 | AL38: 2 | AM38: 50 | AN38: =VLOOKUP(AM38,المرجع!$B$2:$C$11,2) -> 2 | AO38: =VLOOKUP(AN38,المرجع!$D$2:$E$11,2) -> د | AP38: =AN38*AL38 -> 4 | AQ38: 2 | AR38: 71 | AS38: =VLOOKUP(AR38,المرجع!$B$2:$C$11,2) -> 3 | AT38: =VLOOKUP(AS38,المرجع!$D$2:$E$11,2) -> ج | AU38: =AS38*AQ38 -> 6 | AV38: 2 | AW38: 50 | AX38: =VLOOKUP(AW38,المرجع!$B$2:$C$11,2) -> 2 | AY38: =VLOOKUP(AX38,المرجع!$D$2:$E$11,2) -> د | AZ38: =AX38*AV38 -> 4 | BA38: =AZ38+AU38+AP38+AK38+AF38+AA38+V38+Q38+L38+G38 -> 54 | BB38: =AV38+AQ38+AL38+AG38+AB38+W38+R38+M38+H38+C38 -> 23 | BC38: =BA38/BB38 -> 2.3478261 | BD38: =(BA38+'المستوى الثاني '!BB39+'المستوى الأول '!BL40)/('المستوى الأول '!BM40+'المستوى الثاني '!BC39+'المستوى الثالث '!BB39) -> 2.5882353 | BE38: =VLOOKUP(BD38,المرجع!$D$3:$F$11,3,TRUE) -> مقبول مرتفع | BF38: =RANK(BD38,$BD$2:$BD$41) -> 38
A39: 2024186 | B39: محمد الأمين لأمامي درامي | C39: 1 | D39: 78 | E39: =VLOOKUP(D39,المرجع!$B$2:$C$11,2) -> 3.5 | F39: =VLOOKUP(E39,المرجع!$D$2:$E$11,2) -> ج+ | G39: =E39*C39 -> 3.5 | H39: 3 | I39: 77 | J39: =VLOOKUP(I39,المرجع!$B$2:$C$11,2) -> 3.5 | K39: =VLOOKUP(J39,المرجع!$D$2:$E$11,2) -> ج+ | L39: =J39*H39 -> 10.5 | M39: 3 | N39: 50 | O39: =VLOOKUP(N39,المرجع!$B$2:$C$11,2) -> 2 | P39: =VLOOKUP(O39,المرجع!$D$2:$E$11,2) -> د | Q39: =O39*M39 -> 6 | R39: 3 | S39: 90 | T39: =VLOOKUP(S39,المرجع!$B$2:$C$11,2) -> 4.75 | U39: =VLOOKUP(T39,المرجع!$D$2:$E$11,2) -> أ | V39: =T39*R39 -> 14.25 | W39: 2 | X39: 57 | Y39: =VLOOKUP(X39,المرجع!$B$2:$C$11,2) -> 2 | Z39: =VLOOKUP(Y39,المرجع!$D$2:$E$11,2) -> د | AA39: =Y39*W39 -> 4 | AB39: 3 | AC39: 75 | AD39: =VLOOKUP(AC39,المرجع!$B$2:$C$11,2) -> 3.5 | AE39: =VLOOKUP(AD39,المرجع!$D$2:$E$11,2) -> ج+ | AF39: =AD39*AB39 -> 10.5 | AG39: 2 | AH39: 64 | AI39: =VLOOKUP(AH39,المرجع!$B$2:$C$11,2) -> 2 | AJ39: =VLOOKUP(AI39,المرجع!$D$2:$E$11,2) -> د | AK39: =AI39*AG39 -> 4 | AL39: 2 | AM39: 50 | AN39: =VLOOKUP(AM39,المرجع!$B$2:$C$11,2) -> 2 | AO39: =VLOOKUP(AN39,المرجع!$D$2:$E$11,2) -> د | AP39: =AN39*AL39 -> 4 | AQ39: 2 | AR39: 73 | AS39: =VLOOKUP(AR39,المرجع!$B$2:$C$11,2) -> 3 | AT39: =VLOOKUP(AS39,المرجع!$D$2:$E$11,2) -> ج | AU39: =AS39*AQ39 -> 6 | AV39: 2 | AW39: 30 | AX39: =VLOOKUP(AW39,المرجع!$B$2:$C$11,2) -> 0 | AY39: =VLOOKUP(AX39,المرجع!$D$2:$E$11,2) -> ه | AZ39: =AX39*AV39 -> 0 | BA39: =AZ39+AU39+AP39+AK39+AF39+AA39+V39+Q39+L39+G39 -> 62.75 | BB39: =AV39+AQ39+AL39+AG39+AB39+W39+R39+M39+H39+C39 -> 23 | BC39: =BA39/BB39 -> 2.7282609 | BD39: =(BA39+'المستوى الثاني '!BB38+'المستوى الأول '!BL39)/('المستوى الأول '!BM39+'المستوى الثاني '!BC38+'المستوى الثالث '!BB38) -> 2.6544118 | BE39: =VLOOKUP(BD39,المرجع!$D$3:$F$11,3,TRUE) -> جيد | BF39: =RANK(BD39,$BD$2:$BD$41) -> 37
A40: 2024300 | B40: إسماعيل عالم صو | C40: 1 | D40: 30 | E40: =VLOOKUP(D40,المرجع!$B$2:$C$11,2) -> 0 | F40: =VLOOKUP(E40,المرجع!$D$2:$E$11,2) -> ه | G40: =E40*C40 -> 0 | H40: 3 | I40: 86 | J40: =VLOOKUP(I40,المرجع!$B$2:$C$11,2) -> 4.5 | K40: =VLOOKUP(J40,المرجع!$D$2:$E$11,2) -> ب+ | L40: =J40*H40 -> 13.5 | M40: 3 | N40: 23 | O40: =VLOOKUP(N40,المرجع!$B$2:$C$11,2) -> 0 | P40: =VLOOKUP(O40,المرجع!$D$2:$E$11,2) -> ه | Q40: =O40*M40 -> 0 | R40: 3 | S40: 50 | T40: =VLOOKUP(S40,المرجع!$B$2:$C$11,2) -> 2 | U40: =VLOOKUP(T40,المرجع!$D$2:$E$11,2) -> د | V40: =T40*R40 -> 6 | W40: 2 | X40: 21 | Y40: =VLOOKUP(X40,المرجع!$B$2:$C$11,2) -> 0 | Z40: =VLOOKUP(Y40,المرجع!$D$2:$E$11,2) -> ه | AA40: =Y40*W40 -> 0 | AB40: 3 | AC40: 70 | AD40: =VLOOKUP(AC40,المرجع!$B$2:$C$11,2) -> 3 | AE40: =VLOOKUP(AD40,المرجع!$D$2:$E$11,2) -> ج | AF40: =AD40*AB40 -> 9 | AG40: 2 | AH40: 90 | AI40: =VLOOKUP(AH40,المرجع!$B$2:$C$11,2) -> 4.75 | AJ40: =VLOOKUP(AI40,المرجع!$D$2:$E$11,2) -> أ | AK40: =AI40*AG40 -> 9.5 | AL40: 2 | AM40: 25 | AN40: =VLOOKUP(AM40,المرجع!$B$2:$C$11,2) -> 0 | AO40: =VLOOKUP(AN40,المرجع!$D$2:$E$11,2) -> ه | AP40: =AN40*AL40 -> 0 | AQ40: 2 | AR40: 56 | AS40: =VLOOKUP(AR40,المرجع!$B$2:$C$11,2) -> 2 | AT40: =VLOOKUP(AS40,المرجع!$D$2:$E$11,2) -> د | AU40: =AS40*AQ40 -> 4 | AV40: 2 | AW40: 34 | AX40: =VLOOKUP(AW40,المرجع!$B$2:$C$11,2) -> 0 | AY40: =VLOOKUP(AX40,المرجع!$D$2:$E$11,2) -> ه | AZ40: =AX40*AV40 -> 0 | BA40: =AZ40+AU40+AP40+AK40+AF40+AA40+V40+Q40+L40+G40 -> 42 | BB40: =AV40+AQ40+AL40+AG40+AB40+W40+R40+M40+H40+C40 -> 23 | BC40: =BA40/BB40 -> 1.826087 | BD40: =(BA40+'المستوى الثاني '!BB41+'المستوى الأول '!BL42)/('المستوى الأول '!BM42+'المستوى الثاني '!BC41+'المستوى الثالث '!BB41) -> 2.3382353 | BE40: =VLOOKUP(BD40,المرجع!$D$3:$F$11,3,TRUE) -> مقبول مرتفع | BF40: =RANK(BD40,$BD$2:$BD$41) -> 39
A41: 2024167 | B41: الأمين كيبا توري | C41: 1 | D41: 50 | E41: =VLOOKUP(D41,المرجع!$B$2:$C$11,2) -> 2 | F41: =VLOOKUP(E41,المرجع!$D$2:$E$11,2) -> د | G41: =E41*C41 -> 2 | H41: 3 | I41: 84 | J41: =VLOOKUP(I41,المرجع!$B$2:$C$11,2) -> 4 | K41: =VLOOKUP(J41,المرجع!$D$2:$E$11,2) -> ب | L41: =J41*H41 -> 12 | M41: 3 | N41: 27 | O41: =VLOOKUP(N41,المرجع!$B$2:$C$11,2) -> 0 | P41: =VLOOKUP(O41,المرجع!$D$2:$E$11,2) -> ه | Q41: =O41*M41 -> 0 | R41: 3 | S41: 88 | T41: =VLOOKUP(S41,المرجع!$B$2:$C$11,2) -> 4.5 | U41: =VLOOKUP(T41,المرجع!$D$2:$E$11,2) -> ب+ | V41: =T41*R41 -> 13.5 | W41: 2 | X41: 24 | Y41: =VLOOKUP(X41,المرجع!$B$2:$C$11,2) -> 0 | Z41: =VLOOKUP(Y41,المرجع!$D$2:$E$11,2) -> ه | AA41: =Y41*W41 -> 0 | AB41: 3 | AC41: 70 | AD41: =VLOOKUP(AC41,المرجع!$B$2:$C$11,2) -> 3 | AE41: =VLOOKUP(AD41,المرجع!$D$2:$E$11,2) -> ج | AF41: =AD41*AB41 -> 9 | AG41: 2 | AH41: 25 | AI41: =VLOOKUP(AH41,المرجع!$B$2:$C$11,2) -> 0 | AJ41: =VLOOKUP(AI41,المرجع!$D$2:$E$11,2) -> ه | AK41: =AI41*AG41 -> 0 | AL41: 2 | AM41: 25 | AN41: =VLOOKUP(AM41,المرجع!$B$2:$C$11,2) -> 0 | AO41: =VLOOKUP(AN41,المرجع!$D$2:$E$11,2) -> ه | AP41: =AN41*AL41 -> 0 | AQ41: 2 | AR41: 86 | AS41: =VLOOKUP(AR41,المرجع!$B$2:$C$11,2) -> 4.5 | AT41: =VLOOKUP(AS41,المرجع!$D$2:$E$11,2) -> ب+ | AU41: =AS41*AQ41 -> 9 | AV41: 2 | AW41: 17 | AX41: =VLOOKUP(AW41,المرجع!$B$2:$C$11,2) -> 0 | AY41: =VLOOKUP(AX41,المرجع!$D$2:$E$11,2) -> ه | AZ41: =AX41*AV41 -> 0 | BA41: =AZ41+AU41+AP41+AK41+AF41+AA41+V41+Q41+L41+G41 -> 45.5 | BB41: =AV41+AQ41+AL41+AG41+AB41+W41+R41+M41+H41+C41 -> 23 | BC41: =BA41/BB41 -> 1.9782609 | BD41: =(BA41+'المستوى الثاني '!BB40+'المستوى الأول '!BL41)/('المستوى الأول '!BM41+'المستوى الثاني '!BC40+'المستوى الثالث '!BB40) -> 2.2683824 | BE41: =VLOOKUP(BD41,المرجع!$D$3:$F$11,3,TRUE) -> مقبول مرتفع | BF41: =RANK(BD41,$BD$2:$BD$41) -> 40

Sheet المرجع
B2: الدرجة | C2: الوزن | D2: المعدلة | E2: رمز المعدلة | F2: التقدير
B3: 0 | C3: 0 | D3: 0 | E3: ه | F3: راسب
B4: 50 | C4: 2 | D4: 2 | E4: د | F4: مقبول
B5: 65 | C5: 2.5 | D5: 2.1 | E5: د+ | F5: مقبول مرتفع
B6: 70 | C6: 3 | D6: 2.6 | E6: ج | F6: جيد
B7: 75 | C7: 3.5 | D7: 3.1 | E7: ج+ | F7: جيد مرتفع
B8: 80 | C8: 4 | D8: 3.6 | E8: ب | F8: جيد جدا
B9: 85 | C9: 4.5 | D9: 4.1 | E9: ب+ | F9: جيد جد مرتفع
B10: 90 | C10: 4.75 | D10: 4.6 | E10: أ | F10: ممتاز
B11: 95 | C11: 5 | D11: 4.76 | E11: أ+ | F11: ممتاز مرتفع

Sheet ورقة1
B3: اسم الطالب | D3: عثمان الحاج باكيبا ديباسي
A4: المستوى الأول 2023-2024 | J4: المستوى الأول 2022-2023
A5: م | B5: المواد | C5: الساعات | D5: الدرجة | E5: الوزن | F5: الرمز | G5: النقاط | J5: م | K5: المواد | L5: الدرجة | M5: الوزن | N5: الرمز | O5: النقاط
A6: 1 | B6: القرآن الكريم | C6: =VLOOKUP(D3,'المستوى الأول '!C2:BQ55,2,FALSE) -> 1 | D6: =VLOOKUP(D3,'المستوى الأول '!C2:BQ55,3,FALSE) -> 98 | E6: =VLOOKUP(D3,'المستوى الأول '!C2:BQ55,4,FALSE) -> 5 | F6: =VLOOKUP(D3,'المستوى الأول '!C2:BQ55,5,FALSE) -> أ+ | G6: =VLOOKUP(D3,'المستوى الأول '!C2:BQ55,6,FALSE) -> 5 | J6: 1 | K6: القرآن الكريم
A7: 2 | B7: المدخل إلى علوم الحديث | C7: =VLOOKUP(D3,'المستوى الأول '!C2:BQ55,7,FALSE) -> 2 | D7: =VLOOKUP(D3,'المستوى الأول '!C2:BQ55,8,FALSE) -> 96 | E7: =VLOOKUP(D3,'المستوى الأول '!C2:BQ55,9,FALSE) -> 5 | F7: =VLOOKUP(D3,'المستوى الأول '!C2:BQ55,10,FALSE) -> أ+ | G7: =VLOOKUP(D3,'المستوى الأول '!C2:BQ55,11,FALSE) -> 10 | J7: 2 | K7: المدخل إلى علوم الحديث
A8: 3 | B8: المدخل إلى الحديث التجلثيلي | D8: =VLOOKUP(D3,'المستوى الأول '!C2:BQ55,13,FALSE) -> 93 | J8: 3 | K8: المدخل إلى الحديث التجلثيلي
A9: 4 | B9: تاريخ السنة | J9: 4 | K9: تاريخ السنة
A10: 5 | B10: التجويد | J10: 5 | K10: التجويد
A11: 6 | B11: المدخل إلى علوم القرآن | J11: 6 | K11: المدخل إلى علوم القرآن
A12: 7 | B12: الفقه | J12: 7 | K12: الفقه
A13: 8 | B13: اللغة الإنجليزية | J13: 8 | K13: اللغة الإنجليزية
A14: 9 | B14: مناهج البحث | J14: 9 | K14: مناهج البحث
A15: 10 | B15: التوحيد | J15: 10 | K15: التوحيد
A16: 11 | B16: النحو | J16: 11 | K16: النحو
A17: 12 | B17: التحرير العربي | J17: 12 | K17: التحرير العربي
B18: المحموع
B19: المعدل الفصلي | E19: التقدير
B20: المعدل التراكمي
A22: المستوى الثاني 2022-2023 | J22: المستوى الأول 2022-2023
A23: م | B23: المواد | D23: الدرجة | E23: الوزن | F23: الرمز | G23: النقاط | J23: م | K23: المواد | L23: الدرجة | M23: الوزن | N23: الرمز | O23: النقاط
A24: 1 | B24: القرآن الكريم | D24: =VLOOKUP(D3,'المستوى الثالث '!B1:BG41,3,) -> 92 | E24: =VLOOKUP(D3,'المستوى الثالث '!B1:BG41,4,) -> 4.75 | F24: =VLOOKUP(D3,'المستوى الثالث '!B1:BG41,5,) -> أ | G24: =VLOOKUP(D3,'المستوى الثالث '!B1:BG41,6,) -> 4.75 | J24: 1 | K24: القرآن الكريم
A25: 2 | B25: المدخل إلى علوم الحديث | D25: =VLOOKUP(D3,'المستوى الثالث '!B1:BG41,3,) -> 92 | E25: =VLOOKUP(D3,'المستوى الثالث '!B1:BG41,3,) -> 92 | F25: =VLOOKUP(D3,'المستوى الثالث '!B1:BG41,3,) -> 92 | G25: =VLOOKUP(D3,'المستوى الثالث '!B1:BG41,3,) -> 92 | J25: 2 | K25: المدخل إلى علوم الحديث
A26: 3 | B26: المدخل إلى الحديث التجلثيلي | J26: 3 | K26: المدخل إلى الحديث التجلثيلي
A27: 4 | B27: تاريخ السنة | J27: 4 | K27: تاريخ السنة
A28: 5 | B28: التجويد | J28: 5 | K28: التجويد
A29: 6 | B29: المدخل إلى علوم القرآن | J29: 6 | K29: المدخل إلى علوم القرآن
A30: 7 | B30: الفقه | J30: 7 | K30: الفقه
A31: 8 | B31: اللغة الإنجليزية | J31: 8 | K31: اللغة الإنجليزية
A32: 9 | B32: مناهج البحث | J32: 9 | K32: مناهج البحث
A33: 10 | B33: التوحيد | J33: 10 | K33: التوحيد
A34: 11 | B34: النحو | J34: 11 | K34: النحو
A35: 12 | B35: التحرير العربي | J35: 12 | K35: التحرير العربي
B36: المعدل الفصلى | D36: المعدل التراكمي | G36: مجموع
A38: المستوى الأول 2022-2023 | J38: المستوى الأول 2022-2023
A39: م | B39: المواد | D39: الدرجة | E39: الوزن | F39: الرمز | G39: النقاط | J39: م | K39: المواد | L39: الدرجة | M39: الوزن | N39: الرمز | O39: النقاط
A40: 1 | B40: القرآن الكريم | J40: 1 | K40: القرآن الكريم
A41: 2 | B41: المدخل إلى علوم الحديث | J41: 2 | K41: المدخل إلى علوم الحديث
A42: 3 | B42: المدخل إلى الحديث التجلثيلي | J42: 3 | K42: المدخل إلى الحديث التجلثيلي
A43: 4 | B43: تاريخ السنة | J43: 4 | K43: تاريخ السنة
A44: 5 | B44: التجويد | J44: 5 | K44: التجويد
A45: 6 | B45: المدخل إلى علوم القرآن | J45: 6 | K45: المدخل إلى علوم القرآن
A46: 7 | B46: الفقه | J46: 7 | K46: الفقه
A47: 8 | B47: اللغة الإنجليزية | J47: 8 | K47: اللغة الإنجليزية
A48: 9 | B48: مناهج البحث | J48: 9 | K48: مناهج البحث
A49: 10 | B49: التوحيد | J49: 10 | K49: التوحيد
A50: 11 | B50: النحو | J50: 11 | K50: النحو
A51: 12 | B51: التحرير العربي | J51: 12 | K51: التحرير العربي
A54: المستوى الأول 2022-2023 | J54: المستوى الأول 2022-2023
A55: م | B55: المواد | D55: الدرجة | E55: الوزن | F55: الرمز | G55: النقاط | J55: م | K55: المواد | L55: الدرجة | M55: الوزن | N55: الرمز | O55: النقاط
A56: 1 | B56: القرآن الكريم | J56: 1 | K56: القرآن الكريم
A57: 2 | B57: المدخل إلى علوم الحديث | J57: 2 | K57: المدخل إلى علوم الحديث
A58: 3 | B58: المدخل إلى الحديث التجلثيلي | J58: 3 | K58: المدخل إلى الحديث التجلثيلي
A59: 4 | B59: تاريخ السنة | J59: 4 | K59: تاريخ السنة
A60: 5 | B60: التجويد | J60: 5 | K60: التجويد
A61: 6 | B61: المدخل إلى علوم القرآن | J61: 6 | K61: المدخل إلى علوم القرآن
A62: 7 | B62: الفقه | J62: 7 | K62: الفقه
A63: 8 | B63: اللغة الإنجليزية | J63: 8 | K63: اللغة الإنجليزية
A64: 9 | B64: مناهج البحث | J64: 9 | K64: مناهج البحث
A65: 10 | B65: التوحيد | J65: 10 | K65: التوحيد
A66: 11 | B66: النحو | J66: 11 | K66: النحو
A67: 12 | B67: التحرير العربي | J67: 12 | K67: التحرير العربي

Sheet كشف الدجات 
A5: الرقم الجامعي | D5: 2024187
A6: اسم الطالب/ ة | D6: =_xlfn.XLOOKUP($D$5,'المستوى الثالث '!A2:A41,'المستوى الثالث '!B2:B41) -> أبوبكر شيخ كاناجي
A7: الكلية | D7: الحـــــديــــث
A8: المستوى | D8: الـــثــالــث
A9: م | B9: الفصل الأول/ 2025-2026
B10: المقرر | E10: الدرجة النهائة | F10: التقدير | H10: النقاط
B11: اسمه | C11: رمزه | D11: ساعته | F11: وزنه | G11: رمزه
A12: =_xlfn.UNICHAR(ROW()-11+9311) -> ① | B12: القرآن الكريم | C12: قرأ 203 | D12: =_xlfn.XLOOKUP($D$5,'المستوى الثالث '!A2:A41,'المستوى الثالث '!C2:C41) -> 1 | E12: {=_xlfn.XLOOKUP($D$5,'المستوى الثالث '!A2:A41,'المستوى الثالث '!D2:G41)} -> 86 | F12: 4.5 | G12: ب+ | H12: 4.5
A13: =_xlfn.UNICHAR(ROW()-11+9311) -> ② | B13: رواة الحديث 2 | C13: سنة 202 | D13: =_xlfn.XLOOKUP($D$5,'المستوى الثالث '!A2:A41,'المستوى الثالث '!H2:H41) -> 3 | E13: {=_xlfn.XLOOKUP($D$5,'المستوى الثالث '!A2:A41,'المستوى الثالث '!I2:L41)} -> 97 | F13: 5 | G13: أ+ | H13: 15
A14: =_xlfn.UNICHAR(ROW()-11+9311) -> ③ | B14: مصطلح الحديث 2 | C14: سند 202 | D14: =_xlfn.XLOOKUP($D$5,'المستوى الثالث '!A2:A41,'المستوى الثالث '!M2:M41) -> 3 | E14: {=_xlfn.XLOOKUP($D$5,'المستوى الثالث '!A2:A41,'المستوى الثالث '!N2:Q41)} -> 65 | F14: 2.5 | G14: د+ | H14: 7.5
A15: =_xlfn.UNICHAR(ROW()-11+9311) -> ④ | B15: كتب السنة1 | C15: سنة 201 | D15: =_xlfn.XLOOKUP($D$5,'المستوى الثالث '!A2:A41,'المستوى الثالث '!R2:R41) -> 3 | E15: {=_xlfn.XLOOKUP($D$5,'المستوى الثالث '!A2:A41,'المستوى الثالث '!S2:V41)} -> 56 | F15: 2 | G15: د | H15: 6
A16: =_xlfn.UNICHAR(ROW()-11+9311) -> ⑤ | B16: أصول الفقه 1 | C16: أصل 201 | D16: =_xlfn.XLOOKUP($D$5,'المستوى الثالث '!A2:A41,'المستوى الثالث '!W2:W41) -> 2 | E16: {=_xlfn.XLOOKUP($D$5,'المستوى الثالث '!A2:A41,'المستوى الثالث '!X2:AA41)} -> 77 | F16: 3.5 | G16: ج+ | H16: 7
A17: =_xlfn.UNICHAR(ROW()-11+9311) -> ⑥ | B17: الحديث التحليلي 2 | C17: سنة 202 | D17: =_xlfn.XLOOKUP($D$5,'المستوى الثالث '!A2:A41,'المستوى الثالث '!AB2:AB41) -> 3 | E17: {=_xlfn.XLOOKUP($D$5,'المستوى الثالث '!A2:A41,'المستوى الثالث '!AC2:AF41)} -> 95 | F17: 5 | G17: أ+ | H17: 15
A18: =_xlfn.UNICHAR(ROW()-11+9311) -> ⑦ | B18: العقيدة 2 | C18: عقد 202 | D18: =_xlfn.XLOOKUP($D$5,'المستوى الثالث '!A2:A41,'المستوى الثالث '!AG2:AG41) -> 2 | E18: {=_xlfn.XLOOKUP($D$5,'المستوى الثالث '!A2:A41,'المستوى الثالث '!AH2:AK41)} -> 88 | F18: 4.5 | G18: ب+ | H18: 9
A19: =_xlfn.UNICHAR(ROW()-11+9311) -> ⑧ | B19: النحو (2) | C19: لغة 203 | D19: =_xlfn.XLOOKUP($D$5,'المستوى الثالث '!A2:A41,'المستوى الثالث '!AL2:AL41) -> 2 | E19: {=_xlfn.XLOOKUP($D$5,'المستوى الثالث '!A2:A41,'المستوى الثالث '!AM2:AP41)} -> 58 | F19: 2 | G19: د | H19: 4
A20: =_xlfn.UNICHAR(ROW()-11+9311) -> ⑨ | B20: دراسات غامبيا | C20: ترخ 201 | D20: =_xlfn.XLOOKUP($D$5,'المستوى الثالث '!A2:A41,'المستوى الثالث '!AQ2:AQ41) -> 2 | E20: {=_xlfn.XLOOKUP($D$5,'المستوى الثالث '!A2:A41,'المستوى الثالث '!AR2:AU41)} -> 91 | F20: 4.75 | G20: أ | H20: 9.5
A21: =_xlfn.UNICHAR(ROW()-11+9311) -> ⑩ | B21: English(3) | C21: لغة 203 | D21: =_xlfn.XLOOKUP($D$5,'المستوى الثالث '!A2:A41,'المستوى الثالث '!AV2:AV41) -> 2 | E21: {=_xlfn.XLOOKUP($D$5,'المستوى الثالث '!A2:A41,'المستوى الثالث '!AW2:AZ41)} -> 82 | F21: 4 | G21: ب | H21: 8
A22: المجموع | D22: =SUM(D12:D21) -> 23 | H22: =SUM(H12:H21) -> 85.5
A23: المعدل الفصلي | D23: =_xlfn.XLOOKUP($D$5,'المستوى الثالث '!A2:A41,'المستوى الثالث '!BC2:BC41) -> 3.7173913
A24: المعدل التراكمي | D24: =_xlfn.XLOOKUP($D$5,'المستوى الثالث '!A2:A41,'المستوى الثالث '!BD2:BD41) -> 3.6617647
A25: التقدير | D25: =_xlfn.XLOOKUP($D$5,'المستوى الثالث '!A2:A41,'المستوى الثالث '!BE2:BE41) -> جيد جدا
A26: الترتيب | D26: =_xlfn.XLOOKUP($D$5,'المستوى الثالث '!A2:A41,'المستوى الثالث '!BF2:BF41) -> 24
