Workbook

Sheet المستوى الأول 2022
B2: رقم التسلسل | C2: الإسم | D2: الساعات | E2: القرأن الكريم (1) | F2: الوزن | G2: الرمز | H2: النقاط | I2: الساعات | J2: المدخل إلى علوم القرآن | K2: الوزن | L2: الرمز | M2: النقاط | N2: الساعات | O2: الفقه (1) | P2: الوزن | Q2: الرمز | R2: النقاط | S2: الساعات | T2: المدخل إلى الحديث التحليلي | U2: الوزن | V2: الرمز | W2: النقاط | X2: الساعات | Y2: تاريخ السنة | Z2: الوزن | AA2: الرمز | AB2: النقاط | AC2: الساعات | AD2: المدخل إلى علوم الحديث | AE2: الوزن | AF2: الرمز | AG2: النقاط | AH2: الساعات | AI2: النحو (1) | AJ2: الوزن | AK2: الرمز | AL2: النقاط | AM2: الساعات | AN2: مناهج البحث | AO2: الوزن | AP2: الرمز | AQ2: النقاط | AR2: الساعات | AS2: التوحيد | AT2: الوزن | AU2: الرمز | AV2: النقاط | AW2: الساعات | AX2: التحرير العربي | AY2: الوزن | AZ2: الرمز | BA2: النقاط | BB2: الساعات | BC2: التجويد | BD2: الوزن | BE2: الرمز | BF2: النقاط | BG2: الساعات | BH2: English | BI2: الوزن | BJ2: الرمز | BK2: النقاط | BL2: مجموع النقاط | BM2: مجموع الساعات | BN2: المعدل الفصلي | BO2: المعدل التراكمي | BP2: التقدير | BQ2: الترتيب
B3: 2023002 | C3: ديالو إبراهيم | D3: 1 | E3: 98 | F3: =VLOOKUP(E3,المرجع!$B$3:$C$12,2) -> 5 | G3: =VLOOKUP(F3,المرجع!$D$3:$E$12,2) -> أ+ | H3: =F3*D3 -> 5 | I3: 2 | J3: 98 | K3: =VLOOKUP(J3,المرجع!$B$3:$C$12,2) -> 5 | L3: =VLOOKUP(K3,المرجع!$D$3:$E$12,2) -> أ+ | M3: =K3*I3 -> 10 | N3: 2 | O3: 90 | P3: =VLOOKUP(O3,المرجع!$B$3:$C$12,2) -> 4.75 | Q3: =VLOOKUP(P3,المرجع!$D$3:$E$12,2) -> أ | R3: =P3*N3 -> 9.5 | S3: 2 | T3: 99 | U3: =VLOOKUP(T3,المرجع!$B$3:$C$12,2) -> 5 | V3: =VLOOKUP(U3,المرجع!$D$3:$E$12,2) -> أ+ | W3: =U3*S3 -> 10 | X3: 2 | Y3: 100 | Z3: =VLOOKUP(Y3,المرجع!$B$3:$C$12,2) -> 5 | AA3: =VLOOKUP(Z3,المرجع!$D$3:$E$12,2) -> أ+ | AB3: =Z3*X3 -> 10 | AC3: 2 | AD3: 84 | AE3: =VLOOKUP(AD3,المرجع!$B$3:$C$12,2) -> 4 | AF3: =VLOOKUP(AE3,المرجع!$D$3:$E$12,2) -> ب | AG3: =AE3*AC3 -> 8 | AH3: 2 | AI3: 89 | AJ3: =VLOOKUP(AI3,المرجع!$B$3:$C$12,2) -> 4.5 | AK3: =VLOOKUP(AJ3,المرجع!$D$3:$E$12,2) -> ب+ | AL3: =AJ3*AH3 -> 9 | AM3: 2 | AN3: 95 | AO3: =VLOOKUP(AN3,المرجع!$B$3:$C$12,2) -> 5 | AP3: =VLOOKUP(AO3,المرجع!$D$3:$E$12,2) -> أ+ | AQ3: =AO3*AM3 -> 10 | AR3: 2 | AS3: 84 | AT3: =VLOOKUP(AS3,المرجع!$B$3:$C$12,2) -> 4 | AU3: =VLOOKUP(AT3,المرجع!$D$3:$E$12,2) -> ب | AV3: =AT3*AR3 -> 8 | AW3: 2 | AX3: 90 | AY3: =VLOOKUP(AX3,المرجع!$B$3:$C$12,2) -> 4.75 | AZ3: =VLOOKUP(AY3,المرجع!$D$3:$E$12,2) -> أ | BA3: =AY3*AW3 -> 9.5 | BB3: 2 | BC3: 95 | BD3: =VLOOKUP(BC3,المرجع!$B$3:$C$12,2) -> 5 | BE3: =VLOOKUP(BD3,المرجع!$D$3:$E$12,2) -> أ+ | BF3: =BD3*BB3 -> 10 | BG3: 2 | BH3: 96 | BI3: =VLOOKUP(BH3,المرجع!$B$3:$C$12,2) -> 5 | BJ3: =VLOOKUP(BI3,المرجع!$D$3:$E$12,2) -> أ+ | BK3: =BI3*BG3 -> 10 | BL3: =-BK3+BF3+BA3+AV3+AQ3+AL3+AG3+AB3+W3+R3+M3+H3 -> 89 | BM3: =SUM(BG3+BB3+AW3+AR3+AM3+AH3+AC3+X3+S3+N3+I3+D3) -> 23 | BN3: =BL3/BM3 -> 3.8695652 | BP3: =VLOOKUP(BN3,المرجع!$D$3:$F$12,3) -> جيد جدا | BQ3: =RANK(BN3,$BN$3:$BN$98) -> 2
B4: 2023035 | C4: بنت موسى | D4: 1 | E4: 95 | F4: =VLOOKUP(E4,المرجع!$B$3:$C$12,2) -> 5 | G4: =VLOOKUP(F4,المرجع!$D$3:$E$12,2) -> أ+ | H4: =F4*D4 -> 5 | I4: 2 | J4: 100 | K4: =VLOOKUP(J4,المرجع!$B$3:$C$12,2) -> 5 | L4: =VLOOKUP(K4,المرجع!$D$3:$E$12,2) -> أ+ | M4: =K4*I4 -> 10 | N4: 2 | O4: 95 | P4: =VLOOKUP(O4,المرجع!$B$3:$C$12,2) -> 5 | Q4: =VLOOKUP(P4,المرجع!$D$3:$E$12,2) -> أ+ | R4: =P4*N4 -> 10 | S4: 2 | T4: 97 | U4: =VLOOKUP(T4,المرجع!$B$3:$C$12,2) -> 5 | V4: =VLOOKUP(U4,المرجع!$D$3:$E$12,2) -> أ+ | W4: =U4*S4 -> 10 | X4: 2 | Y4: 100 | Z4: =VLOOKUP(Y4,المرجع!$B$3:$C$12,2) -> 5 | AA4: =VLOOKUP(Z4,المرجع!$D$3:$E$12,2) -> أ+ | AB4: =Z4*X4 -> 10 | AC4: 2 | AD4: 96 | AE4: =VLOOKUP(AD4,المرجع!$B$3:$C$12,2) -> 5 | AF4: =VLOOKUP(AE4,المرجع!$D$3:$E$12,2) -> أ+ | AG4: =AE4*AC4 -> 10 | AH4: 2 | AI4: 98 | AJ4: =VLOOKUP(AI4,المرجع!$B$3:$C$12,2) -> 5 | AK4: =VLOOKUP(AJ4,المرجع!$D$3:$E$12,2) -> أ+ | AL4: =AJ4*AH4 -> 10 | AM4: 2 | AN4: 93 | AO4: =VLOOKUP(AN4,المرجع!$B$3:$C$12,2) -> 4.75 | AP4: =VLOOKUP(AO4,المرجع!$D$3:$E$12,2) -> أ | AQ4: =AO4*AM4 -> 9.5 | AR4: 2 | AS4: 93 | AT4: =VLOOKUP(AS4,المرجع!$B$3:$C$12,2) -> 4.75 | AU4: =VLOOKUP(AT4,المرجع!$D$3:$E$12,2) -> أ | AV4: =AT4*AR4 -> 9.5 | AW4: 2 | AX4: 65 | AY4: =VLOOKUP(AX4,المرجع!$B$3:$C$12,2) -> 2.5 | AZ4: =VLOOKUP(AY4,المرجع!$D$3:$E$12,2) -> د+ | BA4: =AY4*AW4 -> 5 | BB4: 2 | BC4: 100 | BD4: =VLOOKUP(BC4,المرجع!$B$3:$C$12,2) -> 5 | BE4: =VLOOKUP(BD4,المرجع!$D$3:$E$12,2) -> أ+ | BF4: =BD4*BB4 -> 10 | BG4: 2 | BH4: 100 | BI4: =VLOOKUP(BH4,المرجع!$B$3:$C$12,2) -> 5 | BJ4: =VLOOKUP(BI4,المرجع!$D$3:$E$12,2) -> أ+ | BK4: =BI4*BG4 -> 10 | BL4: =-BK4+BF4+BA4+AV4+AQ4+AL4+AG4+AB4+W4+R4+M4+H4 -> 89 | BM4: =SUM(BG4+BB4+AW4+AR4+AM4+AH4+AC4+X4+S4+N4+I4+D4) -> 23 | BN4: =BL4/BM4 -> 3.8695652 | BP4: =VLOOKUP(BN4,المرجع!$D$3:$F$12,3) -> جيد جدا | BQ4: =RANK(BN4,$BN$3:$BN$98) -> 2
B5: 2023085 | C5: فاطمة صغرى محمد جابي | D5: 1 | E5: 95 | F5: =VLOOKUP(E5,المرجع!$B$3:$C$12,2) -> 5 | G5: =VLOOKUP(F5,المرجع!$D$3:$E$12,2) -> أ+ | H5: =F5*D5 -> 5 | I5: 2 | J5: 100 | K5: =VLOOKUP(J5,المرجع!$B$3:$C$12,2) -> 5 | L5: =VLOOKUP(K5,المرجع!$D$3:$E$12,2) -> أ+ | M5: =K5*I5 -> 10 | N5: 2 | O5: 94 | P5: =VLOOKUP(O5,المرجع!$B$3:$C$12,2) -> 4.75 | Q5: =VLOOKUP(P5,المرجع!$D$3:$E$12,2) -> أ | R5: =P5*N5 -> 9.5 | S5: 2 | T5: 99 | U5: =VLOOKUP(T5,المرجع!$B$3:$C$12,2) -> 5 | V5: =VLOOKUP(U5,المرجع!$D$3:$E$12,2) -> أ+ | W5: =U5*S5 -> 10 | X5: 2 | Y5: 99 | Z5: =VLOOKUP(Y5,المرجع!$B$3:$C$12,2) -> 5 | AA5: =VLOOKUP(Z5,المرجع!$D$3:$E$12,2) -> أ+ | AB5: =Z5*X5 -> 10 | AC5: 2 | AD5: 95 | AE5: =VLOOKUP(AD5,المرجع!$B$3:$C$12,2) -> 5 | AF5: =VLOOKUP(AE5,المرجع!$D$3:$E$12,2) -> أ+ | AG5: =AE5*AC5 -> 10 | AH5: 2 | AI5: 99 | AJ5: =VLOOKUP(AI5,المرجع!$B$3:$C$12,2) -> 5 | AK5: =VLOOKUP(AJ5,المرجع!$D$3:$E$12,2) -> أ+ | AL5: =AJ5*AH5 -> 10 | AM5: 2 | AN5: 96 | AO5: =VLOOKUP(AN5,المرجع!$B$3:$C$12,2) -> 5 | AP5: =VLOOKUP(AO5,المرجع!$D$3:$E$12,2) -> أ+ | AQ5: =AO5*AM5 -> 10 | AR5: 2 | AS5: 100 | AT5: =VLOOKUP(AS5,المرجع!$B$3:$C$12,2) -> 5 | AU5: =VLOOKUP(AT5,المرجع!$D$3:$E$12,2) -> أ+ | AV5: =AT5*AR5 -> 10 | AW5: 2 | AX5: 55 | AY5: =VLOOKUP(AX5,المرجع!$B$3:$C$12,2) -> 2 | AZ5: =VLOOKUP(AY5,المرجع!$D$3:$E$12,2) -> د | BA5: =AY5*AW5 -> 4 | BB5: 2 | BC5: 100 | BD5: =VLOOKUP(BC5,المرجع!$B$3:$C$12,2) -> 5 | BE5: =VLOOKUP(BD5,المرجع!$D$3:$E$12,2) -> أ+ | BF5: =BD5*BB5 -> 10 | BG5: 2 | BH5: 100 | BI5: =VLOOKUP(BH5,المرجع!$B$3:$C$12,2) -> 5 | BJ5: =VLOOKUP(BI5,المرجع!$D$3:$E$12,2) -> أ+ | BK5: =BI5*BG5 -> 10 | BL5: =-BK5+BF5+BA5+AV5+AQ5+AL5+AG5+AB5+W5+R5+M5+H5 -> 88.5 | BM5: =SUM(BG5+BB5+AW5+AR5+AM5+AH5+AC5+X5+S5+N5+I5+D5) -> 23 | BN5: =BL5/BM5 -> 3.8478261 | BP5: =VLOOKUP(BN5,المرجع!$D$3:$F$12,3) -> جيد جدا | BQ5: =RANK(BN5,$BN$3:$BN$98) -> 5
B6: 2023097 | C6: محمد بن سمبر دكوري | D6: 1 | E6: 96 | F6: =VLOOKUP(E6,المرجع!$B$3:$C$12,2) -> 5 | G6: =VLOOKUP(F6,المرجع!$D$3:$E$12,2) -> أ+ | H6: =F6*D6 -> 5 | I6: 2 | J6: 100 | K6: =VLOOKUP(J6,المرجع!$B$3:$C$12,2) -> 5 | L6: =VLOOKUP(K6,المرجع!$D$3:$E$12,2) -> أ+ | M6: =K6*I6 -> 10 | N6: 2 | O6: 90 | P6: =VLOOKUP(O6,المرجع!$B$3:$C$12,2) -> 4.75 | Q6: =VLOOKUP(P6,المرجع!$D$3:$E$12,2) -> أ | R6: =P6*N6 -> 9.5 | S6: 2 | T6: 98 | U6: =VLOOKUP(T6,المرجع!$B$3:$C$12,2) -> 5 | V6: =VLOOKUP(U6,المرجع!$D$3:$E$12,2) -> أ+ | W6: =U6*S6 -> 10 | X6: 2 | Y6: 100 | Z6: =VLOOKUP(Y6,المرجع!$B$3:$C$12,2) -> 5 | AA6: =VLOOKUP(Z6,المرجع!$D$3:$E$12,2) -> أ+ | AB6: =Z6*X6 -> 10 | AC6: 2 | AD6: 93 | AE6: =VLOOKUP(AD6,المرجع!$B$3:$C$12,2) -> 4.75 | AF6: =VLOOKUP(AE6,المرجع!$D$3:$E$12,2) -> أ | AG6: =AE6*AC6 -> 9.5 | AH6: 2 | AI6: 100 | AJ6: =VLOOKUP(AI6,المرجع!$B$3:$C$12,2) -> 5 | AK6: =VLOOKUP(AJ6,المرجع!$D$3:$E$12,2) -> أ+ | AL6: =AJ6*AH6 -> 10 | AM6: 2 | AN6: 94 | AO6: =VLOOKUP(AN6,المرجع!$B$3:$C$12,2) -> 4.75 | AP6: =VLOOKUP(AO6,المرجع!$D$3:$E$12,2) -> أ | AQ6: =AO6*AM6 -> 9.5 | AR6: 2 | AS6: 86 | AT6: =VLOOKUP(AS6,المرجع!$B$3:$C$12,2) -> 4.5 | AU6: =VLOOKUP(AT6,المرجع!$D$3:$E$12,2) -> ب+ | AV6: =AT6*AR6 -> 9 | AW6: 2 | AX6: 80 | AY6: =VLOOKUP(AX6,المرجع!$B$3:$C$12,2) -> 4 | AZ6: =VLOOKUP(AY6,المرجع!$D$3:$E$12,2) -> ب | BA6: =AY6*AW6 -> 8 | BB6: 2 | BC6: 98 | BD6: =VLOOKUP(BC6,المرجع!$B$3:$C$12,2) -> 5 | BE6: =VLOOKUP(BD6,المرجع!$D$3:$E$12,2) -> أ+ | BF6: =BD6*BB6 -> 10 | BG6: 2 | BH6: 66 | BI6: =VLOOKUP(BH6,المرجع!$B$3:$C$12,2) -> 2.5 | BJ6: =VLOOKUP(BI6,المرجع!$D$3:$E$12,2) -> د+ | BK6: =BI6*BG6 -> 5 | BL6: =-BK6+BF6+BA6+AV6+AQ6+AL6+AG6+AB6+W6+R6+M6+H6 -> 95.5 | BM6: =SUM(BG6+BB6+AW6+AR6+AM6+AH6+AC6+X6+S6+N6+I6+D6) -> 23 | BN6: =BL6/BM6 -> 4.1521739 | BP6: =VLOOKUP(BN6,المرجع!$D$3:$F$12,3) -> جيد جد مرتفع | BQ6: =RANK(BN6,$BN$3:$BN$98) -> 1
B7: 2023027 | C7: آدم عبد الحميد سنكارا | D7: 1 | E7: 100 | F7: =VLOOKUP(E7,المرجع!$B$3:$C$12,2) -> 5 | G7: =VLOOKUP(F7,المرجع!$D$3:$E$12,2) -> أ+ | H7: =F7*D7 -> 5 | I7: 2 | J7: 100 | K7: =VLOOKUP(J7,المرجع!$B$3:$C$12,2) -> 5 | L7: =VLOOKUP(K7,المرجع!$D$3:$E$12,2) -> أ+ | M7: =K7*I7 -> 10 | N7: 2 | O7: 67 | P7: =VLOOKUP(O7,المرجع!$B$3:$C$12,2) -> 2.5 | Q7: =VLOOKUP(P7,المرجع!$D$3:$E$12,2) -> د+ | R7: =P7*N7 -> 5 | S7: 2 | T7: 100 | U7: =VLOOKUP(T7,المرجع!$B$3:$C$12,2) -> 5 | V7: =VLOOKUP(U7,المرجع!$D$3:$E$12,2) -> أ+ | W7: =U7*S7 -> 10 | X7: 2 | Y7: 100 | Z7: =VLOOKUP(Y7,المرجع!$B$3:$C$12,2) -> 5 | AA7: =VLOOKUP(Z7,المرجع!$D$3:$E$12,2) -> أ+ | AB7: =Z7*X7 -> 10 | AC7: 2 | AD7: 93 | AE7: =VLOOKUP(AD7,المرجع!$B$3:$C$12,2) -> 4.75 | AF7: =VLOOKUP(AE7,المرجع!$D$3:$E$12,2) -> أ | AG7: =AE7*AC7 -> 9.5 | AH7: 2 | AI7: 98 | AJ7: =VLOOKUP(AI7,المرجع!$B$3:$C$12,2) -> 5 | AK7: =VLOOKUP(AJ7,المرجع!$D$3:$E$12,2) -> أ+ | AL7: =AJ7*AH7 -> 10 | AM7: 2 | AN7: 94 | AO7: =VLOOKUP(AN7,المرجع!$B$3:$C$12,2) -> 4.75 | AP7: =VLOOKUP(AO7,المرجع!$D$3:$E$12,2) -> أ | AQ7: =AO7*AM7 -> 9.5 | AR7: 2 | AS7: 89 | AT7: =VLOOKUP(AS7,المرجع!$B$3:$C$12,2) -> 4.5 | AU7: =VLOOKUP(AT7,المرجع!$D$3:$E$12,2) -> ب+ | AV7: =AT7*AR7 -> 9 | AW7: 2 | AX7: 85 | AY7: =VLOOKUP(AX7,المرجع!$B$3:$C$12,2) -> 4.5 | AZ7: =VLOOKUP(AY7,المرجع!$D$3:$E$12,2) -> ب+ | BA7: =AY7*AW7 -> 9 | BB7: 2 | BC7: 96 | BD7: =VLOOKUP(BC7,المرجع!$B$3:$C$12,2) -> 5 | BE7: =VLOOKUP(BD7,المرجع!$D$3:$E$12,2) -> أ+ | BF7: =BD7*BB7 -> 10 | BG7: 2 | BH7: 83 | BI7: =VLOOKUP(BH7,المرجع!$B$3:$C$12,2) -> 4 | BJ7: =VLOOKUP(BI7,المرجع!$D$3:$E$12,2) -> ب | BK7: =BI7*BG7 -> 8 | BL7: =-BK7+BF7+BA7+AV7+AQ7+AL7+AG7+AB7+W7+R7+M7+H7 -> 89 | BM7: =SUM(BG7+BB7+AW7+AR7+AM7+AH7+AC7+X7+S7+N7+I7+D7) -> 23 | BN7: =BL7/BM7 -> 3.8695652 | BP7: =VLOOKUP(BN7,المرجع!$D$3:$F$12,3) -> جيد جدا | BQ7: =RANK(BN7,$BN$3:$BN$98) -> 2
B8: 2023023 | C8: أمي بابا جاورا | D8: 1 | E8: 95 | F8: =VLOOKUP(E8,المرجع!$B$3:$C$12,2) -> 5 | G8: =VLOOKUP(F8,المرجع!$D$3:$E$12,2) -> أ+ | H8: =F8*D8 -> 5 | I8: 2 | J8: 100 | K8: =VLOOKUP(J8,المرجع!$B$3:$C$12,2) -> 5 | L8: =VLOOKUP(K8,المرجع!$D$3:$E$12,2) -> أ+ | M8: =K8*I8 -> 10 | N8: 2 | O8: 60 | P8: =VLOOKUP(O8,المرجع!$B$3:$C$12,2) -> 2 | Q8: =VLOOKUP(P8,المرجع!$D$3:$E$12,2) -> د | R8: =P8*N8 -> 4 | S8: 2 | T8: 96 | U8: =VLOOKUP(T8,المرجع!$B$3:$C$12,2) -> 5 | V8: =VLOOKUP(U8,المرجع!$D$3:$E$12,2) -> أ+ | W8: =U8*S8 -> 10 | X8: 2 | Y8: 99 | Z8: =VLOOKUP(Y8,المرجع!$B$3:$C$12,2) -> 5 | AA8: =VLOOKUP(Z8,المرجع!$D$3:$E$12,2) -> أ+ | AB8: =Z8*X8 -> 10 | AC8: 2 | AD8: 80 | AE8: =VLOOKUP(AD8,المرجع!$B$3:$C$12,2) -> 4 | AF8: =VLOOKUP(AE8,المرجع!$D$3:$E$12,2) -> ب | AG8: =AE8*AC8 -> 8 | AH8: 2 | AI8: 89 | AJ8: =VLOOKUP(AI8,المرجع!$B$3:$C$12,2) -> 4.5 | AK8: =VLOOKUP(AJ8,المرجع!$D$3:$E$12,2) -> ب+ | AL8: =AJ8*AH8 -> 9 | AM8: 2 | AN8: 88 | AO8: =VLOOKUP(AN8,المرجع!$B$3:$C$12,2) -> 4.5 | AP8: =VLOOKUP(AO8,المرجع!$D$3:$E$12,2) -> ب+ | AQ8: =AO8*AM8 -> 9 | AR8: 2 | AS8: 86 | AT8: =VLOOKUP(AS8,المرجع!$B$3:$C$12,2) -> 4.5 | AU8: =VLOOKUP(AT8,المرجع!$D$3:$E$12,2) -> ب+ | AV8: =AT8*AR8 -> 9 | AW8: 2 | AX8: 80 | AY8: =VLOOKUP(AX8,المرجع!$B$3:$C$12,2) -> 4 | AZ8: =VLOOKUP(AY8,المرجع!$D$3:$E$12,2) -> ب | BA8: =AY8*AW8 -> 8 | BB8: 2 | BC8: 95 | BD8: =VLOOKUP(BC8,المرجع!$B$3:$C$12,2) -> 5 | BE8: =VLOOKUP(BD8,المرجع!$D$3:$E$12,2) -> أ+ | BF8: =BD8*BB8 -> 10 | BG8: 2 | BH8: 100 | BI8: =VLOOKUP(BH8,المرجع!$B$3:$C$12,2) -> 5 | BJ8: =VLOOKUP(BI8,المرجع!$D$3:$E$12,2) -> أ+ | BK8: =BI8*BG8 -> 10 | BL8: =-BK8+BF8+BA8+AV8+AQ8+AL8+AG8+AB8+W8+R8+M8+H8 -> 82 | BM8: =SUM(BG8+BB8+AW8+AR8+AM8+AH8+AC8+X8+S8+N8+I8+D8) -> 23 | BN8: =BL8/BM8 -> 3.5652174 | BP8: =VLOOKUP(BN8,المرجع!$D$3:$F$12,3) -> جيد مرتفع | BQ8: =RANK(BN8,$BN$3:$BN$98) -> 9
B9: 2023050 | C9: شيخ كسما تنكارا | D9: 1 | E9: 98 | F9: =VLOOKUP(E9,المرجع!$B$3:$C$12,2) -> 5 | G9: =VLOOKUP(F9,المرجع!$D$3:$E$12,2) -> أ+ | H9: =F9*D9 -> 5 | I9: 2 | J9: 100 | K9: =VLOOKUP(J9,المرجع!$B$3:$C$12,2) -> 5 | L9: =VLOOKUP(K9,المرجع!$D$3:$E$12,2) -> أ+ | M9: =K9*I9 -> 10 | N9: 2 | O9: 65 | P9: =VLOOKUP(O9,المرجع!$B$3:$C$12,2) -> 2.5 | Q9: =VLOOKUP(P9,المرجع!$D$3:$E$12,2) -> د+ | R9: =P9*N9 -> 5 | S9: 2 | T9: 100 | U9: =VLOOKUP(T9,المرجع!$B$3:$C$12,2) -> 5 | V9: =VLOOKUP(U9,المرجع!$D$3:$E$12,2) -> أ+ | W9: =U9*S9 -> 10 | X9: 2 | Y9: 100 | Z9: =VLOOKUP(Y9,المرجع!$B$3:$C$12,2) -> 5 | AA9: =VLOOKUP(Z9,المرجع!$D$3:$E$12,2) -> أ+ | AB9: =Z9*X9 -> 10 | AC9: 2 | AD9: 97 | AE9: =VLOOKUP(AD9,المرجع!$B$3:$C$12,2) -> 5 | AF9: =VLOOKUP(AE9,المرجع!$D$3:$E$12,2) -> أ+ | AG9: =AE9*AC9 -> 10 | AH9: 2 | AI9: 88 | AJ9: =VLOOKUP(AI9,المرجع!$B$3:$C$12,2) -> 4.5 | AK9: =VLOOKUP(AJ9,المرجع!$D$3:$E$12,2) -> ب+ | AL9: =AJ9*AH9 -> 9 | AM9: 2 | AN9: 90 | AO9: =VLOOKUP(AN9,المرجع!$B$3:$C$12,2) -> 4.75 | AP9: =VLOOKUP(AO9,المرجع!$D$3:$E$12,2) -> أ | AQ9: =AO9*AM9 -> 9.5 | AR9: 2 | AS9: 86 | AT9: =VLOOKUP(AS9,المرجع!$B$3:$C$12,2) -> 4.5 | AU9: =VLOOKUP(AT9,المرجع!$D$3:$E$12,2) -> ب+ | AV9: =AT9*AR9 -> 9 | AW9: 2 | AX9: 60 | AY9: =VLOOKUP(AX9,المرجع!$B$3:$C$12,2) -> 2 | AZ9: =VLOOKUP(AY9,المرجع!$D$3:$E$12,2) -> د | BA9: =AY9*AW9 -> 4 | BB9: 2 | BC9: 86 | BD9: =VLOOKUP(BC9,المرجع!$B$3:$C$12,2) -> 4.5 | BE9: =VLOOKUP(BD9,المرجع!$D$3:$E$12,2) -> ب+ | BF9: =BD9*BB9 -> 9 | BG9: 2 | BH9: 98 | BI9: =VLOOKUP(BH9,المرجع!$B$3:$C$12,2) -> 5 | BJ9: =VLOOKUP(BI9,المرجع!$D$3:$E$12,2) -> أ+ | BK9: =BI9*BG9 -> 10 | BL9: =-BK9+BF9+BA9+AV9+AQ9+AL9+AG9+AB9+W9+R9+M9+H9 -> 80.5 | BM9: =SUM(BG9+BB9+AW9+AR9+AM9+AH9+AC9+X9+S9+N9+I9+D9) -> 23 | BN9: =BL9/BM9 -> 3.5 | BP9: =VLOOKUP(BN9,المرجع!$D$3:$F$12,3) -> جيد مرتفع | BQ9: =RANK(BN9,$BN$3:$BN$98) -> 12
B10: 2023041 | C10: زينب شيخ أحمد تيجان بلدي | D10: 1 | E10: 95 | F10: =VLOOKUP(E10,المرجع!$B$3:$C$12,2) -> 5 | G10: =VLOOKUP(F10,المرجع!$D$3:$E$12,2) -> أ+ | H10: =F10*D10 -> 5 | I10: 2 | J10: 100 | K10: =VLOOKUP(J10,المرجع!$B$3:$C$12,2) -> 5 | L10: =VLOOKUP(K10,المرجع!$D$3:$E$12,2) -> أ+ | M10: =K10*I10 -> 10 | N10: 2 | O10: 89 | P10: =VLOOKUP(O10,المرجع!$B$3:$C$12,2) -> 4.5 | Q10: =VLOOKUP(P10,المرجع!$D$3:$E$12,2) -> ب+ | R10: =P10*N10 -> 9 | S10: 2 | T10: 98 | U10: =VLOOKUP(T10,المرجع!$B$3:$C$12,2) -> 5 | V10: =VLOOKUP(U10,المرجع!$D$3:$E$12,2) -> أ+ | W10: =U10*S10 -> 10 | X10: 2 | Y10: 98 | Z10: =VLOOKUP(Y10,المرجع!$B$3:$C$12,2) -> 5 | AA10: =VLOOKUP(Z10,المرجع!$D$3:$E$12,2) -> أ+ | AB10: =Z10*X10 -> 10 | AC10: 2 | AD10: 87 | AE10: =VLOOKUP(AD10,المرجع!$B$3:$C$12,2) -> 4.5 | AF10: =VLOOKUP(AE10,المرجع!$D$3:$E$12,2) -> ب+ | AG10: =AE10*AC10 -> 9 | AH10: 2 | AI10: 76 | AJ10: =VLOOKUP(AI10,المرجع!$B$3:$C$12,2) -> 3.5 | AK10: =VLOOKUP(AJ10,المرجع!$D$3:$E$12,2) -> ج+ | AL10: =AJ10*AH10 -> 7 | AM10: 2 | AN10: 79 | AO10: =VLOOKUP(AN10,المرجع!$B$3:$C$12,2) -> 3.5 | AP10: =VLOOKUP(AO10,المرجع!$D$3:$E$12,2) -> ج+ | AQ10: =AO10*AM10 -> 7 | AR10: 2 | AS10: 78 | AT10: =VLOOKUP(AS10,المرجع!$B$3:$C$12,2) -> 3.5 | AU10: =VLOOKUP(AT10,المرجع!$D$3:$E$12,2) -> ج+ | AV10: =AT10*AR10 -> 7 | AW10: 2 | AX10: 75 | AY10: =VLOOKUP(AX10,المرجع!$B$3:$C$12,2) -> 3.5 | AZ10: =VLOOKUP(AY10,المرجع!$D$3:$E$12,2) -> ج+ | BA10: =AY10*AW10 -> 7 | BB10: 2 | BC10: 100 | BD10: =VLOOKUP(BC10,المرجع!$B$3:$C$12,2) -> 5 | BE10: =VLOOKUP(BD10,المرجع!$D$3:$E$12,2) -> أ+ | BF10: =BD10*BB10 -> 10 | BG10: 2 | BH10: 94 | BI10: =VLOOKUP(BH10,المرجع!$B$3:$C$12,2) -> 4.75 | BJ10: =VLOOKUP(BI10,المرجع!$D$3:$E$12,2) -> أ | BK10: =BI10*BG10 -> 9.5 | BL10: =-BK10+BF10+BA10+AV10+AQ10+AL10+AG10+AB10+W10+R10+M10+H10 -> 81.5 | BM10: =SUM(BG10+BB10+AW10+AR10+AM10+AH10+AC10+X10+S10+N10+I10+D10) -> 23 | BN10: =BL10/BM10 -> 3.5434783 | BP10: =VLOOKUP(BN10,المرجع!$D$3:$F$12,3) -> جيد مرتفع | BQ10: =RANK(BN10,$BN$3:$BN$98) -> 10
B11: 2023084 | C11: فاطمة شيخ تونكارا | D11: 1 | E11: 95 | F11: =VLOOKUP(E11,المرجع!$B$3:$C$12,2) -> 5 | G11: =VLOOKUP(F11,المرجع!$D$3:$E$12,2) -> أ+ | H11: =F11*D11 -> 5 | I11: 2 | J11: 100 | K11: =VLOOKUP(J11,المرجع!$B$3:$C$12,2) -> 5 | L11: =VLOOKUP(K11,المرجع!$D$3:$E$12,2) -> أ+ | M11: =K11*I11 -> 10 | N11: 2 | O11: 91 | P11: =VLOOKUP(O11,المرجع!$B$3:$C$12,2) -> 4.75 | Q11: =VLOOKUP(P11,المرجع!$D$3:$E$12,2) -> أ | R11: =P11*N11 -> 9.5 | S11: 2 | T11: 100 | U11: =VLOOKUP(T11,المرجع!$B$3:$C$12,2) -> 5 | V11: =VLOOKUP(U11,المرجع!$D$3:$E$12,2) -> أ+ | W11: =U11*S11 -> 10 | X11: 2 | Y11: 90 | Z11: =VLOOKUP(Y11,المرجع!$B$3:$C$12,2) -> 4.75 | AA11: =VLOOKUP(Z11,المرجع!$D$3:$E$12,2) -> أ | AB11: =Z11*X11 -> 9.5 | AC11: 2 | AD11: 73 | AE11: =VLOOKUP(AD11,المرجع!$B$3:$C$12,2) -> 3 | AF11: =VLOOKUP(AE11,المرجع!$D$3:$E$12,2) -> ج | AG11: =AE11*AC11 -> 6 | AH11: 2 | AI11: 83 | AJ11: =VLOOKUP(AI11,المرجع!$B$3:$C$12,2) -> 4 | AK11: =VLOOKUP(AJ11,المرجع!$D$3:$E$12,2) -> ب | AL11: =AJ11*AH11 -> 8 | AM11: 2 | AN11: 91 | AO11: =VLOOKUP(AN11,المرجع!$B$3:$C$12,2) -> 4.75 | AP11: =VLOOKUP(AO11,المرجع!$D$3:$E$12,2) -> أ | AQ11: =AO11*AM11 -> 9.5 | AR11: 2 | AS11: 75 | AT11: =VLOOKUP(AS11,المرجع!$B$3:$C$12,2) -> 3.5 | AU11: =VLOOKUP(AT11,المرجع!$D$3:$E$12,2) -> ج+ | AV11: =AT11*AR11 -> 7 | AW11: 2 | AX11: 60 | AY11: =VLOOKUP(AX11,المرجع!$B$3:$C$12,2) -> 2 | AZ11: =VLOOKUP(AY11,المرجع!$D$3:$E$12,2) -> د | BA11: =AY11*AW11 -> 4 | BB11: 2 | BC11: 100 | BD11: =VLOOKUP(BC11,المرجع!$B$3:$C$12,2) -> 5 | BE11: =VLOOKUP(BD11,المرجع!$D$3:$E$12,2) -> أ+ | BF11: =BD11*BB11 -> 10 | BG11: 2 | BH11: 98 | BI11: =VLOOKUP(BH11,المرجع!$B$3:$C$12,2) -> 5 | BJ11: =VLOOKUP(BI11,المرجع!$D$3:$E$12,2) -> أ+ | BK11: =BI11*BG11 -> 10 | BL11: =-BK11+BF11+BA11+AV11+AQ11+AL11+AG11+AB11+W11+R11+M11+H11 -> 78.5 | BM11: =SUM(BG11+BB11+AW11+AR11+AM11+AH11+AC11+X11+S11+N11+I11+D11) -> 23 | BN11: =BL11/BM11 -> 3.4130435 | BP11: =VLOOKUP(BN11,المرجع!$D$3:$F$12,3) -> جيد مرتفع | BQ11: =RANK(BN11,$BN$3:$BN$98) -> 15
B12: 2023087 | C12: فودي بندا سيلا | D12: 1 | E12: 92 | F12: =VLOOKUP(E12,المرجع!$B$3:$C$12,2) -> 4.75 | G12: =VLOOKUP(F12,المرجع!$D$3:$E$12,2) -> أ | H12: =F12*D12 -> 4.75 | I12: 2 | J12: 100 | K12: =VLOOKUP(J12,المرجع!$B$3:$C$12,2) -> 5 | L12: =VLOOKUP(K12,المرجع!$D$3:$E$12,2) -> أ+ | M12: =K12*I12 -> 10 | N12: 2 | O12: 83 | P12: =VLOOKUP(O12,المرجع!$B$3:$C$12,2) -> 4 | Q12: =VLOOKUP(P12,المرجع!$D$3:$E$12,2) -> ب | R12: =P12*N12 -> 8 | S12: 2 | T12: 97 | U12: =VLOOKUP(T12,المرجع!$B$3:$C$12,2) -> 5 | V12: =VLOOKUP(U12,المرجع!$D$3:$E$12,2) -> أ+ | W12: =U12*S12 -> 10 | X12: 2 | Y12: 100 | Z12: =VLOOKUP(Y12,المرجع!$B$3:$C$12,2) -> 5 | AA12: =VLOOKUP(Z12,المرجع!$D$3:$E$12,2) -> أ+ | AB12: =Z12*X12 -> 10 | AC12: 2 | AD12: 76 | AE12: =VLOOKUP(AD12,المرجع!$B$3:$C$12,2) -> 3.5 | AF12: =VLOOKUP(AE12,المرجع!$D$3:$E$12,2) -> ج+ | AG12: =AE12*AC12 -> 7 | AH12: 2 | AI12: 84 | AJ12: =VLOOKUP(AI12,المرجع!$B$3:$C$12,2) -> 4 | AK12: =VLOOKUP(AJ12,المرجع!$D$3:$E$12,2) -> ب | AL12: =AJ12*AH12 -> 8 | AM12: 2 | AN12: 90 | AO12: =VLOOKUP(AN12,المرجع!$B$3:$C$12,2) -> 4.75 | AP12: =VLOOKUP(AO12,المرجع!$D$3:$E$12,2) -> أ | AQ12: =AO12*AM12 -> 9.5 | AR12: 2 | AS12: 93 | AT12: =VLOOKUP(AS12,المرجع!$B$3:$C$12,2) -> 4.75 | AU12: =VLOOKUP(AT12,المرجع!$D$3:$E$12,2) -> أ | AV12: =AT12*AR12 -> 9.5 | AW12: 2 | AX12: 65 | AY12: =VLOOKUP(AX12,المرجع!$B$3:$C$12,2) -> 2.5 | AZ12: =VLOOKUP(AY12,المرجع!$D$3:$E$12,2) -> د+ | BA12: =AY12*AW12 -> 5 | BB12: 2 | BC12: 86 | BD12: =VLOOKUP(BC12,المرجع!$B$3:$C$12,2) -> 4.5 | BE12: =VLOOKUP(BD12,المرجع!$D$3:$E$12,2) -> ب+ | BF12: =BD12*BB12 -> 9 | BG12: 2 | BH12: 81 | BI12: =VLOOKUP(BH12,المرجع!$B$3:$C$12,2) -> 4 | BJ12: =VLOOKUP(BI12,المرجع!$D$3:$E$12,2) -> ب | BK12: =BI12*BG12 -> 8 | BL12: =-BK12+BF12+BA12+AV12+AQ12+AL12+AG12+AB12+W12+R12+M12+H12 -> 82.75 | BM12: =SUM(BG12+BB12+AW12+AR12+AM12+AH12+AC12+X12+S12+N12+I12+D12) -> 23 | BN12: =BL12/BM12 -> 3.5978261 | BP12: =VLOOKUP(BN12,المرجع!$D$3:$F$12,3) -> جيد مرتفع | BQ12: =RANK(BN12,$BN$3:$BN$98) -> 7
B13: 2023051 | C13: صالح سيدي فاتي | D13: 1 | E13: 95 | F13: =VLOOKUP(E13,المرجع!$B$3:$C$12,2) -> 5 | G13: =VLOOKUP(F13,المرجع!$D$3:$E$12,2) -> أ+ | H13: =F13*D13 -> 5 | I13: 2 | J13: 100 | K13: =VLOOKUP(J13,المرجع!$B$3:$C$12,2) -> 5 | L13: =VLOOKUP(K13,المرجع!$D$3:$E$12,2) -> أ+ | M13: =K13*I13 -> 10 | N13: 2 | O13: 70 | P13: =VLOOKUP(O13,المرجع!$B$3:$C$12,2) -> 3 | Q13: =VLOOKUP(P13,المرجع!$D$3:$E$12,2) -> ج | R13: =P13*N13 -> 6 | S13: 2 | T13: 100 | U13: =VLOOKUP(T13,المرجع!$B$3:$C$12,2) -> 5 | V13: =VLOOKUP(U13,المرجع!$D$3:$E$12,2) -> أ+ | W13: =U13*S13 -> 10 | X13: 2 | Y13: 100 | Z13: =VLOOKUP(Y13,المرجع!$B$3:$C$12,2) -> 5 | AA13: =VLOOKUP(Z13,المرجع!$D$3:$E$12,2) -> أ+ | AB13: =Z13*X13 -> 10 | AC13: 2 | AD13: 95 | AE13: =VLOOKUP(AD13,المرجع!$B$3:$C$12,2) -> 5 | AF13: =VLOOKUP(AE13,المرجع!$D$3:$E$12,2) -> أ+ | AG13: =AE13*AC13 -> 10 | AH13: 2 | AI13: 85 | AJ13: =VLOOKUP(AI13,المرجع!$B$3:$C$12,2) -> 4.5 | AK13: =VLOOKUP(AJ13,المرجع!$D$3:$E$12,2) -> ب+ | AL13: =AJ13*AH13 -> 9 | AM13: 2 | AN13: 90 | AO13: =VLOOKUP(AN13,المرجع!$B$3:$C$12,2) -> 4.75 | AP13: =VLOOKUP(AO13,المرجع!$D$3:$E$12,2) -> أ | AQ13: =AO13*AM13 -> 9.5 | AR13: 2 | AS13: 79 | AT13: =VLOOKUP(AS13,المرجع!$B$3:$C$12,2) -> 3.5 | AU13: =VLOOKUP(AT13,المرجع!$D$3:$E$12,2) -> ج+ | AV13: =AT13*AR13 -> 7 | AW13: 2 | AX13: 65 | AY13: =VLOOKUP(AX13,المرجع!$B$3:$C$12,2) -> 2.5 | AZ13: =VLOOKUP(AY13,المرجع!$D$3:$E$12,2) -> د+ | BA13: =AY13*AW13 -> 5 | BB13: 2 | BC13: 80 | BD13: =VLOOKUP(BC13,المرجع!$B$3:$C$12,2) -> 4 | BE13: =VLOOKUP(BD13,المرجع!$D$3:$E$12,2) -> ب | BF13: =BD13*BB13 -> 8 | BG13: 2 | BH13: 84 | BI13: =VLOOKUP(BH13,المرجع!$B$3:$C$12,2) -> 4 | BJ13: =VLOOKUP(BI13,المرجع!$D$3:$E$12,2) -> ب | BK13: =BI13*BG13 -> 8 | BL13: =-BK13+BF13+BA13+AV13+AQ13+AL13+AG13+AB13+W13+R13+M13+H13 -> 81.5 | BM13: =SUM(BG13+BB13+AW13+AR13+AM13+AH13+AC13+X13+S13+N13+I13+D13) -> 23 | BN13: =BL13/BM13 -> 3.5434783 | BP13: =VLOOKUP(BN13,المرجع!$D$3:$F$12,3) -> جيد مرتفع | BQ13: =RANK(BN13,$BN$3:$BN$98) -> 10
B14: 2023072 | C14: عمر الأمين درامي | D14: 1 | E14: 98 | F14: =VLOOKUP(E14,المرجع!$B$3:$C$12,2) -> 5 | G14: =VLOOKUP(F14,المرجع!$D$3:$E$12,2) -> أ+ | H14: =F14*D14 -> 5 | I14: 2 | J14: 100 | K14: =VLOOKUP(J14,المرجع!$B$3:$C$12,2) -> 5 | L14: =VLOOKUP(K14,المرجع!$D$3:$E$12,2) -> أ+ | M14: =K14*I14 -> 10 | N14: 2 | O14: 50 | P14: =VLOOKUP(O14,المرجع!$B$3:$C$12,2) -> 2 | Q14: =VLOOKUP(P14,المرجع!$D$3:$E$12,2) -> د | R14: =P14*N14 -> 4 | S14: 2 | T14: 100 | U14: =VLOOKUP(T14,المرجع!$B$3:$C$12,2) -> 5 | V14: =VLOOKUP(U14,المرجع!$D$3:$E$12,2) -> أ+ | W14: =U14*S14 -> 10 | X14: 2 | Y14: 100 | Z14: =VLOOKUP(Y14,المرجع!$B$3:$C$12,2) -> 5 | AA14: =VLOOKUP(Z14,المرجع!$D$3:$E$12,2) -> أ+ | AB14: =Z14*X14 -> 10 | AC14: 2 | AD14: 91 | AE14: =VLOOKUP(AD14,المرجع!$B$3:$C$12,2) -> 4.75 | AF14: =VLOOKUP(AE14,المرجع!$D$3:$E$12,2) -> أ | AG14: =AE14*AC14 -> 9.5 | AH14: 2 | AI14: 83 | AJ14: =VLOOKUP(AI14,المرجع!$B$3:$C$12,2) -> 4 | AK14: =VLOOKUP(AJ14,المرجع!$D$3:$E$12,2) -> ب | AL14: =AJ14*AH14 -> 8 | AM14: 2 | AN14: 94 | AO14: =VLOOKUP(AN14,المرجع!$B$3:$C$12,2) -> 4.75 | AP14: =VLOOKUP(AO14,المرجع!$D$3:$E$12,2) -> أ | AQ14: =AO14*AM14 -> 9.5 | AR14: 2 | AS14: 83 | AT14: =VLOOKUP(AS14,المرجع!$B$3:$C$12,2) -> 4 | AU14: =VLOOKUP(AT14,المرجع!$D$3:$E$12,2) -> ب | AV14: =AT14*AR14 -> 8 | AW14: 2 | AX14: 75 | AY14: =VLOOKUP(AX14,المرجع!$B$3:$C$12,2) -> 3.5 | AZ14: =VLOOKUP(AY14,المرجع!$D$3:$E$12,2) -> ج+ | BA14: =AY14*AW14 -> 7 | BB14: 2 | BC14: 94 | BD14: =VLOOKUP(BC14,المرجع!$B$3:$C$12,2) -> 4.75 | BE14: =VLOOKUP(BD14,المرجع!$D$3:$E$12,2) -> أ | BF14: =BD14*BB14 -> 9.5 | BG14: 2 | BH14: 75 | BI14: =VLOOKUP(BH14,المرجع!$B$3:$C$12,2) -> 3.5 | BJ14: =VLOOKUP(BI14,المرجع!$D$3:$E$12,2) -> ج+ | BK14: =BI14*BG14 -> 7 | BL14: =-BK14+BF14+BA14+AV14+AQ14+AL14+AG14+AB14+W14+R14+M14+H14 -> 83.5 | BM14: =SUM(BG14+BB14+AW14+AR14+AM14+AH14+AC14+X14+S14+N14+I14+D14) -> 23 | BN14: =BL14/BM14 -> 3.6304348 | BP14: =VLOOKUP(BN14,المرجع!$D$3:$F$12,3) -> جيد جدا | BQ14: =RANK(BN14,$BN$3:$BN$98) -> 6
... B98: 2023086 | C98: فاطمة فندي سانيا | D98: 1 | E98: 0 | F98: =VLOOKUP(E98,المرجع!$B$3:$C$12,2) -> 0 | G98: =VLOOKUP(F98,المرجع!$D$3:$E$12,2) -> ه | H98: =F98*D98 -> 0 | I98: 2 | J98: 0 | K98: =VLOOKUP(J98,المرجع!$B$3:$C$12,2) -> 0 | L98: =VLOOKUP(K98,المرجع!$D$3:$E$12,2) -> ه | M98: =K98*I98 -> 0 | N98: 2 | O98: 5 | P98: =VLOOKUP(O98,المرجع!$B$3:$C$12,2) -> 0 | Q98: =VLOOKUP(P98,المرجع!$D$3:$E$12,2) -> ه | R98: =P98*N98 -> 0 | S98: 2 | T98: 0 | U98: =VLOOKUP(T98,المرجع!$B$3:$C$12,2) -> 0 | V98: =VLOOKUP(U98,المرجع!$D$3:$E$12,2) -> ه | W98: =U98*S98 -> 0 | X98: 2 | Y98: 0 | Z98: =VLOOKUP(Y98,المرجع!$B$3:$C$12,2) -> 0 | AA98: =VLOOKUP(Z98,المرجع!$D$3:$E$12,2) -> ه | AB98: =Z98*X98 -> 0 | AC98: 2 | AD98: 15 | AE98: =VLOOKUP(AD98,المرجع!$B$3:$C$12,2) -> 0 | AF98: =VLOOKUP(AE98,المرجع!$D$3:$E$12,2) -> ه | AG98: =AE98*AC98 -> 0 | AH98: 2 | AI98: 35 | AJ98: =VLOOKUP(AI98,المرجع!$B$3:$C$12,2) -> 0 | AK98: =VLOOKUP(AJ98,المرجع!$D$3:$E$12,2) -> ه | AL98: =AJ98*AH98 -> 0 | AM98: 2 | AN98: 61 | AO98: =VLOOKUP(AN98,المرجع!$B$3:$C$12,2) -> 2 | AP98: =VLOOKUP(AO98,المرجع!$D$3:$E$12,2) -> د | AQ98: =AO98*AM98 -> 4 | AR98: 2 | AS98: 35 | AT98: =VLOOKUP(AS98,المرجع!$B$3:$C$12,2) -> 0 | AU98: =VLOOKUP(AT98,المرجع!$D$3:$E$12,2) -> ه | AV98: =AT98*AR98 -> 0 | AW98: 2 | AX98: 40 | AY98: =VLOOKUP(AX98,المرجع!$B$3:$C$12,2) -> 0 | AZ98: =VLOOKUP(AY98,المرجع!$D$3:$E$12,2) -> ه | BA98: =AY98*AW98 -> 0 | BB98: 2 | BC98: 0 | BD98: =VLOOKUP(BC98,المرجع!$B$3:$C$12,2) -> 0 | BE98: =VLOOKUP(BD98,المرجع!$D$3:$E$12,2) -> ه | BF98: =BD98*BB98 -> 0 | BG98: 2 | BH98: 32 | BI98: =VLOOKUP(BH98,المرجع!$B$3:$C$12,2) -> 0 | BJ98: =VLOOKUP(BI98,المرجع!$D$3:$E$12,2) -> ه | BK98: =BI98*BG98 -> 0 | BL98: =-BK98+BF98+BA98+AV98+AQ98+AL98+AG98+AB98+W98+R98+M98+H98 -> 4 | BM98: =SUM(BG98+BB98+AW98+AR98+AM98+AH98+AC98+X98+S98+N98+I98+D98) -> 23 | BN98: =BL98/BM98 -> 0.17391304 | BP98: =VLOOKUP(BN98,المرجع!$D$3:$F$12,3) -> راسب | BQ98: =RANK(BN98,$BN$3:$BN$98) -> 96

Sheet المستوى الثاني 2023
B2: رقم التسلسل | C2: الإسم | D2: الساعات | E2: القرأن الكريم (2) | F2: الوزن | G2: الرمز | H2: النقاط | I2: الساعات | J2: التفسير (1) | K2: الوزن | L2: الرمز | M2: النقاط | N2: الساعات | O2: الفقه (2) | P2: الوزن | Q2: الرمز | R2: النقاط | S2: الساعات | T2: الحديث التحليلي (1) | U2: الوزن | V2: الرمز | W2: النقاط | X2: الساعات | Y2: روة الحديث (1) | Z2: الوزن | AA2: الرمز | AB2: النقاط | AC2: الساعات | AD2: مصطلح الحديث (1) | AE2: الوزن | AF2: الرمز | AG2: النقاط | AH2: الساعات | AI2: النحو (2) | AJ2: الوزن | AK2: الرمز | AL2: النقاط | AM2: الساعات | AN2: مناهج المحدثين (1) | AO2: الوزن | AP2: الرمز | AQ2: النقاط | AR2: الساعات | AS2: الحاسوب (1) | AT2: الوزن | AU2: الرمز | AV2: النقاط | AW2: الساعات | AX2: English(2) | AY2: الوزن | AZ2: الرمز | BA2: النقاط | BB2: مجموع النقاط | BC2: مجموع الساعات | BD2: المعدل الفصلي | BE2: المعدل التراكمي | BF2: التقدير | BG2: الترتيب
B3: 2023035 | C3: بنت موسى سماري | D3: 1 | E3: 100 | F3: =VLOOKUP(E3,المرجع!$B$3:$C$12,2) -> 5 | G3: =VLOOKUP(F3,المرجع!$D$3:$E$12,2) -> أ+ | H3: =F3*D3 -> 5 | I3: 2 | J3: 100 | K3: =VLOOKUP(J3,المرجع!$B$3:$C$12,2) -> 5 | L3: =VLOOKUP(K3,المرجع!$D$3:$E$12,2) -> أ+ | M3: =K3*I3 -> 10 | N3: 2 | O3: 100 | P3: =VLOOKUP(O3,المرجع!$B$3:$C$12,2) -> 5 | Q3: =VLOOKUP(P3,المرجع!$D$3:$E$12,2) -> أ+ | R3: =P3*N3 -> 10 | S3: 3 | T3: 100 | U3: =VLOOKUP(T3,المرجع!$B$3:$C$12,2) -> 5 | V3: =VLOOKUP(U3,المرجع!$D$3:$E$12,2) -> أ+ | W3: =U3*S3 -> 15 | X3: 2 | Y3: 100 | Z3: =VLOOKUP(Y3,المرجع!$B$3:$C$12,2) -> 5 | AA3: =VLOOKUP(Z3,المرجع!$D$3:$E$12,2) -> أ+ | AB3: =Z3*X3 -> 10 | AC3: 3 | AD3: 94 | AE3: =VLOOKUP(AD3,المرجع!$B$3:$C$12,2) -> 4.75 | AF3: =VLOOKUP(AE3,المرجع!$D$3:$E$12,2) -> أ | AG3: =AE3*AC3 -> 14.25 | AH3: 2 | AI3: 95 | AJ3: =VLOOKUP(AI3,المرجع!$B$3:$C$12,2) -> 5 | AK3: =VLOOKUP(AJ3,المرجع!$D$3:$E$12,2) -> أ+ | AL3: =AJ3*AH3 -> 10 | AM3: 3 | AN3: 92 | AO3: =VLOOKUP(AN3,المرجع!$B$3:$C$12,2) -> 4.75 | AP3: =VLOOKUP(AO3,المرجع!$D$3:$E$12,2) -> أ | AQ3: =AO3*AM3 -> 14.25 | AR3: 2 | AS3: 90 | AT3: =VLOOKUP(AS3,المرجع!$B$3:$C$12,2) -> 4.75 | AU3: =VLOOKUP(AT3,المرجع!$D$3:$E$12,2) -> أ | AV3: =AT3*AR3 -> 9.5 | AW3: 2 | AX3: 100 | AY3: =VLOOKUP(AX3,المرجع!$B$3:$C$12,2) -> 5 | AZ3: =VLOOKUP(AY3,المرجع!$D$3:$E$12,2) -> أ+ | BA3: =AY3*AW3 -> 10 | BB3: =BA3+AV3+AQ3+AL3+AG3+AB3+W3+R3+M3+H3 -> 108 | BC3: =AW3+AR3+AM3+AH3+AC3+X3+S3+N3+I3+D3 -> 22 | BD3: =BB3/BC3 -> 4.9090909 | BE3: =('المستوى الأول 2022'!BL3+'المستوى الثاني 2023'!BB3)/('المستوى الثاني 2023'!BC3+'المستوى الأول 2022'!BM3) -> 4.3777778 | BF3: =VLOOKUP(BE3,المرجع!$D$3:$F$12,3) -> جيد جد مرتفع | BG3: =RANK(BD3,$BD$3:$BD$87) -> 1
B4: 2023002 | C4: ديالو إبراهيم | D4: 1 | E4: 100 | F4: =VLOOKUP(E4,المرجع!$B$3:$C$12,2) -> 5 | G4: =VLOOKUP(F4,المرجع!$D$3:$E$12,2) -> أ+ | H4: =F4*D4 -> 5 | I4: 2 | J4: 97 | K4: =VLOOKUP(J4,المرجع!$B$3:$C$12,2) -> 5 | L4: =VLOOKUP(K4,المرجع!$D$3:$E$12,2) -> أ+ | M4: =K4*I4 -> 10 | N4: 2 | O4: 94 | P4: =VLOOKUP(O4,المرجع!$B$3:$C$12,2) -> 4.75 | Q4: =VLOOKUP(P4,المرجع!$D$3:$E$12,2) -> أ | R4: =P4*N4 -> 9.5 | S4: 3 | T4: 100 | U4: =VLOOKUP(T4,المرجع!$B$3:$C$12,2) -> 5 | V4: =VLOOKUP(U4,المرجع!$D$3:$E$12,2) -> أ+ | W4: =U4*S4 -> 15 | X4: 2 | Y4: 94 | Z4: =VLOOKUP(Y4,المرجع!$B$3:$C$12,2) -> 4.75 | AA4: =VLOOKUP(Z4,المرجع!$D$3:$E$12,2) -> أ | AB4: =Z4*X4 -> 9.5 | AC4: 3 | AD4: 86 | AE4: =VLOOKUP(AD4,المرجع!$B$3:$C$12,2) -> 4.5 | AF4: =VLOOKUP(AE4,المرجع!$D$3:$E$12,2) -> ب+ | AG4: =AE4*AC4 -> 13.5 | AH4: 2 | AI4: 90 | AJ4: =VLOOKUP(AI4,المرجع!$B$3:$C$12,2) -> 4.75 | AK4: =VLOOKUP(AJ4,المرجع!$D$3:$E$12,2) -> أ | AL4: =AJ4*AH4 -> 9.5 | AM4: 3 | AN4: 96 | AO4: =VLOOKUP(AN4,المرجع!$B$3:$C$12,2) -> 5 | AP4: =VLOOKUP(AO4,المرجع!$D$3:$E$12,2) -> أ+ | AQ4: =AO4*AM4 -> 15 | AR4: 2 | AS4: 100 | AT4: =VLOOKUP(AS4,المرجع!$B$3:$C$12,2) -> 5 | AU4: =VLOOKUP(AT4,المرجع!$D$3:$E$12,2) -> أ+ | AV4: =AT4*AR4 -> 10 | AW4: 2 | AX4: 100 | AY4: =VLOOKUP(AX4,المرجع!$B$3:$C$12,2) -> 5 | AZ4: =VLOOKUP(AY4,المرجع!$D$3:$E$12,2) -> أ+ | BA4: =AY4*AW4 -> 10 | BB4: =BA4+AV4+AQ4+AL4+AG4+AB4+W4+R4+M4+H4 -> 107 | BC4: =AW4+AR4+AM4+AH4+AC4+X4+S4+N4+I4+D4 -> 22 | BD4: =BB4/BC4 -> 4.8636364 | BE4: =('المستوى الأول 2022'!BL4+'المستوى الثاني 2023'!BB4)/('المستوى الثاني 2023'!BC4+'المستوى الأول 2022'!BM4) -> 4.3555556 | BF4: =VLOOKUP(BE4,المرجع!$D$3:$F$12,3) -> جيد جد مرتفع | BG4: =RANK(BD4,$BD$3:$BD$87) -> 2
B5: 2023085 | C5: فاطمة صغرى محمد جابي | D5: 1 | E5: 100 | F5: =VLOOKUP(E5,المرجع!$B$3:$C$12,2) -> 5 | G5: =VLOOKUP(F5,المرجع!$D$3:$E$12,2) -> أ+ | H5: =F5*D5 -> 5 | I5: 2 | J5: 100 | K5: =VLOOKUP(J5,المرجع!$B$3:$C$12,2) -> 5 | L5: =VLOOKUP(K5,المرجع!$D$3:$E$12,2) -> أ+ | M5: =K5*I5 -> 10 | N5: 2 | O5: 100 | P5: =VLOOKUP(O5,المرجع!$B$3:$C$12,2) -> 5 | Q5: =VLOOKUP(P5,المرجع!$D$3:$E$12,2) -> أ+ | R5: =P5*N5 -> 10 | S5: 3 | T5: 100 | U5: =VLOOKUP(T5,المرجع!$B$3:$C$12,2) -> 5 | V5: =VLOOKUP(U5,المرجع!$D$3:$E$12,2) -> أ+ | W5: =U5*S5 -> 15 | X5: 2 | Y5: 100 | Z5: =VLOOKUP(Y5,المرجع!$B$3:$C$12,2) -> 5 | AA5: =VLOOKUP(Z5,المرجع!$D$3:$E$12,2) -> أ+ | AB5: =Z5*X5 -> 10 | AC5: 3 | AD5: 89 | AE5: =VLOOKUP(AD5,المرجع!$B$3:$C$12,2) -> 4.5 | AF5: =VLOOKUP(AE5,المرجع!$D$3:$E$12,2) -> ب+ | AG5: =AE5*AC5 -> 13.5 | AH5: 2 | AI5: 94 | AJ5: =VLOOKUP(AI5,المرجع!$B$3:$C$12,2) -> 4.75 | AK5: =VLOOKUP(AJ5,المرجع!$D$3:$E$12,2) -> أ | AL5: =AJ5*AH5 -> 9.5 | AM5: 3 | AN5: 100 | AO5: =VLOOKUP(AN5,المرجع!$B$3:$C$12,2) -> 5 | AP5: =VLOOKUP(AO5,المرجع!$D$3:$E$12,2) -> أ+ | AQ5: =AO5*AM5 -> 15 | AR5: 2 | AS5: 80 | AT5: =VLOOKUP(AS5,المرجع!$B$3:$C$12,2) -> 4 | AU5: =VLOOKUP(AT5,المرجع!$D$3:$E$12,2) -> ب | AV5: =AT5*AR5 -> 8 | AW5: 2 | AX5: 100 | AY5: =VLOOKUP(AX5,المرجع!$B$3:$C$12,2) -> 5 | AZ5: =VLOOKUP(AY5,المرجع!$D$3:$E$12,2) -> أ+ | BA5: =AY5*AW5 -> 10 | BB5: =BA5+AV5+AQ5+AL5+AG5+AB5+W5+R5+M5+H5 -> 106 | BC5: =AW5+AR5+AM5+AH5+AC5+X5+S5+N5+I5+D5 -> 22 | BD5: =BB5/BC5 -> 4.8181818 | BE5: =('المستوى الأول 2022'!BL5+'المستوى الثاني 2023'!BB5)/('المستوى الثاني 2023'!BC5+'المستوى الأول 2022'!BM5) -> 4.3222222 | BF5: =VLOOKUP(BE5,المرجع!$D$3:$F$12,3) -> جيد جد مرتفع | BG5: =RANK(BD5,$BD$3:$BD$87) -> 3
B6: 2023062 | C6: عبد الله المام جكني | D6: 1 | E6: 98 | F6: =VLOOKUP(E6,المرجع!$B$3:$C$12,2) -> 5 | G6: =VLOOKUP(F6,المرجع!$D$3:$E$12,2) -> أ+ | H6: =F6*D6 -> 5 | I6: 2 | J6: 90 | K6: =VLOOKUP(J6,المرجع!$B$3:$C$12,2) -> 4.75 | L6: =VLOOKUP(K6,المرجع!$D$3:$E$12,2) -> أ | M6: =K6*I6 -> 9.5 | N6: 2 | O6: 94 | P6: =VLOOKUP(O6,المرجع!$B$3:$C$12,2) -> 4.75 | Q6: =VLOOKUP(P6,المرجع!$D$3:$E$12,2) -> أ | R6: =P6*N6 -> 9.5 | S6: 3 | T6: 100 | U6: =VLOOKUP(T6,المرجع!$B$3:$C$12,2) -> 5 | V6: =VLOOKUP(U6,المرجع!$D$3:$E$12,2) -> أ+ | W6: =U6*S6 -> 15 | X6: 2 | Y6: 91 | Z6: =VLOOKUP(Y6,المرجع!$B$3:$C$12,2) -> 4.75 | AA6: =VLOOKUP(Z6,المرجع!$D$3:$E$12,2) -> أ | AB6: =Z6*X6 -> 9.5 | AC6: 3 | AD6: 87 | AE6: =VLOOKUP(AD6,المرجع!$B$3:$C$12,2) -> 4.5 | AF6: =VLOOKUP(AE6,المرجع!$D$3:$E$12,2) -> ب+ | AG6: =AE6*AC6 -> 13.5 | AH6: 2 | AI6: 91 | AJ6: =VLOOKUP(AI6,المرجع!$B$3:$C$12,2) -> 4.75 | AK6: =VLOOKUP(AJ6,المرجع!$D$3:$E$12,2) -> أ | AL6: =AJ6*AH6 -> 9.5 | AM6: 3 | AN6: 91 | AO6: =VLOOKUP(AN6,المرجع!$B$3:$C$12,2) -> 4.75 | AP6: =VLOOKUP(AO6,المرجع!$D$3:$E$12,2) -> أ | AQ6: =AO6*AM6 -> 14.25 | AR6: 2 | AS6: 93 | AT6: =VLOOKUP(AS6,المرجع!$B$3:$C$12,2) -> 4.75 | AU6: =VLOOKUP(AT6,المرجع!$D$3:$E$12,2) -> أ | AV6: =AT6*AR6 -> 9.5 | AW6: 2 | AX6: 100 | AY6: =VLOOKUP(AX6,المرجع!$B$3:$C$12,2) -> 5 | AZ6: =VLOOKUP(AY6,المرجع!$D$3:$E$12,2) -> أ+ | BA6: =AY6*AW6 -> 10 | BB6: =BA6+AV6+AQ6+AL6+AG6+AB6+W6+R6+M6+H6 -> 105.25 | BC6: =AW6+AR6+AM6+AH6+AC6+X6+S6+N6+I6+D6 -> 22 | BD6: =BB6/BC6 -> 4.7840909 | BE6: =('المستوى الأول 2022'!BL6+'المستوى الثاني 2023'!BB6)/('المستوى الثاني 2023'!BC6+'المستوى الأول 2022'!BM6) -> 4.4611111 | BF6: =VLOOKUP(BE6,المرجع!$D$3:$F$12,3) -> جيد جد مرتفع | BG6: =RANK(BD6,$BD$3:$BD$87) -> 4
B7: 2023097 | C7: محمد بن سمبر دكوري | D7: 1 | E7: 100 | F7: =VLOOKUP(E7,المرجع!$B$3:$C$12,2) -> 5 | G7: =VLOOKUP(F7,المرجع!$D$3:$E$12,2) -> أ+ | H7: =F7*D7 -> 5 | I7: 2 | J7: 99 | K7: =VLOOKUP(J7,المرجع!$B$3:$C$12,2) -> 5 | L7: =VLOOKUP(K7,المرجع!$D$3:$E$12,2) -> أ+ | M7: =K7*I7 -> 10 | N7: 2 | O7: 98 | P7: =VLOOKUP(O7,المرجع!$B$3:$C$12,2) -> 5 | Q7: =VLOOKUP(P7,المرجع!$D$3:$E$12,2) -> أ+ | R7: =P7*N7 -> 10 | S7: 3 | T7: 100 | U7: =VLOOKUP(T7,المرجع!$B$3:$C$12,2) -> 5 | V7: =VLOOKUP(U7,المرجع!$D$3:$E$12,2) -> أ+ | W7: =U7*S7 -> 15 | X7: 2 | Y7: 100 | Z7: =VLOOKUP(Y7,المرجع!$B$3:$C$12,2) -> 5 | AA7: =VLOOKUP(Z7,المرجع!$D$3:$E$12,2) -> أ+ | AB7: =Z7*X7 -> 10 | AC7: 3 | AD7: 92 | AE7: =VLOOKUP(AD7,المرجع!$B$3:$C$12,2) -> 4.75 | AF7: =VLOOKUP(AE7,المرجع!$D$3:$E$12,2) -> أ | AG7: =AE7*AC7 -> 14.25 | AH7: 2 | AI7: 85 | AJ7: =VLOOKUP(AI7,المرجع!$B$3:$C$12,2) -> 4.5 | AK7: =VLOOKUP(AJ7,المرجع!$D$3:$E$12,2) -> ب+ | AL7: =AJ7*AH7 -> 9 | AM7: 3 | AN7: 100 | AO7: =VLOOKUP(AN7,المرجع!$B$3:$C$12,2) -> 5 | AP7: =VLOOKUP(AO7,المرجع!$D$3:$E$12,2) -> أ+ | AQ7: =AO7*AM7 -> 15 | AR7: 2 | AS7: 90 | AT7: =VLOOKUP(AS7,المرجع!$B$3:$C$12,2) -> 4.75 | AU7: =VLOOKUP(AT7,المرجع!$D$3:$E$12,2) -> أ | AV7: =AT7*AR7 -> 9.5 | AW7: 2 | AX7: 64 | AY7: =VLOOKUP(AX7,المرجع!$B$3:$C$12,2) -> 2 | AZ7: =VLOOKUP(AY7,المرجع!$D$3:$E$12,2) -> د | BA7: =AY7*AW7 -> 4 | BB7: =BA7+AV7+AQ7+AL7+AG7+AB7+W7+R7+M7+H7 -> 101.75 | BC7: =AW7+AR7+AM7+AH7+AC7+X7+S7+N7+I7+D7 -> 22 | BD7: =BB7/BC7 -> 4.625 | BE7: =('المستوى الأول 2022'!BL7+'المستوى الثاني 2023'!BB7)/('المستوى الثاني 2023'!BC7+'المستوى الأول 2022'!BM7) -> 4.2388889 | BF7: =VLOOKUP(BE7,المرجع!$D$3:$F$12,3) -> جيد جد مرتفع | BG7: =RANK(BD7,$BD$3:$BD$87) -> 8
B8: 2023053 | C8: عاتقة قطر أنيبل غلمسين | D8: 1 | E8: 100 | F8: =VLOOKUP(E8,المرجع!$B$3:$C$12,2) -> 5 | G8: =VLOOKUP(F8,المرجع!$D$3:$E$12,2) -> أ+ | H8: =F8*D8 -> 5 | I8: 2 | J8: 100 | K8: =VLOOKUP(J8,المرجع!$B$3:$C$12,2) -> 5 | L8: =VLOOKUP(K8,المرجع!$D$3:$E$12,2) -> أ+ | M8: =K8*I8 -> 10 | N8: 2 | O8: 100 | P8: =VLOOKUP(O8,المرجع!$B$3:$C$12,2) -> 5 | Q8: =VLOOKUP(P8,المرجع!$D$3:$E$12,2) -> أ+ | R8: =P8*N8 -> 10 | S8: 3 | T8: 100 | U8: =VLOOKUP(T8,المرجع!$B$3:$C$12,2) -> 5 | V8: =VLOOKUP(U8,المرجع!$D$3:$E$12,2) -> أ+ | W8: =U8*S8 -> 15 | X8: 2 | Y8: 100 | Z8: =VLOOKUP(Y8,المرجع!$B$3:$C$12,2) -> 5 | AA8: =VLOOKUP(Z8,المرجع!$D$3:$E$12,2) -> أ+ | AB8: =Z8*X8 -> 10 | AC8: 3 | AD8: 81 | AE8: =VLOOKUP(AD8,المرجع!$B$3:$C$12,2) -> 4 | AF8: =VLOOKUP(AE8,المرجع!$D$3:$E$12,2) -> ب | AG8: =AE8*AC8 -> 12 | AH8: 2 | AI8: 78 | AJ8: =VLOOKUP(AI8,المرجع!$B$3:$C$12,2) -> 3.5 | AK8: =VLOOKUP(AJ8,المرجع!$D$3:$E$12,2) -> ج+ | AL8: =AJ8*AH8 -> 7 | AM8: 3 | AN8: 92 | AO8: =VLOOKUP(AN8,المرجع!$B$3:$C$12,2) -> 4.75 | AP8: =VLOOKUP(AO8,المرجع!$D$3:$E$12,2) -> أ | AQ8: =AO8*AM8 -> 14.25 | AR8: 2 | AS8: 90 | AT8: =VLOOKUP(AS8,المرجع!$B$3:$C$12,2) -> 4.75 | AU8: =VLOOKUP(AT8,المرجع!$D$3:$E$12,2) -> أ | AV8: =AT8*AR8 -> 9.5 | AW8: 2 | AX8: 98 | AY8: =VLOOKUP(AX8,المرجع!$B$3:$C$12,2) -> 5 | AZ8: =VLOOKUP(AY8,المرجع!$D$3:$E$12,2) -> أ+ | BA8: =AY8*AW8 -> 10 | BB8: =BA8+AV8+AQ8+AL8+AG8+AB8+W8+R8+M8+H8 -> 102.75 | BC8: =AW8+AR8+AM8+AH8+AC8+X8+S8+N8+I8+D8 -> 22 | BD8: =BB8/BC8 -> 4.6704545 | BE8: =('المستوى الأول 2022'!BL8+'المستوى الثاني 2023'!BB8)/('المستوى الثاني 2023'!BC8+'المستوى الأول 2022'!BM8) -> 4.1055556 | BF8: =VLOOKUP(BE8,المرجع!$D$3:$F$12,3) -> جيد جد مرتفع | BG8: =RANK(BD8,$BD$3:$BD$87) -> 5
B9: 2023023 | C9: أمي بابا جاورا | D9: 1 | E9: 100 | F9: =VLOOKUP(E9,المرجع!$B$3:$C$12,2) -> 5 | G9: =VLOOKUP(F9,المرجع!$D$3:$E$12,2) -> أ+ | H9: =F9*D9 -> 5 | I9: 2 | J9: 100 | K9: =VLOOKUP(J9,المرجع!$B$3:$C$12,2) -> 5 | L9: =VLOOKUP(K9,المرجع!$D$3:$E$12,2) -> أ+ | M9: =K9*I9 -> 10 | N9: 2 | O9: 100 | P9: =VLOOKUP(O9,المرجع!$B$3:$C$12,2) -> 5 | Q9: =VLOOKUP(P9,المرجع!$D$3:$E$12,2) -> أ+ | R9: =P9*N9 -> 10 | S9: 3 | T9: 100 | U9: =VLOOKUP(T9,المرجع!$B$3:$C$12,2) -> 5 | V9: =VLOOKUP(U9,المرجع!$D$3:$E$12,2) -> أ+ | W9: =U9*S9 -> 15 | X9: 2 | Y9: 100 | Z9: =VLOOKUP(Y9,المرجع!$B$3:$C$12,2) -> 5 | AA9: =VLOOKUP(Z9,المرجع!$D$3:$E$12,2) -> أ+ | AB9: =Z9*X9 -> 10 | AC9: 3 | AD9: 81 | AE9: =VLOOKUP(AD9,المرجع!$B$3:$C$12,2) -> 4 | AF9: =VLOOKUP(AE9,المرجع!$D$3:$E$12,2) -> ب | AG9: =AE9*AC9 -> 12 | AH9: 2 | AI9: 95 | AJ9: =VLOOKUP(AI9,المرجع!$B$3:$C$12,2) -> 5 | AK9: =VLOOKUP(AJ9,المرجع!$D$3:$E$12,2) -> أ+ | AL9: =AJ9*AH9 -> 10 | AM9: 3 | AN9: 90 | AO9: =VLOOKUP(AN9,المرجع!$B$3:$C$12,2) -> 4.75 | AP9: =VLOOKUP(AO9,المرجع!$D$3:$E$12,2) -> أ | AQ9: =AO9*AM9 -> 14.25 | AR9: 2 | AS9: 70 | AT9: =VLOOKUP(AS9,المرجع!$B$3:$C$12,2) -> 3 | AU9: =VLOOKUP(AT9,المرجع!$D$3:$E$12,2) -> ج | AV9: =AT9*AR9 -> 6 | AW9: 2 | AX9: 100 | AY9: =VLOOKUP(AX9,المرجع!$B$3:$C$12,2) -> 5 | AZ9: =VLOOKUP(AY9,المرجع!$D$3:$E$12,2) -> أ+ | BA9: =AY9*AW9 -> 10 | BB9: =BA9+AV9+AQ9+AL9+AG9+AB9+W9+R9+M9+H9 -> 102.25 | BC9: =AW9+AR9+AM9+AH9+AC9+X9+S9+N9+I9+D9 -> 22 | BD9: =BB9/BC9 -> 4.6477273 | BE9: =('المستوى الأول 2022'!BL9+'المستوى الثاني 2023'!BB9)/('المستوى الثاني 2023'!BC9+'المستوى الأول 2022'!BM9) -> 4.0611111 | BF9: =VLOOKUP(BE9,المرجع!$D$3:$F$12,3) -> جيد جدا | BG9: =RANK(BD9,$BD$3:$BD$87) -> 6
B10: 2023084 | C10: فاطمة شيخ تونكارا | D10: 1 | E10: 100 | F10: =VLOOKUP(E10,المرجع!$B$3:$C$12,2) -> 5 | G10: =VLOOKUP(F10,المرجع!$D$3:$E$12,2) -> أ+ | H10: =F10*D10 -> 5 | I10: 2 | J10: 100 | K10: =VLOOKUP(J10,المرجع!$B$3:$C$12,2) -> 5 | L10: =VLOOKUP(K10,المرجع!$D$3:$E$12,2) -> أ+ | M10: =K10*I10 -> 10 | N10: 2 | O10: 100 | P10: =VLOOKUP(O10,المرجع!$B$3:$C$12,2) -> 5 | Q10: =VLOOKUP(P10,المرجع!$D$3:$E$12,2) -> أ+ | R10: =P10*N10 -> 10 | S10: 3 | T10: 100 | U10: =VLOOKUP(T10,المرجع!$B$3:$C$12,2) -> 5 | V10: =VLOOKUP(U10,المرجع!$D$3:$E$12,2) -> أ+ | W10: =U10*S10 -> 15 | X10: 2 | Y10: 91 | Z10: =VLOOKUP(Y10,المرجع!$B$3:$C$12,2) -> 4.75 | AA10: =VLOOKUP(Z10,المرجع!$D$3:$E$12,2) -> أ | AB10: =Z10*X10 -> 9.5 | AC10: 3 | AD10: 82 | AE10: =VLOOKUP(AD10,المرجع!$B$3:$C$12,2) -> 4 | AF10: =VLOOKUP(AE10,المرجع!$D$3:$E$12,2) -> ب | AG10: =AE10*AC10 -> 12 | AH10: 2 | AI10: 90 | AJ10: =VLOOKUP(AI10,المرجع!$B$3:$C$12,2) -> 4.75 | AK10: =VLOOKUP(AJ10,المرجع!$D$3:$E$12,2) -> أ | AL10: =AJ10*AH10 -> 9.5 | AM10: 3 | AN10: 99 | AO10: =VLOOKUP(AN10,المرجع!$B$3:$C$12,2) -> 5 | AP10: =VLOOKUP(AO10,المرجع!$D$3:$E$12,2) -> أ+ | AQ10: =AO10*AM10 -> 15 | AR10: 2 | AS10: 70 | AT10: =VLOOKUP(AS10,المرجع!$B$3:$C$12,2) -> 3 | AU10: =VLOOKUP(AT10,المرجع!$D$3:$E$12,2) -> ج | AV10: =AT10*AR10 -> 6 | AW10: 2 | AX10: 100 | AY10: =VLOOKUP(AX10,المرجع!$B$3:$C$12,2) -> 5 | AZ10: =VLOOKUP(AY10,المرجع!$D$3:$E$12,2) -> أ+ | BA10: =AY10*AW10 -> 10 | BB10: =BA10+AV10+AQ10+AL10+AG10+AB10+W10+R10+M10+H10 -> 102 | BC10: =AW10+AR10+AM10+AH10+AC10+X10+S10+N10+I10+D10 -> 22 | BD10: =BB10/BC10 -> 4.6363636 | BE10: =('المستوى الأول 2022'!BL10+'المستوى الثاني 2023'!BB10)/('المستوى الثاني 2023'!BC10+'المستوى الأول 2022'!BM10) -> 4.0777778 | BF10: =VLOOKUP(BE10,المرجع!$D$3:$F$12,3) -> جيد جدا | BG10: =RANK(BD10,$BD$3:$BD$87) -> 7
B11: 2023090 | C11: كيندو محمد | D11: 1 | E11: 98 | F11: =VLOOKUP(E11,المرجع!$B$3:$C$12,2) -> 5 | G11: =VLOOKUP(F11,المرجع!$D$3:$E$12,2) -> أ+ | H11: =F11*D11 -> 5 | I11: 2 | J11: 90 | K11: =VLOOKUP(J11,المرجع!$B$3:$C$12,2) -> 4.75 | L11: =VLOOKUP(K11,المرجع!$D$3:$E$12,2) -> أ | M11: =K11*I11 -> 9.5 | N11: 2 | O11: 89 | P11: =VLOOKUP(O11,المرجع!$B$3:$C$12,2) -> 4.5 | Q11: =VLOOKUP(P11,المرجع!$D$3:$E$12,2) -> ب+ | R11: =P11*N11 -> 9 | S11: 3 | T11: 99 | U11: =VLOOKUP(T11,المرجع!$B$3:$C$12,2) -> 5 | V11: =VLOOKUP(U11,المرجع!$D$3:$E$12,2) -> أ+ | W11: =U11*S11 -> 15 | X11: 2 | Y11: 94 | Z11: =VLOOKUP(Y11,المرجع!$B$3:$C$12,2) -> 4.75 | AA11: =VLOOKUP(Z11,المرجع!$D$3:$E$12,2) -> أ | AB11: =Z11*X11 -> 9.5 | AC11: 3 | AD11: 74 | AE11: =VLOOKUP(AD11,المرجع!$B$3:$C$12,2) -> 3 | AF11: =VLOOKUP(AE11,المرجع!$D$3:$E$12,2) -> ج | AG11: =AE11*AC11 -> 9 | AH11: 2 | AI11: 85 | AJ11: =VLOOKUP(AI11,المرجع!$B$3:$C$12,2) -> 4.5 | AK11: =VLOOKUP(AJ11,المرجع!$D$3:$E$12,2) -> ب+ | AL11: =AJ11*AH11 -> 9 | AM11: 3 | AN11: 90 | AO11: =VLOOKUP(AN11,المرجع!$B$3:$C$12,2) -> 4.75 | AP11: =VLOOKUP(AO11,المرجع!$D$3:$E$12,2) -> أ | AQ11: =AO11*AM11 -> 14.25 | AR11: 2 | AS11: 90 | AT11: =VLOOKUP(AS11,المرجع!$B$3:$C$12,2) -> 4.75 | AU11: =VLOOKUP(AT11,المرجع!$D$3:$E$12,2) -> أ | AV11: =AT11*AR11 -> 9.5 | AW11: 2 | AX11: 86 | AY11: =VLOOKUP(AX11,المرجع!$B$3:$C$12,2) -> 4.5 | AZ11: =VLOOKUP(AY11,المرجع!$D$3:$E$12,2) -> ب+ | BA11: =AY11*AW11 -> 9 | BB11: =BA11+AV11+AQ11+AL11+AG11+AB11+W11+R11+M11+H11 -> 98.75 | BC11: =AW11+AR11+AM11+AH11+AC11+X11+S11+N11+I11+D11 -> 22 | BD11: =BB11/BC11 -> 4.4886364 | BE11: =('المستوى الأول 2022'!BL11+'المستوى الثاني 2023'!BB11)/('المستوى الثاني 2023'!BC11+'المستوى الأول 2022'!BM11) -> 3.9388889 | BF11: =VLOOKUP(BE11,المرجع!$D$3:$F$12,3) -> جيد جدا | BG11: =RANK(BD11,$BD$3:$BD$87) -> 10
B12: 2023001 | C12: جميل براون | D12: 1 | E12: 96 | F12: =VLOOKUP(E12,المرجع!$B$3:$C$12,2) -> 5 | G12: =VLOOKUP(F12,المرجع!$D$3:$E$12,2) -> أ+ | H12: =F12*D12 -> 5 | I12: 2 | J12: 85 | K12: =VLOOKUP(J12,المرجع!$B$3:$C$12,2) -> 4.5 | L12: =VLOOKUP(K12,المرجع!$D$3:$E$12,2) -> ب+ | M12: =K12*I12 -> 9 | N12: 2 | O12: 84 | P12: =VLOOKUP(O12,المرجع!$B$3:$C$12,2) -> 4 | Q12: =VLOOKUP(P12,المرجع!$D$3:$E$12,2) -> ب | R12: =P12*N12 -> 8 | S12: 3 | T12: 100 | U12: =VLOOKUP(T12,المرجع!$B$3:$C$12,2) -> 5 | V12: =VLOOKUP(U12,المرجع!$D$3:$E$12,2) -> أ+ | W12: =U12*S12 -> 15 | X12: 2 | Y12: 100 | Z12: =VLOOKUP(Y12,المرجع!$B$3:$C$12,2) -> 5 | AA12: =VLOOKUP(Z12,المرجع!$D$3:$E$12,2) -> أ+ | AB12: =Z12*X12 -> 10 | AC12: 3 | AD12: 87 | AE12: =VLOOKUP(AD12,المرجع!$B$3:$C$12,2) -> 4.5 | AF12: =VLOOKUP(AE12,المرجع!$D$3:$E$12,2) -> ب+ | AG12: =AE12*AC12 -> 13.5 | AH12: 2 | AI12: 85 | AJ12: =VLOOKUP(AI12,المرجع!$B$3:$C$12,2) -> 4.5 | AK12: =VLOOKUP(AJ12,المرجع!$D$3:$E$12,2) -> ب+ | AL12: =AJ12*AH12 -> 9 | AM12: 3 | AN12: 90 | AO12: =VLOOKUP(AN12,المرجع!$B$3:$C$12,2) -> 4.75 | AP12: =VLOOKUP(AO12,المرجع!$D$3:$E$12,2) -> أ | AQ12: =AO12*AM12 -> 14.25 | AR12: 2 | AS12: 70 | AT12: =VLOOKUP(AS12,المرجع!$B$3:$C$12,2) -> 3 | AU12: =VLOOKUP(AT12,المرجع!$D$3:$E$12,2) -> ج | AV12: =AT12*AR12 -> 6 | AW12: 2 | AX12: 100 | AY12: =VLOOKUP(AX12,المرجع!$B$3:$C$12,2) -> 5 | AZ12: =VLOOKUP(AY12,المرجع!$D$3:$E$12,2) -> أ+ | BA12: =AY12*AW12 -> 10 | BB12: =BA12+AV12+AQ12+AL12+AG12+AB12+W12+R12+M12+H12 -> 99.75 | BC12: =AW12+AR12+AM12+AH12+AC12+X12+S12+N12+I12+D12 -> 22 | BD12: =BB12/BC12 -> 4.5340909 | BE12: =('المستوى الأول 2022'!BL12+'المستوى الثاني 2023'!BB12)/('المستوى الثاني 2023'!BC12+'المستوى الأول 2022'!BM12) -> 4.0555556 | BF12: =VLOOKUP(BE12,المرجع!$D$3:$F$12,3) -> جيد جدا | BG12: =RANK(BD12,$BD$3:$BD$87) -> 9
B13: 2023027 | C13: آدم عبد الحميد سنكارا | D13: 1 | E13: 100 | F13: =VLOOKUP(E13,المرجع!$B$3:$C$12,2) -> 5 | G13: =VLOOKUP(F13,المرجع!$D$3:$E$12,2) -> أ+ | H13: =F13*D13 -> 5 | I13: 2 | J13: 95 | K13: =VLOOKUP(J13,المرجع!$B$3:$C$12,2) -> 5 | L13: =VLOOKUP(K13,المرجع!$D$3:$E$12,2) -> أ+ | M13: =K13*I13 -> 10 | N13: 2 | O13: 94 | P13: =VLOOKUP(O13,المرجع!$B$3:$C$12,2) -> 4.75 | Q13: =VLOOKUP(P13,المرجع!$D$3:$E$12,2) -> أ | R13: =P13*N13 -> 9.5 | S13: 3 | T13: 100 | U13: =VLOOKUP(T13,المرجع!$B$3:$C$12,2) -> 5 | V13: =VLOOKUP(U13,المرجع!$D$3:$E$12,2) -> أ+ | W13: =U13*S13 -> 15 | X13: 2 | Y13: 100 | Z13: =VLOOKUP(Y13,المرجع!$B$3:$C$12,2) -> 5 | AA13: =VLOOKUP(Z13,المرجع!$D$3:$E$12,2) -> أ+ | AB13: =Z13*X13 -> 10 | AC13: 3 | AD13: 92 | AE13: =VLOOKUP(AD13,المرجع!$B$3:$C$12,2) -> 4.75 | AF13: =VLOOKUP(AE13,المرجع!$D$3:$E$12,2) -> أ | AG13: =AE13*AC13 -> 14.25 | AH13: 2 | AI13: 77 | AJ13: =VLOOKUP(AI13,المرجع!$B$3:$C$12,2) -> 3.5 | AK13: =VLOOKUP(AJ13,المرجع!$D$3:$E$12,2) -> ج+ | AL13: =AJ13*AH13 -> 7 | AM13: 3 | AN13: 97 | AO13: =VLOOKUP(AN13,المرجع!$B$3:$C$12,2) -> 5 | AP13: =VLOOKUP(AO13,المرجع!$D$3:$E$12,2) -> أ+ | AQ13: =AO13*AM13 -> 15 | AR13: 2 | AS13: 50 | AT13: =VLOOKUP(AS13,المرجع!$B$3:$C$12,2) -> 2 | AU13: =VLOOKUP(AT13,المرجع!$D$3:$E$12,2) -> د | AV13: =AT13*AR13 -> 4 | AW13: 2 | AX13: 83 | AY13: =VLOOKUP(AX13,المرجع!$B$3:$C$12,2) -> 4 | AZ13: =VLOOKUP(AY13,المرجع!$D$3:$E$12,2) -> ب | BA13: =AY13*AW13 -> 8 | BB13: =BA13+AV13+AQ13+AL13+AG13+AB13+W13+R13+M13+H13 -> 97.75 | BC13: =AW13+AR13+AM13+AH13+AC13+X13+S13+N13+I13+D13 -> 22 | BD13: =BB13/BC13 -> 4.4431818 | BE13: =('المستوى الأول 2022'!BL13+'المستوى الثاني 2023'!BB13)/('المستوى الثاني 2023'!BC13+'المستوى الأول 2022'!BM13) -> 3.9833333 | BF13: =VLOOKUP(BE13,المرجع!$D$3:$F$12,3) -> جيد جدا | BG13: =RANK(BD13,$BD$3:$BD$87) -> 11
B14: 2023087 | C14: فودي بندا سيلا | D14: 1 | E14: 92 | F14: =VLOOKUP(E14,المرجع!$B$3:$C$12,2) -> 4.75 | G14: =VLOOKUP(F14,المرجع!$D$3:$E$12,2) -> أ | H14: =F14*D14 -> 4.75 | I14: 2 | J14: 95 | K14: =VLOOKUP(J14,المرجع!$B$3:$C$12,2) -> 5 | L14: =VLOOKUP(K14,المرجع!$D$3:$E$12,2) -> أ+ | M14: =K14*I14 -> 10 | N14: 2 | O14: 87 | P14: =VLOOKUP(O14,المرجع!$B$3:$C$12,2) -> 4.5 | Q14: =VLOOKUP(P14,المرجع!$D$3:$E$12,2) -> ب+ | R14: =P14*N14 -> 9 | S14: 3 | T14: 100 | U14: =VLOOKUP(T14,المرجع!$B$3:$C$12,2) -> 5 | V14: =VLOOKUP(U14,المرجع!$D$3:$E$12,2) -> أ+ | W14: =U14*S14 -> 15 | X14: 2 | Y14: 91 | Z14: =VLOOKUP(Y14,المرجع!$B$3:$C$12,2) -> 4.75 | AA14: =VLOOKUP(Z14,المرجع!$D$3:$E$12,2) -> أ | AB14: =Z14*X14 -> 9.5 | AC14: 3 | AD14: 81 | AE14: =VLOOKUP(AD14,المرجع!$B$3:$C$12,2) -> 4 | AF14: =VLOOKUP(AE14,المرجع!$D$3:$E$12,2) -> ب | AG14: =AE14*AC14 -> 12 | AH14: 2 | AI14: 89 | AJ14: =VLOOKUP(AI14,المرجع!$B$3:$C$12,2) -> 4.5 | AK14: =VLOOKUP(AJ14,المرجع!$D$3:$E$12,2) -> ب+ | AL14: =AJ14*AH14 -> 9 | AM14: 3 | AN14: 100 | AO14: =VLOOKUP(AN14,المرجع!$B$3:$C$12,2) -> 5 | AP14: =VLOOKUP(AO14,المرجع!$D$3:$E$12,2) -> أ+ | AQ14: =AO14*AM14 -> 15 | AR14: 2 | AS14: 60 | AT14: =VLOOKUP(AS14,المرجع!$B$3:$C$12,2) -> 2 | AU14: =VLOOKUP(AT14,المرجع!$D$3:$E$12,2) -> د | AV14: =AT14*AR14 -> 4 | AW14: 2 | AX14: 88 | AY14: =VLOOKUP(AX14,المرجع!$B$3:$C$12,2) -> 4.5 | AZ14: =VLOOKUP(AY14,المرجع!$D$3:$E$12,2) -> ب+ | BA14: =AY14*AW14 -> 9 | BB14: =BA14+AV14+AQ14+AL14+AG14+AB14+W14+R14+M14+H14 -> 97.25 | BC14: =AW14+AR14+AM14+AH14+AC14+X14+S14+N14+I14+D14 -> 22 | BD14: =BB14/BC14 -> 4.4204545 | BE14: =('المستوى الأول 2022'!BL14+'المستوى الثاني 2023'!BB14)/('المستوى الثاني 2023'!BC14+'المستوى الأول 2022'!BM14) -> 4.0166667 | BF14: =VLOOKUP(BE14,المرجع!$D$3:$F$12,3) -> جيد جدا | BG14: =RANK(BD14,$BD$3:$BD$87) -> 12
... B87: 2023048 | C87: شعيب عمر درامي | D87: 1 | E87: 71 | F87: =VLOOKUP(E87,المرجع!$B$3:$C$12,2) -> 3 | G87: =VLOOKUP(F87,المرجع!$D$3:$E$12,2) -> ج | H87: =F87*D87 -> 3 | I87: 2 | J87: 68 | K87: =VLOOKUP(J87,المرجع!$B$3:$C$12,2) -> 2.5 | L87: =VLOOKUP(K87,المرجع!$D$3:$E$12,2) -> د+ | M87: =K87*I87 -> 5 | N87: 2 | O87: 50 | P87: =VLOOKUP(O87,المرجع!$B$3:$C$12,2) -> 2 | Q87: =VLOOKUP(P87,المرجع!$D$3:$E$12,2) -> د | R87: =P87*N87 -> 4 | S87: 3 | T87: 60 | U87: =VLOOKUP(T87,المرجع!$B$3:$C$12,2) -> 2 | V87: =VLOOKUP(U87,المرجع!$D$3:$E$12,2) -> د | W87: =U87*S87 -> 6 | X87: 2 | Y87: 69 | Z87: =VLOOKUP(Y87,المرجع!$B$3:$C$12,2) -> 2.5 | AA87: =VLOOKUP(Z87,المرجع!$D$3:$E$12,2) -> د+ | AB87: =Z87*X87 -> 5 | AC87: 3 | AD87: 50 | AE87: =VLOOKUP(AD87,المرجع!$B$3:$C$12,2) -> 2 | AF87: =VLOOKUP(AE87,المرجع!$D$3:$E$12,2) -> د | AG87: =AE87*AC87 -> 6 | AH87: 2 | AI87: 50 | AJ87: =VLOOKUP(AI87,المرجع!$B$3:$C$12,2) -> 2 | AK87: =VLOOKUP(AJ87,المرجع!$D$3:$E$12,2) -> د | AL87: =AJ87*AH87 -> 4 | AM87: 3 | AN87: 54 | AO87: =VLOOKUP(AN87,المرجع!$B$3:$C$12,2) -> 2 | AP87: =VLOOKUP(AO87,المرجع!$D$3:$E$12,2) -> د | AQ87: =AO87*AM87 -> 6 | AR87: 2 | AS87: 50 | AT87: =VLOOKUP(AS87,المرجع!$B$3:$C$12,2) -> 2 | AU87: =VLOOKUP(AT87,المرجع!$D$3:$E$12,2) -> د | AV87: =AT87*AR87 -> 4 | AW87: 2 | AX87: 50 | AY87: =VLOOKUP(AX87,المرجع!$B$3:$C$12,2) -> 2 | AZ87: =VLOOKUP(AY87,المرجع!$D$3:$E$12,2) -> د | BA87: =AY87*AW87 -> 4 | BB87: =BA87+AV87+AQ87+AL87+AG87+AB87+W87+R87+M87+H87 -> 47 | BC87: =AW87+AR87+AM87+AH87+AC87+X87+S87+N87+I87+D87 -> 22 | BD87: =BB87/BC87 -> 2.1363636 | BE87: =('المستوى الأول 2022'!BL87+'المستوى الثاني 2023'!BB87)/('المستوى الثاني 2023'!BC87+'المستوى الأول 2022'!BM87) -> 1.9777778 | BF87: =VLOOKUP(BE87,المرجع!$D$3:$F$12,3) -> راسب | BG87: =RANK(BD87,$BD$3:$BD$87) -> 85

Sheet المستوى الثالث ح
B2: رقم الجامعي | C2: أسماء الطلبة | D2: الساعة | E2: القرآن الكريم | F2: الوزن | G2: الرمز | H2: النقاط | I2: الساعة | J2: كتب السنة | K2: الوزن | L2: الرمز | M2: النقاط | N2: الساعة | O2: أصول الفقه | P2: الوزن | Q2: الرمز | R2: النقاط | S2: الساعة | T2: الفقه (3) | U2: الوزن | V2: الرمز | W2: النقاط | X2: الساعة | Y2: الحديث التحليلي (2) | Z2: الوزن | AA2: الرمز | AB2: النقاط | AC2: الساعة | AD2: رواة الحديث (2) | AE2: الوزن | AF2: الرمز | AG2: النقاط | AH2: الساعة | AI2: مصطلح الحديث (2) | AJ2: الوزن | AK2: الرمز | AL2: النقاط | AM2: الساعة | AN2: النحو (3) | AO2: الوزن | AP2: الرمز | AQ2: النقاط | AR2: الساعة | AS2: دراسات غامبيا | AT2: الوزن | AU2: الرمز | AV2: النقاط | AW2: الساعة | AX2: English(3) | AY2: الوزن | AZ2: الرمز | BA2: النقاط | BB2: مجموع النقاط | BC2: مجموع الساعات | BD2: المعدل الفصلي | BE2: المعدل التراكمي | BF2: التقدير | BG2: الترتيب
B3: 2023035 | C3: بنت موسى سماري | D3: 1 | E3: 95 | F3: =VLOOKUP(E3,المرجع!$B$3:$C$12,2) -> 5 | G3: =VLOOKUP(F3,المرجع!$D$3:$E$12,2) -> أ+ | H3: =F3*D3 -> 5 | I3: 3 | J3: 90 | K3: =VLOOKUP(J3,المرجع!$B$3:$C$12,2) -> 4.75 | L3: =VLOOKUP(K3,المرجع!$D$3:$E$12,2) -> أ | M3: =K3*I3 -> 14.25 | N3: 2 | O3: 94 | P3: =VLOOKUP(O3,المرجع!$B$3:$C$12,2) -> 4.75 | Q3: =VLOOKUP(P3,المرجع!$D$3:$E$12,2) -> أ | R3: =P3*N3 -> 9.5 | S3: 2 | T3: 90 | U3: =VLOOKUP(T3,المرجع!$B$3:$C$12,2) -> 4.75 | V3: =VLOOKUP(U3,المرجع!$D$3:$E$12,2) -> أ | W3: =U3*S3 -> 9.5 | X3: 3 | Y3: 92 | Z3: =VLOOKUP(Y3,المرجع!$B$3:$C$12,2) -> 4.75 | AA3: =VLOOKUP(Z3,المرجع!$D$3:$E$12,2) -> أ | AB3: =Z3*X3 -> 14.25 | AC3: 3 | AD3: 94 | AE3: =VLOOKUP(AD3,المرجع!$B$3:$C$12,2) -> 4.75 | AF3: =VLOOKUP(AE3,المرجع!$D$3:$E$12,2) -> أ | AG3: =AE3*AC3 -> 14.25 | AH3: 3 | AI3: 97 | AJ3: =VLOOKUP(AI3,المرجع!$B$3:$C$12,2) -> 5 | AK3: =VLOOKUP(AJ3,المرجع!$D$3:$E$12,2) -> أ+ | AL3: =AJ3*AH3 -> 15 | AM3: 2 | AN3: 100 | AO3: =VLOOKUP(AN3,المرجع!$B$3:$C$12,2) -> 5 | AP3: =VLOOKUP(AO3,المرجع!$D$3:$E$12,2) -> أ+ | AQ3: =AO3*AM3 -> 10 | AR3: 2 | AS3: 94 | AT3: =VLOOKUP(AS3,المرجع!$B$3:$C$12,2) -> 4.75 | AU3: =VLOOKUP(AT3,المرجع!$D$3:$E$12,2) -> أ | AV3: =AT3*AR3 -> 9.5 | AW3: 2 | AX3: 90 | AY3: =VLOOKUP(AX3,المرجع!$B$3:$C$12,2) -> 4.75 | AZ3: =VLOOKUP(AY3,المرجع!$D$3:$E$12,2) -> أ | BA3: =AY3*AW3 -> 9.5 | BB3: =BA3+AV3+AQ3+AL3+AG3+AB3+W3+R3+M3+H3 -> 110.75 | BC3: =AW3+AR3+AM3+AH3+AC3+X3+S3+N3+I3+D3 -> 23 | BD3: =BB3/BC3 -> 4.8152174 | BE3: =(BB3+'المستوى الثاني 2023'!BB3+'المستوى الأول 2022'!BL3)/('المستوى الأول 2022'!BM3+'المستوى الثاني 2023'!BC3+'المستوى الثالث ح'!BC3) -> 4.5257353 | BF3: =VLOOKUP(BD3,المرجع!$D$3:$F$12,3) -> ممتاز مرتفع | BG3: =RANK(BD3,$BD$3:$BD$77) -> 1
B4: 2023085 | C4: فاطمة صغرى محمد جابي | D4: 1 | E4: 99 | F4: =VLOOKUP(E4,المرجع!$B$3:$C$12,2) -> 5 | G4: =VLOOKUP(F4,المرجع!$D$3:$E$12,2) -> أ+ | H4: =F4*D4 -> 5 | I4: 3 | J4: 90 | K4: =VLOOKUP(J4,المرجع!$B$3:$C$12,2) -> 4.75 | L4: =VLOOKUP(K4,المرجع!$D$3:$E$12,2) -> أ | M4: =K4*I4 -> 14.25 | N4: 2 | O4: 100 | P4: =VLOOKUP(O4,المرجع!$B$3:$C$12,2) -> 5 | Q4: =VLOOKUP(P4,المرجع!$D$3:$E$12,2) -> أ+ | R4: =P4*N4 -> 10 | S4: 2 | T4: 90 | U4: =VLOOKUP(T4,المرجع!$B$3:$C$12,2) -> 4.75 | V4: =VLOOKUP(U4,المرجع!$D$3:$E$12,2) -> أ | W4: =U4*S4 -> 9.5 | X4: 3 | Y4: 100 | Z4: =VLOOKUP(Y4,المرجع!$B$3:$C$12,2) -> 5 | AA4: =VLOOKUP(Z4,المرجع!$D$3:$E$12,2) -> أ+ | AB4: =Z4*X4 -> 15 | AC4: 3 | AD4: 85 | AE4: =VLOOKUP(AD4,المرجع!$B$3:$C$12,2) -> 4.5 | AF4: =VLOOKUP(AE4,المرجع!$D$3:$E$12,2) -> ب+ | AG4: =AE4*AC4 -> 13.5 | AH4: 3 | AI4: 92 | AJ4: =VLOOKUP(AI4,المرجع!$B$3:$C$12,2) -> 4.75 | AK4: =VLOOKUP(AJ4,المرجع!$D$3:$E$12,2) -> أ | AL4: =AJ4*AH4 -> 14.25 | AM4: 2 | AN4: 82 | AO4: =VLOOKUP(AN4,المرجع!$B$3:$C$12,2) -> 4 | AP4: =VLOOKUP(AO4,المرجع!$D$3:$E$12,2) -> ب | AQ4: =AO4*AM4 -> 8 | AR4: 2 | AS4: 89 | AT4: =VLOOKUP(AS4,المرجع!$B$3:$C$12,2) -> 4.5 | AU4: =VLOOKUP(AT4,المرجع!$D$3:$E$12,2) -> ب+ | AV4: =AT4*AR4 -> 9 | AW4: 2 | AX4: 90 | AY4: =VLOOKUP(AX4,المرجع!$B$3:$C$12,2) -> 4.75 | AZ4: =VLOOKUP(AY4,المرجع!$D$3:$E$12,2) -> أ | BA4: =AY4*AW4 -> 9.5 | BB4: =BA4+AV4+AQ4+AL4+AG4+AB4+W4+R4+M4+H4 -> 108 | BC4: =AW4+AR4+AM4+AH4+AC4+X4+S4+N4+I4+D4 -> 23 | BD4: =BB4/BC4 -> 4.6956522 | BE4: =(BB4+'المستوى الثاني 2023'!BB4+'المستوى الأول 2022'!BL4)/('المستوى الأول 2022'!BM4+'المستوى الثاني 2023'!BC4+'المستوى الثالث ح'!BC4) -> 4.4705882 | BF4: =VLOOKUP(BD4,المرجع!$D$3:$F$12,3) -> ممتاز | BG4: =RANK(BD4,$BD$3:$BD$77) -> 2
B5: 2023027 | C5: آدم عبد الحميد سنكارا | D5: 1 | E5: 98 | F5: =VLOOKUP(E5,المرجع!$B$3:$C$12,2) -> 5 | G5: =VLOOKUP(F5,المرجع!$D$3:$E$12,2) -> أ+ | H5: =F5*D5 -> 5 | I5: 3 | J5: 83 | K5: =VLOOKUP(J5,المرجع!$B$3:$C$12,2) -> 4 | L5: =VLOOKUP(K5,المرجع!$D$3:$E$12,2) -> ب | M5: =K5*I5 -> 12 | N5: 2 | O5: 93 | P5: =VLOOKUP(O5,المرجع!$B$3:$C$12,2) -> 4.75 | Q5: =VLOOKUP(P5,المرجع!$D$3:$E$12,2) -> أ | R5: =P5*N5 -> 9.5 | S5: 2 | T5: 98 | U5: =VLOOKUP(T5,المرجع!$B$3:$C$12,2) -> 5 | V5: =VLOOKUP(U5,المرجع!$D$3:$E$12,2) -> أ+ | W5: =U5*S5 -> 10 | X5: 3 | Y5: 89 | Z5: =VLOOKUP(Y5,المرجع!$B$3:$C$12,2) -> 4.5 | AA5: =VLOOKUP(Z5,المرجع!$D$3:$E$12,2) -> ب+ | AB5: =Z5*X5 -> 13.5 | AC5: 3 | AD5: 95 | AE5: =VLOOKUP(AD5,المرجع!$B$3:$C$12,2) -> 5 | AF5: =VLOOKUP(AE5,المرجع!$D$3:$E$12,2) -> أ+ | AG5: =AE5*AC5 -> 15 | AH5: 3 | AI5: 100 | AJ5: =VLOOKUP(AI5,المرجع!$B$3:$C$12,2) -> 5 | AK5: =VLOOKUP(AJ5,المرجع!$D$3:$E$12,2) -> أ+ | AL5: =AJ5*AH5 -> 15 | AM5: 2 | AN5: 85 | AO5: =VLOOKUP(AN5,المرجع!$B$3:$C$12,2) -> 4.5 | AP5: =VLOOKUP(AO5,المرجع!$D$3:$E$12,2) -> ب+ | AQ5: =AO5*AM5 -> 9 | AR5: 2 | AS5: 89 | AT5: =VLOOKUP(AS5,المرجع!$B$3:$C$12,2) -> 4.5 | AU5: =VLOOKUP(AT5,المرجع!$D$3:$E$12,2) -> ب+ | AV5: =AT5*AR5 -> 9 | AW5: 2 | AX5: 70 | AY5: =VLOOKUP(AX5,المرجع!$B$3:$C$12,2) -> 3 | AZ5: =VLOOKUP(AY5,المرجع!$D$3:$E$12,2) -> ج | BA5: =AY5*AW5 -> 6 | BB5: =BA5+AV5+AQ5+AL5+AG5+AB5+W5+R5+M5+H5 -> 104 | BC5: =AW5+AR5+AM5+AH5+AC5+X5+S5+N5+I5+D5 -> 23 | BD5: =BB5/BC5 -> 4.5217391 | BE5: =(BB5+'المستوى الثاني 2023'!BB5+'المستوى الأول 2022'!BL5)/('المستوى الأول 2022'!BM5+'المستوى الثاني 2023'!BC5+'المستوى الثالث ح'!BC5) -> 4.3897059 | BF5: =VLOOKUP(BD5,المرجع!$D$3:$F$12,3) -> جيد جد مرتفع | BG5: =RANK(BD5,$BD$3:$BD$77) -> 3
B6: 2023002 | C6: ديالو إبراهيم | D6: 1 | E6: 97 | F6: =VLOOKUP(E6,المرجع!$B$3:$C$12,2) -> 5 | G6: =VLOOKUP(F6,المرجع!$D$3:$E$12,2) -> أ+ | H6: =F6*D6 -> 5 | I6: 3 | J6: 90 | K6: =VLOOKUP(J6,المرجع!$B$3:$C$12,2) -> 4.75 | L6: =VLOOKUP(K6,المرجع!$D$3:$E$12,2) -> أ | M6: =K6*I6 -> 14.25 | N6: 2 | O6: 93 | P6: =VLOOKUP(O6,المرجع!$B$3:$C$12,2) -> 4.75 | Q6: =VLOOKUP(P6,المرجع!$D$3:$E$12,2) -> أ | R6: =P6*N6 -> 9.5 | S6: 2 | T6: 98 | U6: =VLOOKUP(T6,المرجع!$B$3:$C$12,2) -> 5 | V6: =VLOOKUP(U6,المرجع!$D$3:$E$12,2) -> أ+ | W6: =U6*S6 -> 10 | X6: 3 | Y6: 100 | Z6: =VLOOKUP(Y6,المرجع!$B$3:$C$12,2) -> 5 | AA6: =VLOOKUP(Z6,المرجع!$D$3:$E$12,2) -> أ+ | AB6: =Z6*X6 -> 15 | AC6: 3 | AD6: 77 | AE6: =VLOOKUP(AD6,المرجع!$B$3:$C$12,2) -> 3.5 | AF6: =VLOOKUP(AE6,المرجع!$D$3:$E$12,2) -> ج+ | AG6: =AE6*AC6 -> 10.5 | AH6: 3 | AI6: 96 | AJ6: =VLOOKUP(AI6,المرجع!$B$3:$C$12,2) -> 5 | AK6: =VLOOKUP(AJ6,المرجع!$D$3:$E$12,2) -> أ+ | AL6: =AJ6*AH6 -> 15 | AM6: 2 | AN6: 90 | AO6: =VLOOKUP(AN6,المرجع!$B$3:$C$12,2) -> 4.75 | AP6: =VLOOKUP(AO6,المرجع!$D$3:$E$12,2) -> أ | AQ6: =AO6*AM6 -> 9.5 | AR6: 2 | AS6: 85 | AT6: =VLOOKUP(AS6,المرجع!$B$3:$C$12,2) -> 4.5 | AU6: =VLOOKUP(AT6,المرجع!$D$3:$E$12,2) -> ب+ | AV6: =AT6*AR6 -> 9 | AW6: 2 | AX6: 71 | AY6: =VLOOKUP(AX6,المرجع!$B$3:$C$12,2) -> 3 | AZ6: =VLOOKUP(AY6,المرجع!$D$3:$E$12,2) -> ج | BA6: =AY6*AW6 -> 6 | BB6: =BA6+AV6+AQ6+AL6+AG6+AB6+W6+R6+M6+H6 -> 103.75 | BC6: =AW6+AR6+AM6+AH6+AC6+X6+S6+N6+I6+D6 -> 23 | BD6: =BB6/BC6 -> 4.5108696 | BE6: =(BB6+'المستوى الثاني 2023'!BB6+'المستوى الأول 2022'!BL6)/('المستوى الأول 2022'!BM6+'المستوى الثاني 2023'!BC6+'المستوى الثالث ح'!BC6) -> 4.4779412 | BF6: =VLOOKUP(BD6,المرجع!$D$3:$F$12,3) -> جيد جد مرتفع | BG6: =RANK(BD6,$BD$3:$BD$77) -> 4
B7: 2023097 | C7: محمد بن سمبر دكوري | D7: 1 | E7: 98 | F7: =VLOOKUP(E7,المرجع!$B$3:$C$12,2) -> 5 | G7: =VLOOKUP(F7,المرجع!$D$3:$E$12,2) -> أ+ | H7: =F7*D7 -> 5 | I7: 3 | J7: 90 | K7: =VLOOKUP(J7,المرجع!$B$3:$C$12,2) -> 4.75 | L7: =VLOOKUP(K7,المرجع!$D$3:$E$12,2) -> أ | M7: =K7*I7 -> 14.25 | N7: 2 | O7: 92 | P7: =VLOOKUP(O7,المرجع!$B$3:$C$12,2) -> 4.75 | Q7: =VLOOKUP(P7,المرجع!$D$3:$E$12,2) -> أ | R7: =P7*N7 -> 9.5 | S7: 2 | T7: 100 | U7: =VLOOKUP(T7,المرجع!$B$3:$C$12,2) -> 5 | V7: =VLOOKUP(U7,المرجع!$D$3:$E$12,2) -> أ+ | W7: =U7*S7 -> 10 | X7: 3 | Y7: 82 | Z7: =VLOOKUP(Y7,المرجع!$B$3:$C$12,2) -> 4 | AA7: =VLOOKUP(Z7,المرجع!$D$3:$E$12,2) -> ب | AB7: =Z7*X7 -> 12 | AC7: 3 | AD7: 95 | AE7: =VLOOKUP(AD7,المرجع!$B$3:$C$12,2) -> 5 | AF7: =VLOOKUP(AE7,المرجع!$D$3:$E$12,2) -> أ+ | AG7: =AE7*AC7 -> 15 | AH7: 3 | AI7: 93 | AJ7: =VLOOKUP(AI7,المرجع!$B$3:$C$12,2) -> 4.75 | AK7: =VLOOKUP(AJ7,المرجع!$D$3:$E$12,2) -> أ | AL7: =AJ7*AH7 -> 14.25 | AM7: 2 | AN7: 100 | AO7: =VLOOKUP(AN7,المرجع!$B$3:$C$12,2) -> 5 | AP7: =VLOOKUP(AO7,المرجع!$D$3:$E$12,2) -> أ+ | AQ7: =AO7*AM7 -> 10 | AR7: 2 | AS7: 79 | AT7: =VLOOKUP(AS7,المرجع!$B$3:$C$12,2) -> 3.5 | AU7: =VLOOKUP(AT7,المرجع!$D$3:$E$12,2) -> ج+ | AV7: =AT7*AR7 -> 7 | AW7: 2 | AX7: 53 | AY7: =VLOOKUP(AX7,المرجع!$B$3:$C$12,2) -> 2 | AZ7: =VLOOKUP(AY7,المرجع!$D$3:$E$12,2) -> د | BA7: =AY7*AW7 -> 4 | BB7: =BA7+AV7+AQ7+AL7+AG7+AB7+W7+R7+M7+H7 -> 101 | BC7: =AW7+AR7+AM7+AH7+AC7+X7+S7+N7+I7+D7 -> 23 | BD7: =BB7/BC7 -> 4.3913043 | BE7: =(BB7+'المستوى الثاني 2023'!BB7+'المستوى الأول 2022'!BL7)/('المستوى الأول 2022'!BM7+'المستوى الثاني 2023'!BC7+'المستوى الثالث ح'!BC7) -> 4.2904412 | BF7: =VLOOKUP(BD7,المرجع!$D$3:$F$12,3) -> جيد جد مرتفع | BG7: =RANK(BD7,$BD$3:$BD$77) -> 5
B8: 2023001 | C8: جميل براون | D8: 1 | E8: 96 | F8: =VLOOKUP(E8,المرجع!$B$3:$C$12,2) -> 5 | G8: =VLOOKUP(F8,المرجع!$D$3:$E$12,2) -> أ+ | H8: =F8*D8 -> 5 | I8: 3 | J8: 83 | K8: =VLOOKUP(J8,المرجع!$B$3:$C$12,2) -> 4 | L8: =VLOOKUP(K8,المرجع!$D$3:$E$12,2) -> ب | M8: =K8*I8 -> 12 | N8: 2 | O8: 98 | P8: =VLOOKUP(O8,المرجع!$B$3:$C$12,2) -> 5 | Q8: =VLOOKUP(P8,المرجع!$D$3:$E$12,2) -> أ+ | R8: =P8*N8 -> 10 | S8: 2 | T8: 90 | U8: =VLOOKUP(T8,المرجع!$B$3:$C$12,2) -> 4.75 | V8: =VLOOKUP(U8,المرجع!$D$3:$E$12,2) -> أ | W8: =U8*S8 -> 9.5 | X8: 3 | Y8: 70 | Z8: =VLOOKUP(Y8,المرجع!$B$3:$C$12,2) -> 3 | AA8: =VLOOKUP(Z8,المرجع!$D$3:$E$12,2) -> ج | AB8: =Z8*X8 -> 9 | AC8: 3 | AD8: 83 | AE8: =VLOOKUP(AD8,المرجع!$B$3:$C$12,2) -> 4 | AF8: =VLOOKUP(AE8,المرجع!$D$3:$E$12,2) -> ب | AG8: =AE8*AC8 -> 12 | AH8: 3 | AI8: 85 | AJ8: =VLOOKUP(AI8,المرجع!$B$3:$C$12,2) -> 4.5 | AK8: =VLOOKUP(AJ8,المرجع!$D$3:$E$12,2) -> ب+ | AL8: =AJ8*AH8 -> 13.5 | AM8: 2 | AN8: 90 | AO8: =VLOOKUP(AN8,المرجع!$B$3:$C$12,2) -> 4.75 | AP8: =VLOOKUP(AO8,المرجع!$D$3:$E$12,2) -> أ | AQ8: =AO8*AM8 -> 9.5 | AR8: 2 | AS8: 88 | AT8: =VLOOKUP(AS8,المرجع!$B$3:$C$12,2) -> 4.5 | AU8: =VLOOKUP(AT8,المرجع!$D$3:$E$12,2) -> ب+ | AV8: =AT8*AR8 -> 9 | AW8: 2 | AX8: 92 | AY8: =VLOOKUP(AX8,المرجع!$B$3:$C$12,2) -> 4.75 | AZ8: =VLOOKUP(AY8,المرجع!$D$3:$E$12,2) -> أ | BA8: =AY8*AW8 -> 9.5 | BB8: =BA8+AV8+AQ8+AL8+AG8+AB8+W8+R8+M8+H8 -> 99 | BC8: =AW8+AR8+AM8+AH8+AC8+X8+S8+N8+I8+D8 -> 23 | BD8: =BB8/BC8 -> 4.3043478 | BE8: =(BB8+'المستوى الثاني 2023'!BB8+'المستوى الأول 2022'!BL8)/('المستوى الأول 2022'!BM8+'المستوى الثاني 2023'!BC8+'المستوى الثالث ح'!BC8) -> 4.1727941 | BF8: =VLOOKUP(BD8,المرجع!$D$3:$F$12,3) -> جيد جد مرتفع | BG8: =RANK(BD8,$BD$3:$BD$77) -> 6
B9: 2023041 | C9: زينب شيخ أحمد تيجان بلدي | D9: 1 | E9: 96 | F9: =VLOOKUP(E9,المرجع!$B$3:$C$12,2) -> 5 | G9: =VLOOKUP(F9,المرجع!$D$3:$E$12,2) -> أ+ | H9: =F9*D9 -> 5 | I9: 3 | J9: 90 | K9: =VLOOKUP(J9,المرجع!$B$3:$C$12,2) -> 4.75 | L9: =VLOOKUP(K9,المرجع!$D$3:$E$12,2) -> أ | M9: =K9*I9 -> 14.25 | N9: 2 | O9: 79 | P9: =VLOOKUP(O9,المرجع!$B$3:$C$12,2) -> 3.5 | Q9: =VLOOKUP(P9,المرجع!$D$3:$E$12,2) -> ج+ | R9: =P9*N9 -> 7 | S9: 2 | T9: 90 | U9: =VLOOKUP(T9,المرجع!$B$3:$C$12,2) -> 4.75 | V9: =VLOOKUP(U9,المرجع!$D$3:$E$12,2) -> أ | W9: =U9*S9 -> 9.5 | X9: 3 | Y9: 100 | Z9: =VLOOKUP(Y9,المرجع!$B$3:$C$12,2) -> 5 | AA9: =VLOOKUP(Z9,المرجع!$D$3:$E$12,2) -> أ+ | AB9: =Z9*X9 -> 15 | AC9: 3 | AD9: 88 | AE9: =VLOOKUP(AD9,المرجع!$B$3:$C$12,2) -> 4.5 | AF9: =VLOOKUP(AE9,المرجع!$D$3:$E$12,2) -> ب+ | AG9: =AE9*AC9 -> 13.5 | AH9: 3 | AI9: 90 | AJ9: =VLOOKUP(AI9,المرجع!$B$3:$C$12,2) -> 4.75 | AK9: =VLOOKUP(AJ9,المرجع!$D$3:$E$12,2) -> أ | AL9: =AJ9*AH9 -> 14.25 | AM9: 2 | AN9: 75 | AO9: =VLOOKUP(AN9,المرجع!$B$3:$C$12,2) -> 3.5 | AP9: =VLOOKUP(AO9,المرجع!$D$3:$E$12,2) -> ج+ | AQ9: =AO9*AM9 -> 7 | AR9: 2 | AS9: 67 | AT9: =VLOOKUP(AS9,المرجع!$B$3:$C$12,2) -> 2.5 | AU9: =VLOOKUP(AT9,المرجع!$D$3:$E$12,2) -> د+ | AV9: =AT9*AR9 -> 5 | AW9: 2 | AX9: 81 | AY9: =VLOOKUP(AX9,المرجع!$B$3:$C$12,2) -> 4 | AZ9: =VLOOKUP(AY9,المرجع!$D$3:$E$12,2) -> ب | BA9: =AY9*AW9 -> 8 | BB9: =BA9+AV9+AQ9+AL9+AG9+AB9+W9+R9+M9+H9 -> 98.5 | BC9: =AW9+AR9+AM9+AH9+AC9+X9+S9+N9+I9+D9 -> 23 | BD9: =BB9/BC9 -> 4.2826087 | BE9: =(BB9+'المستوى الثاني 2023'!BB9+'المستوى الأول 2022'!BL9)/('المستوى الأول 2022'!BM9+'المستوى الثاني 2023'!BC9+'المستوى الثالث ح'!BC9) -> 4.1360294 | BF9: =VLOOKUP(BD9,المرجع!$D$3:$F$12,3) -> جيد جد مرتفع | BG9: =RANK(BD9,$BD$3:$BD$77) -> 7
B10: 2023053 | C10: عاتقة قطر أنيبل غلمسين | D10: 1 | E10: 90 | F10: =VLOOKUP(E10,المرجع!$B$3:$C$12,2) -> 4.75 | G10: =VLOOKUP(F10,المرجع!$D$3:$E$12,2) -> أ | H10: =F10*D10 -> 4.75 | I10: 3 | J10: 90 | K10: =VLOOKUP(J10,المرجع!$B$3:$C$12,2) -> 4.75 | L10: =VLOOKUP(K10,المرجع!$D$3:$E$12,2) -> أ | M10: =K10*I10 -> 14.25 | N10: 2 | O10: 85 | P10: =VLOOKUP(O10,المرجع!$B$3:$C$12,2) -> 4.5 | Q10: =VLOOKUP(P10,المرجع!$D$3:$E$12,2) -> ب+ | R10: =P10*N10 -> 9 | S10: 2 | T10: 90 | U10: =VLOOKUP(T10,المرجع!$B$3:$C$12,2) -> 4.75 | V10: =VLOOKUP(U10,المرجع!$D$3:$E$12,2) -> أ | W10: =U10*S10 -> 9.5 | X10: 3 | Y10: 100 | Z10: =VLOOKUP(Y10,المرجع!$B$3:$C$12,2) -> 5 | AA10: =VLOOKUP(Z10,المرجع!$D$3:$E$12,2) -> أ+ | AB10: =Z10*X10 -> 15 | AC10: 3 | AD10: 72 | AE10: =VLOOKUP(AD10,المرجع!$B$3:$C$12,2) -> 3 | AF10: =VLOOKUP(AE10,المرجع!$D$3:$E$12,2) -> ج | AG10: =AE10*AC10 -> 9 | AH10: 3 | AI10: 77 | AJ10: =VLOOKUP(AI10,المرجع!$B$3:$C$12,2) -> 3.5 | AK10: =VLOOKUP(AJ10,المرجع!$D$3:$E$12,2) -> ج+ | AL10: =AJ10*AH10 -> 10.5 | AM10: 2 | AN10: 75 | AO10: =VLOOKUP(AN10,المرجع!$B$3:$C$12,2) -> 3.5 | AP10: =VLOOKUP(AO10,المرجع!$D$3:$E$12,2) -> ج+ | AQ10: =AO10*AM10 -> 7 | AR10: 2 | AS10: 90 | AT10: =VLOOKUP(AS10,المرجع!$B$3:$C$12,2) -> 4.75 | AU10: =VLOOKUP(AT10,المرجع!$D$3:$E$12,2) -> أ | AV10: =AT10*AR10 -> 9.5 | AW10: 2 | AX10: 89 | AY10: =VLOOKUP(AX10,المرجع!$B$3:$C$12,2) -> 4.5 | AZ10: =VLOOKUP(AY10,المرجع!$D$3:$E$12,2) -> ب+ | BA10: =AY10*AW10 -> 9 | BB10: =BA10+AV10+AQ10+AL10+AG10+AB10+W10+R10+M10+H10 -> 97.5 | BC10: =AW10+AR10+AM10+AH10+AC10+X10+S10+N10+I10+D10 -> 23 | BD10: =BB10/BC10 -> 4.2391304 | BE10: =(BB10+'المستوى الثاني 2023'!BB10+'المستوى الأول 2022'!BL10)/('المستوى الأول 2022'!BM10+'المستوى الثاني 2023'!BC10+'المستوى الثالث ح'!BC10) -> 4.1323529 | BF10: =VLOOKUP(BD10,المرجع!$D$3:$F$12,3) -> جيد جد مرتفع | BG10: =RANK(BD10,$BD$3:$BD$77) -> 8
B11: 2023023 | C11: أمي بابا جاورا | D11: 1 | E11: 80 | F11: =VLOOKUP(E11,المرجع!$B$3:$C$12,2) -> 4 | G11: =VLOOKUP(F11,المرجع!$D$3:$E$12,2) -> ب | H11: =F11*D11 -> 4 | I11: 3 | J11: 88 | K11: =VLOOKUP(J11,المرجع!$B$3:$C$12,2) -> 4.5 | L11: =VLOOKUP(K11,المرجع!$D$3:$E$12,2) -> ب+ | M11: =K11*I11 -> 13.5 | N11: 2 | O11: 84 | P11: =VLOOKUP(O11,المرجع!$B$3:$C$12,2) -> 4 | Q11: =VLOOKUP(P11,المرجع!$D$3:$E$12,2) -> ب | R11: =P11*N11 -> 8 | S11: 2 | T11: 90 | U11: =VLOOKUP(T11,المرجع!$B$3:$C$12,2) -> 4.75 | V11: =VLOOKUP(U11,المرجع!$D$3:$E$12,2) -> أ | W11: =U11*S11 -> 9.5 | X11: 3 | Y11: 95 | Z11: =VLOOKUP(Y11,المرجع!$B$3:$C$12,2) -> 5 | AA11: =VLOOKUP(Z11,المرجع!$D$3:$E$12,2) -> أ+ | AB11: =Z11*X11 -> 15 | AC11: 3 | AD11: 74 | AE11: =VLOOKUP(AD11,المرجع!$B$3:$C$12,2) -> 3 | AF11: =VLOOKUP(AE11,المرجع!$D$3:$E$12,2) -> ج | AG11: =AE11*AC11 -> 9 | AH11: 3 | AI11: 80 | AJ11: =VLOOKUP(AI11,المرجع!$B$3:$C$12,2) -> 4 | AK11: =VLOOKUP(AJ11,المرجع!$D$3:$E$12,2) -> ب | AL11: =AJ11*AH11 -> 12 | AM11: 2 | AN11: 88 | AO11: =VLOOKUP(AN11,المرجع!$B$3:$C$12,2) -> 4.5 | AP11: =VLOOKUP(AO11,المرجع!$D$3:$E$12,2) -> ب+ | AQ11: =AO11*AM11 -> 9 | AR11: 2 | AS11: 82 | AT11: =VLOOKUP(AS11,المرجع!$B$3:$C$12,2) -> 4 | AU11: =VLOOKUP(AT11,المرجع!$D$3:$E$12,2) -> ب | AV11: =AT11*AR11 -> 8 | AW11: 2 | AX11: 93 | AY11: =VLOOKUP(AX11,المرجع!$B$3:$C$12,2) -> 4.75 | AZ11: =VLOOKUP(AY11,المرجع!$D$3:$E$12,2) -> أ | BA11: =AY11*AW11 -> 9.5 | BB11: =BA11+AV11+AQ11+AL11+AG11+AB11+W11+R11+M11+H11 -> 97.5 | BC11: =AW11+AR11+AM11+AH11+AC11+X11+S11+N11+I11+D11 -> 23 | BD11: =BB11/BC11 -> 4.2391304 | BE11: =(BB11+'المستوى الثاني 2023'!BB11+'المستوى الأول 2022'!BL11)/('المستوى الأول 2022'!BM11+'المستوى الثاني 2023'!BC11+'المستوى الثالث ح'!BC11) -> 4.0404412 | BF11: =VLOOKUP(BD11,المرجع!$D$3:$F$12,3) -> جيد جد مرتفع | BG11: =RANK(BD11,$BD$3:$BD$77) -> 8
B12: 2023084 | C12: فاطمة شيخ تونكارا | D12: 1 | E12: 91 | F12: =VLOOKUP(E12,المرجع!$B$3:$C$12,2) -> 4.75 | G12: =VLOOKUP(F12,المرجع!$D$3:$E$12,2) -> أ | H12: =F12*D12 -> 4.75 | I12: 3 | J12: 89 | K12: =VLOOKUP(J12,المرجع!$B$3:$C$12,2) -> 4.5 | L12: =VLOOKUP(K12,المرجع!$D$3:$E$12,2) -> ب+ | M12: =K12*I12 -> 13.5 | N12: 2 | O12: 82 | P12: =VLOOKUP(O12,المرجع!$B$3:$C$12,2) -> 4 | Q12: =VLOOKUP(P12,المرجع!$D$3:$E$12,2) -> ب | R12: =P12*N12 -> 8 | S12: 2 | T12: 90 | U12: =VLOOKUP(T12,المرجع!$B$3:$C$12,2) -> 4.75 | V12: =VLOOKUP(U12,المرجع!$D$3:$E$12,2) -> أ | W12: =U12*S12 -> 9.5 | X12: 3 | Y12: 100 | Z12: =VLOOKUP(Y12,المرجع!$B$3:$C$12,2) -> 5 | AA12: =VLOOKUP(Z12,المرجع!$D$3:$E$12,2) -> أ+ | AB12: =Z12*X12 -> 15 | AC12: 3 | AD12: 75 | AE12: =VLOOKUP(AD12,المرجع!$B$3:$C$12,2) -> 3.5 | AF12: =VLOOKUP(AE12,المرجع!$D$3:$E$12,2) -> ج+ | AG12: =AE12*AC12 -> 10.5 | AH12: 3 | AI12: 70 | AJ12: =VLOOKUP(AI12,المرجع!$B$3:$C$12,2) -> 3 | AK12: =VLOOKUP(AJ12,المرجع!$D$3:$E$12,2) -> ج | AL12: =AJ12*AH12 -> 9 | AM12: 2 | AN12: 93 | AO12: =VLOOKUP(AN12,المرجع!$B$3:$C$12,2) -> 4.75 | AP12: =VLOOKUP(AO12,المرجع!$D$3:$E$12,2) -> أ | AQ12: =AO12*AM12 -> 9.5 | AR12: 2 | AS12: 83 | AT12: =VLOOKUP(AS12,المرجع!$B$3:$C$12,2) -> 4 | AU12: =VLOOKUP(AT12,المرجع!$D$3:$E$12,2) -> ب | AV12: =AT12*AR12 -> 8 | AW12: 2 | AX12: 80 | AY12: =VLOOKUP(AX12,المرجع!$B$3:$C$12,2) -> 4 | AZ12: =VLOOKUP(AY12,المرجع!$D$3:$E$12,2) -> ب | BA12: =AY12*AW12 -> 8 | BB12: =BA12+AV12+AQ12+AL12+AG12+AB12+W12+R12+M12+H12 -> 95.75 | BC12: =AW12+AR12+AM12+AH12+AC12+X12+S12+N12+I12+D12 -> 23 | BD12: =BB12/BC12 -> 4.1630435 | BE12: =(BB12+'المستوى الثاني 2023'!BB12+'المستوى الأول 2022'!BL12)/('المستوى الأول 2022'!BM12+'المستوى الثاني 2023'!BC12+'المستوى الثالث ح'!BC12) -> 4.0919118 | BF12: =VLOOKUP(BD12,المرجع!$D$3:$F$12,3) -> جيد جد مرتفع | BG12: =RANK(BD12,$BD$3:$BD$77) -> 10
B13: 2023110 | C13: يحيى محمد سيسي | D13: 1 | E13: 98 | F13: =VLOOKUP(E13,المرجع!$B$3:$C$12,2) -> 5 | G13: =VLOOKUP(F13,المرجع!$D$3:$E$12,2) -> أ+ | H13: =F13*D13 -> 5 | I13: 3 | J13: 90 | K13: =VLOOKUP(J13,المرجع!$B$3:$C$12,2) -> 4.75 | L13: =VLOOKUP(K13,المرجع!$D$3:$E$12,2) -> أ | M13: =K13*I13 -> 14.25 | N13: 2 | O13: 90 | P13: =VLOOKUP(O13,المرجع!$B$3:$C$12,2) -> 4.75 | Q13: =VLOOKUP(P13,المرجع!$D$3:$E$12,2) -> أ | R13: =P13*N13 -> 9.5 | S13: 2 | T13: 89 | U13: =VLOOKUP(T13,المرجع!$B$3:$C$12,2) -> 4.5 | V13: =VLOOKUP(U13,المرجع!$D$3:$E$12,2) -> ب+ | W13: =U13*S13 -> 9 | X13: 3 | Y13: 75 | Z13: =VLOOKUP(Y13,المرجع!$B$3:$C$12,2) -> 3.5 | AA13: =VLOOKUP(Z13,المرجع!$D$3:$E$12,2) -> ج+ | AB13: =Z13*X13 -> 10.5 | AC13: 3 | AD13: 79 | AE13: =VLOOKUP(AD13,المرجع!$B$3:$C$12,2) -> 3.5 | AF13: =VLOOKUP(AE13,المرجع!$D$3:$E$12,2) -> ج+ | AG13: =AE13*AC13 -> 10.5 | AH13: 3 | AI13: 87 | AJ13: =VLOOKUP(AI13,المرجع!$B$3:$C$12,2) -> 4.5 | AK13: =VLOOKUP(AJ13,المرجع!$D$3:$E$12,2) -> ب+ | AL13: =AJ13*AH13 -> 13.5 | AM13: 2 | AN13: 80 | AO13: =VLOOKUP(AN13,المرجع!$B$3:$C$12,2) -> 4 | AP13: =VLOOKUP(AO13,المرجع!$D$3:$E$12,2) -> ب | AQ13: =AO13*AM13 -> 8 | AR13: 2 | AS13: 69 | AT13: =VLOOKUP(AS13,المرجع!$B$3:$C$12,2) -> 2.5 | AU13: =VLOOKUP(AT13,المرجع!$D$3:$E$12,2) -> د+ | AV13: =AT13*AR13 -> 5 | AW13: 2 | AX13: 94 | AY13: =VLOOKUP(AX13,المرجع!$B$3:$C$12,2) -> 4.75 | AZ13: =VLOOKUP(AY13,المرجع!$D$3:$E$12,2) -> أ | BA13: =AY13*AW13 -> 9.5 | BB13: =BA13+AV13+AQ13+AL13+AG13+AB13+W13+R13+M13+H13 -> 94.75 | BC13: =AW13+AR13+AM13+AH13+AC13+X13+S13+N13+I13+D13 -> 23 | BD13: =BB13/BC13 -> 4.1195652 | BE13: =(BB13+'المستوى الثاني 2023'!BB13+'المستوى الأول 2022'!BL13)/('المستوى الأول 2022'!BM13+'المستوى الثاني 2023'!BC13+'المستوى الثالث ح'!BC13) -> 4.0294118 | BF13: =VLOOKUP(BD13,المرجع!$D$3:$F$12,3) -> جيد جد مرتفع | BG13: =RANK(BD13,$BD$3:$BD$77) -> 11
B14: 2023045 | C14: سعيد خليل كربلي | D14: 1 | E14: 93 | F14: =VLOOKUP(E14,المرجع!$B$3:$C$12,2) -> 4.75 | G14: =VLOOKUP(F14,المرجع!$D$3:$E$12,2) -> أ | H14: =F14*D14 -> 4.75 | I14: 3 | J14: 75 | K14: =VLOOKUP(J14,المرجع!$B$3:$C$12,2) -> 3.5 | L14: =VLOOKUP(K14,المرجع!$D$3:$E$12,2) -> ج+ | M14: =K14*I14 -> 10.5 | N14: 2 | O14: 84 | P14: =VLOOKUP(O14,المرجع!$B$3:$C$12,2) -> 4 | Q14: =VLOOKUP(P14,المرجع!$D$3:$E$12,2) -> ب | R14: =P14*N14 -> 8 | S14: 2 | T14: 91 | U14: =VLOOKUP(T14,المرجع!$B$3:$C$12,2) -> 4.75 | V14: =VLOOKUP(U14,المرجع!$D$3:$E$12,2) -> أ | W14: =U14*S14 -> 9.5 | X14: 3 | Y14: 70 | Z14: =VLOOKUP(Y14,المرجع!$B$3:$C$12,2) -> 3 | AA14: =VLOOKUP(Z14,المرجع!$D$3:$E$12,2) -> ج | AB14: =Z14*X14 -> 9 | AC14: 3 | AD14: 88 | AE14: =VLOOKUP(AD14,المرجع!$B$3:$C$12,2) -> 4.5 | AF14: =VLOOKUP(AE14,المرجع!$D$3:$E$12,2) -> ب+ | AG14: =AE14*AC14 -> 13.5 | AH14: 3 | AI14: 94 | AJ14: =VLOOKUP(AI14,المرجع!$B$3:$C$12,2) -> 4.75 | AK14: =VLOOKUP(AJ14,المرجع!$D$3:$E$12,2) -> أ | AL14: =AJ14*AH14 -> 14.25 | AM14: 2 | AN14: 75 | AO14: =VLOOKUP(AN14,المرجع!$B$3:$C$12,2) -> 3.5 | AP14: =VLOOKUP(AO14,المرجع!$D$3:$E$12,2) -> ج+ | AQ14: =AO14*AM14 -> 7 | AR14: 2 | AS14: 84 | AT14: =VLOOKUP(AS14,المرجع!$B$3:$C$12,2) -> 4 | AU14: =VLOOKUP(AT14,المرجع!$D$3:$E$12,2) -> ب | AV14: =AT14*AR14 -> 8 | AW14: 2 | AX14: 90 | AY14: =VLOOKUP(AX14,المرجع!$B$3:$C$12,2) -> 4.75 | AZ14: =VLOOKUP(AY14,المرجع!$D$3:$E$12,2) -> أ | BA14: =AY14*AW14 -> 9.5 | BB14: =BA14+AV14+AQ14+AL14+AG14+AB14+W14+R14+M14+H14 -> 94 | BC14: =AW14+AR14+AM14+AH14+AC14+X14+S14+N14+I14+D14 -> 23 | BD14: =BB14/BC14 -> 4.0869565 | BE14: =(BB14+'المستوى الثاني 2023'!BB14+'المستوى الأول 2022'!BL14)/('المستوى الأول 2022'!BM14+'المستوى الثاني 2023'!BC14+'المستوى الثالث ح'!BC14) -> 4.0404412 | BF14: =VLOOKUP(BD14,المرجع!$D$3:$F$12,3) -> جيد جدا | BG14: =RANK(BD14,$BD$3:$BD$77) -> 12
... B77: 2023037 | C77: جبريل شيخ دنفا | D77: 1 | E77: 58 | F77: =VLOOKUP(E77,المرجع!$B$3:$C$12,2) -> 2 | G77: =VLOOKUP(F77,المرجع!$D$3:$E$12,2) -> د | H77: =F77*D77 -> 2 | I77: 3 | J77: 76 | K77: =VLOOKUP(J77,المرجع!$B$3:$C$12,2) -> 3.5 | L77: =VLOOKUP(K77,المرجع!$D$3:$E$12,2) -> ج+ | M77: =K77*I77 -> 10.5 | N77: 2 | O77: 33 | P77: =VLOOKUP(O77,المرجع!$B$3:$C$12,2) -> 0 | Q77: =VLOOKUP(P77,المرجع!$D$3:$E$12,2) -> ه | R77: =P77*N77 -> 0 | S77: 2 | T77: 85 | U77: =VLOOKUP(T77,المرجع!$B$3:$C$12,2) -> 4.5 | V77: =VLOOKUP(U77,المرجع!$D$3:$E$12,2) -> ب+ | W77: =U77*S77 -> 9 | X77: 3 | Y77: 40 | Z77: =VLOOKUP(Y77,المرجع!$B$3:$C$12,2) -> 0 | AA77: =VLOOKUP(Z77,المرجع!$D$3:$E$12,2) -> ه | AB77: =Z77*X77 -> 0 | AC77: 3 | AD77: 26 | AE77: =VLOOKUP(AD77,المرجع!$B$3:$C$12,2) -> 0 | AF77: =VLOOKUP(AE77,المرجع!$D$3:$E$12,2) -> ه | AG77: =AE77*AC77 -> 0 | AH77: 3 | AI77: 18 | AJ77: =VLOOKUP(AI77,المرجع!$B$3:$C$12,2) -> 0 | AK77: =VLOOKUP(AJ77,المرجع!$D$3:$E$12,2) -> ه | AL77: =AJ77*AH77 -> 0 | AM77: 2 | AN77: 45 | AO77: =VLOOKUP(AN77,المرجع!$B$3:$C$12,2) -> 0 | AP77: =VLOOKUP(AO77,المرجع!$D$3:$E$12,2) -> ه | AQ77: =AO77*AM77 -> 0 | AR77: 2 | AS77: 79 | AT77: =VLOOKUP(AS77,المرجع!$B$3:$C$12,2) -> 3.5 | AU77: =VLOOKUP(AT77,المرجع!$D$3:$E$12,2) -> ج+ | AV77: =AT77*AR77 -> 7 | AW77: 2 | AX77: 16 | AY77: =VLOOKUP(AX77,المرجع!$B$3:$C$12,2) -> 0 | AZ77: =VLOOKUP(AY77,المرجع!$D$3:$E$12,2) -> ه | BA77: =AY77*AW77 -> 0 | BB77: =BA77+AV77+AQ77+AL77+AG77+AB77+W77+R77+M77+H77 -> 28.5 | BC77: =AW77+AR77+AM77+AH77+AC77+X77+S77+N77+I77+D77 -> 23 | BD77: =BB77/BC77 -> 1.2391304 | BE77: =(BB77+'المستوى الثاني 2023'!BB77+'المستوى الأول 2022'!BL77)/('المستوى الأول 2022'!BM77+'المستوى الثاني 2023'!BC77+'المستوى الثالث ح'!BC77) -> 1.8308824 | BF77: =VLOOKUP(BD77,المرجع!$D$3:$F$12,3) -> راسب | BG77: =RANK(BD77,$BD$3:$BD$77) -> 75

Sheet المستوى الرابع
B2: رقم الجامعي | C2: أسماء الطلبة | D2: الساعات | E2: القرآن الكريم | F2: الوزن | G2: الرمز | H2: النقاط | I2: الساعات | J2: الحديث التحليلي | K2: الوزن | L2: الرمز | M2: النقاط | N2: الساعات | O2: مصطلح الحديث | P2: الوزن | Q2: الرمز | R2: النقاط | S2: الساعات | T2: كتب السنة2 | U2: الوزن | V2: الرمز | W2: النقاط | X2: الساعات | Y2: الجرح والتعجيل 1 | Z2: الوزن | AA2: الرمز | AB2: النقاط | AC2: الساعات | AD2: التفسير (2) | AE2: الوزن | AF2: الرمز | AG2: النقاط | AH2: الساعات | AI2: التوحيد (3) | AJ2: الوزن | AK2: الرمز | AL2: النقاط | AM2: الساعات | AN2: أصول الفقه (2) | AO2: الوزن | AP2: الرمز | AQ2: النقاط | AR2: الساعات | AS2: الفقه 3 | AT2: الوزن | AU2: الرمز | AV2: النقاط | AW2: الساعات | AX2: الإنجلزية | AY2: الوزن | AZ2: الرمز | BA2: النقاط | BB2: مجموع النقاط | BC2: مجموع الساعات | BD2: المعدل الفصلي | BE2: المعدل التراكمي | BF2: التقدير | BG2: الترتيب
B3: 2023085 | C3: فاطمة صغرى محمد جابي | D3: 1 | E3: 97 | F3: =VLOOKUP(E3,المرجع!$B$3:$C$12,2) -> 5 | G3: =VLOOKUP(F3,المرجع!$D$3:$E$12,2) -> أ+ | H3: =F3*D3 -> 5 | I3: 3 | J3: 100 | K3: =VLOOKUP(J3,المرجع!$B$3:$C$12,2) -> 5 | L3: =VLOOKUP(K3,المرجع!$C$3:$E$12,3) -> أ+ | M3: =K3*I3 -> 15 | N3: 3 | O3: 93 | P3: =VLOOKUP(O3,المرجع!$B$3:$C$12,2) -> 4.75 | Q3: =VLOOKUP(P3,المرجع!$C$3:$E$12,3) -> أ | R3: =P3*N3 -> 14.25 | S3: 3 | T3: 100 | U3: =VLOOKUP(T3,المرجع!$B$3:$C$12,2) -> 5 | V3: =VLOOKUP(U3,المرجع!$C$3:$E$12,3) -> أ+ | W3: =U3*S3 -> 15 | X3: 3 | Y3: 100 | Z3: =VLOOKUP(Y3,المرجع!$B$3:$C$12,2) -> 5 | AA3: =VLOOKUP(Z3,المرجع!$C$3:$E$12,3) -> أ+ | AB3: =Z3*X3 -> 15 | AC3: 2 | AD3: 94 | AE3: =VLOOKUP(AD3,المرجع!$B$3:$C$12,2) -> 4.75 | AF3: =VLOOKUP(AE3,المرجع!$C$3:$E$12,3) -> أ | AG3: =AE3*AC3 -> 9.5 | AH3: 2 | AI3: 94 | AJ3: =VLOOKUP(AI3,المرجع!$B$3:$C$12,2) -> 4.75 | AK3: =VLOOKUP(AJ3,المرجع!$C$3:$E$12,3) -> أ | AL3: =AJ3*AH3 -> 9.5 | AM3: 2 | AN3: 95 | AO3: =VLOOKUP(AN3,المرجع!$B$3:$C$12,2) -> 5 | AP3: =VLOOKUP(AO3,المرجع!$C$3:$E$12,3) -> أ+ | AQ3: =AO3*AM3 -> 10 | AR3: 2 | AS3: 100 | AT3: =VLOOKUP(AS3,المرجع!$B$3:$C$12,2) -> 5 | AU3: =VLOOKUP(AT3,المرجع!$C$3:$E$12,3) -> أ+ | AV3: =AT3*AR3 -> 10 | AW3: 2 | AX3: 94 | AY3: =VLOOKUP(AX3,المرجع!$B$3:$C$12,2) -> 4.75 | AZ3: =VLOOKUP(AY3,المرجع!$C$3:$E$12,3) -> أ | BA3: =AY3*AW3 -> 9.5 | BB3: =BA3+AV3+AQ3+AL3+AG3+AB3+W3+R3+M3+H3 -> 112.75 | BC3: =AW3+AR3+AM3+AH3+AC3+X3+S3+N3+I3+D3 -> 23 | BD3: =BB3/BC3 -> 4.9021739 | BE3: =(BB3+'المستوى الثالث ح'!BB3+'المستوى الثاني 2023'!BB3+'المستوى الأول 2022'!BL3)/92 -> 4.5706522 | BF3: =VLOOKUP(BD3,المرجع!$D$3:$F$12,3) -> ممتاز مرتفع | BG3: =RANK(BD3,$BD$3:$BD$75) -> 1
B4: 2023035 | C4: بنت موسى سماري | D4: 1 | E4: 95 | F4: =VLOOKUP(E4,المرجع!$B$3:$C$12,2) -> 5 | G4: =VLOOKUP(F4,المرجع!$D$3:$E$12,2) -> أ+ | H4: =F4*D4 -> 5 | I4: 3 | J4: 93 | K4: =VLOOKUP(J4,المرجع!$B$3:$C$12,2) -> 4.75 | L4: =VLOOKUP(K4,المرجع!$C$3:$E$12,3) -> أ | M4: =K4*I4 -> 14.25 | N4: 3 | O4: 93 | P4: =VLOOKUP(O4,المرجع!$B$3:$C$12,2) -> 4.75 | Q4: =VLOOKUP(P4,المرجع!$C$3:$E$12,3) -> أ | R4: =P4*N4 -> 14.25 | S4: 3 | T4: 100 | U4: =VLOOKUP(T4,المرجع!$B$3:$C$12,2) -> 5 | V4: =VLOOKUP(U4,المرجع!$C$3:$E$12,3) -> أ+ | W4: =U4*S4 -> 15 | X4: 3 | Y4: 100 | Z4: =VLOOKUP(Y4,المرجع!$B$3:$C$12,2) -> 5 | AA4: =VLOOKUP(Z4,المرجع!$C$3:$E$12,3) -> أ+ | AB4: =Z4*X4 -> 15 | AC4: 2 | AD4: 88 | AE4: =VLOOKUP(AD4,المرجع!$B$3:$C$12,2) -> 4.5 | AF4: =VLOOKUP(AE4,المرجع!$C$3:$E$12,3) -> ب+ | AG4: =AE4*AC4 -> 9 | AH4: 2 | AI4: 99 | AJ4: =VLOOKUP(AI4,المرجع!$B$3:$C$12,2) -> 5 | AK4: =VLOOKUP(AJ4,المرجع!$C$3:$E$12,3) -> أ+ | AL4: =AJ4*AH4 -> 10 | AM4: 2 | AN4: 100 | AO4: =VLOOKUP(AN4,المرجع!$B$3:$C$12,2) -> 5 | AP4: =VLOOKUP(AO4,المرجع!$C$3:$E$12,3) -> أ+ | AQ4: =AO4*AM4 -> 10 | AR4: 2 | AS4: 100 | AT4: =VLOOKUP(AS4,المرجع!$B$3:$C$12,2) -> 5 | AU4: =VLOOKUP(AT4,المرجع!$C$3:$E$12,3) -> أ+ | AV4: =AT4*AR4 -> 10 | AW4: 2 | AX4: 94 | AY4: =VLOOKUP(AX4,المرجع!$B$3:$C$12,2) -> 4.75 | AZ4: =VLOOKUP(AY4,المرجع!$C$3:$E$12,3) -> أ | BA4: =AY4*AW4 -> 9.5 | BB4: =BA4+AV4+AQ4+AL4+AG4+AB4+W4+R4+M4+H4 -> 112 | BC4: =AW4+AR4+AM4+AH4+AC4+X4+S4+N4+I4+D4 -> 23 | BD4: =BB4/BC4 -> 4.8695652 | BE4: =(BB4+'المستوى الثالث ح'!BB4+'المستوى الثاني 2023'!BB4+'المستوى الأول 2022'!BL4)/92 -> 4.5217391 | BF4: =VLOOKUP(BD4,المرجع!$D$3:$F$12,3) -> ممتاز مرتفع | BG4: =RANK(BD4,$BD$3:$BD$75) -> 2
B5: 2023023 | C5: أمي بابا جاورا | D5: 1 | E5: 85 | F5: =VLOOKUP(E5,المرجع!$B$3:$C$12,2) -> 4.5 | G5: =VLOOKUP(F5,المرجع!$D$3:$E$12,2) -> ب+ | H5: =F5*D5 -> 4.5 | I5: 3 | J5: 100 | K5: =VLOOKUP(J5,المرجع!$B$3:$C$12,2) -> 5 | L5: =VLOOKUP(K5,المرجع!$C$3:$E$12,3) -> أ+ | M5: =K5*I5 -> 15 | N5: 3 | O5: 100 | P5: =VLOOKUP(O5,المرجع!$B$3:$C$12,2) -> 5 | Q5: =VLOOKUP(P5,المرجع!$C$3:$E$12,3) -> أ+ | R5: =P5*N5 -> 15 | S5: 3 | T5: 100 | U5: =VLOOKUP(T5,المرجع!$B$3:$C$12,2) -> 5 | V5: =VLOOKUP(U5,المرجع!$C$3:$E$12,3) -> أ+ | W5: =U5*S5 -> 15 | X5: 3 | Y5: 100 | Z5: =VLOOKUP(Y5,المرجع!$B$3:$C$12,2) -> 5 | AA5: =VLOOKUP(Z5,المرجع!$C$3:$E$12,3) -> أ+ | AB5: =Z5*X5 -> 15 | AC5: 2 | AD5: 84 | AE5: =VLOOKUP(AD5,المرجع!$B$3:$C$12,2) -> 4 | AF5: =VLOOKUP(AE5,المرجع!$C$3:$E$12,3) -> ب | AG5: =AE5*AC5 -> 8 | AH5: 2 | AI5: 99 | AJ5: =VLOOKUP(AI5,المرجع!$B$3:$C$12,2) -> 5 | AK5: =VLOOKUP(AJ5,المرجع!$C$3:$E$12,3) -> أ+ | AL5: =AJ5*AH5 -> 10 | AM5: 2 | AN5: 95 | AO5: =VLOOKUP(AN5,المرجع!$B$3:$C$12,2) -> 5 | AP5: =VLOOKUP(AO5,المرجع!$C$3:$E$12,3) -> أ+ | AQ5: =AO5*AM5 -> 10 | AR5: 2 | AS5: 100 | AT5: =VLOOKUP(AS5,المرجع!$B$3:$C$12,2) -> 5 | AU5: =VLOOKUP(AT5,المرجع!$C$3:$E$12,3) -> أ+ | AV5: =AT5*AR5 -> 10 | AW5: 2 | AX5: 92 | AY5: =VLOOKUP(AX5,المرجع!$B$3:$C$12,2) -> 4.75 | AZ5: =VLOOKUP(AY5,المرجع!$C$3:$E$12,3) -> أ | BA5: =AY5*AW5 -> 9.5 | BB5: =BA5+AV5+AQ5+AL5+AG5+AB5+W5+R5+M5+H5 -> 112 | BC5: =AW5+AR5+AM5+AH5+AC5+X5+S5+N5+I5+D5 -> 23 | BD5: =BB5/BC5 -> 4.8695652 | BE5: =(BB5+'المستوى الثالث ح'!BB5+'المستوى الثاني 2023'!BB5+'المستوى الأول 2022'!BL5)/92 -> 4.4619565 | BF5: =VLOOKUP(BD5,المرجع!$D$3:$F$12,3) -> ممتاز مرتفع | BG5: =RANK(BD5,$BD$3:$BD$75) -> 2
B6: 2023041 | C6: زينب شيخ أحمد تيجان بلدي | D6: 1 | E6: 96 | F6: =VLOOKUP(E6,المرجع!$B$3:$C$12,2) -> 5 | G6: =VLOOKUP(F6,المرجع!$D$3:$E$12,2) -> أ+ | H6: =F6*D6 -> 5 | I6: 3 | J6: 95 | K6: =VLOOKUP(J6,المرجع!$B$3:$C$12,2) -> 5 | L6: =VLOOKUP(K6,المرجع!$C$3:$E$12,3) -> أ+ | M6: =K6*I6 -> 15 | N6: 3 | O6: 96 | P6: =VLOOKUP(O6,المرجع!$B$3:$C$12,2) -> 5 | Q6: =VLOOKUP(P6,المرجع!$C$3:$E$12,3) -> أ+ | R6: =P6*N6 -> 15 | S6: 3 | T6: 100 | U6: =VLOOKUP(T6,المرجع!$B$3:$C$12,2) -> 5 | V6: =VLOOKUP(U6,المرجع!$C$3:$E$12,3) -> أ+ | W6: =U6*S6 -> 15 | X6: 3 | Y6: 100 | Z6: =VLOOKUP(Y6,المرجع!$B$3:$C$12,2) -> 5 | AA6: =VLOOKUP(Z6,المرجع!$C$3:$E$12,3) -> أ+ | AB6: =Z6*X6 -> 15 | AC6: 2 | AD6: 91 | AE6: =VLOOKUP(AD6,المرجع!$B$3:$C$12,2) -> 4.75 | AF6: =VLOOKUP(AE6,المرجع!$C$3:$E$12,3) -> أ | AG6: =AE6*AC6 -> 9.5 | AH6: 2 | AI6: 97 | AJ6: =VLOOKUP(AI6,المرجع!$B$3:$C$12,2) -> 5 | AK6: =VLOOKUP(AJ6,المرجع!$C$3:$E$12,3) -> أ+ | AL6: =AJ6*AH6 -> 10 | AM6: 2 | AN6: 95 | AO6: =VLOOKUP(AN6,المرجع!$B$3:$C$12,2) -> 5 | AP6: =VLOOKUP(AO6,المرجع!$C$3:$E$12,3) -> أ+ | AQ6: =AO6*AM6 -> 10 | AR6: 2 | AS6: 100 | AT6: =VLOOKUP(AS6,المرجع!$B$3:$C$12,2) -> 5 | AU6: =VLOOKUP(AT6,المرجع!$C$3:$E$12,3) -> أ+ | AV6: =AT6*AR6 -> 10 | AW6: 2 | AX6: 77 | AY6: =VLOOKUP(AX6,المرجع!$B$3:$C$12,2) -> 3.5 | AZ6: =VLOOKUP(AY6,المرجع!$C$3:$E$12,3) -> ج+ | BA6: =AY6*AW6 -> 7 | BB6: =BA6+AV6+AQ6+AL6+AG6+AB6+W6+R6+M6+H6 -> 111.5 | BC6: =AW6+AR6+AM6+AH6+AC6+X6+S6+N6+I6+D6 -> 23 | BD6: =BB6/BC6 -> 4.8478261 | BE6: =(BB6+'المستوى الثالث ح'!BB6+'المستوى الثاني 2023'!BB6+'المستوى الأول 2022'!BL6)/92 -> 4.5217391 | BF6: =VLOOKUP(BD6,المرجع!$D$3:$F$12,3) -> ممتاز مرتفع | BG6: =RANK(BD6,$BD$3:$BD$75) -> 4
B7: 2023053 | C7: عاتقة قطر أنيبل غلمسين | D7: 1 | E7: 90 | F7: =VLOOKUP(E7,المرجع!$B$3:$C$12,2) -> 4.75 | G7: =VLOOKUP(F7,المرجع!$D$3:$E$12,2) -> أ | H7: =F7*D7 -> 4.75 | I7: 3 | J7: 100 | K7: =VLOOKUP(J7,المرجع!$B$3:$C$12,2) -> 5 | L7: =VLOOKUP(K7,المرجع!$C$3:$E$12,3) -> أ+ | M7: =K7*I7 -> 15 | N7: 3 | O7: 78 | P7: =VLOOKUP(O7,المرجع!$B$3:$C$12,2) -> 3.5 | Q7: =VLOOKUP(P7,المرجع!$C$3:$E$12,3) -> ج+ | R7: =P7*N7 -> 10.5 | S7: 3 | T7: 100 | U7: =VLOOKUP(T7,المرجع!$B$3:$C$12,2) -> 5 | V7: =VLOOKUP(U7,المرجع!$C$3:$E$12,3) -> أ+ | W7: =U7*S7 -> 15 | X7: 3 | Y7: 100 | Z7: =VLOOKUP(Y7,المرجع!$B$3:$C$12,2) -> 5 | AA7: =VLOOKUP(Z7,المرجع!$C$3:$E$12,3) -> أ+ | AB7: =Z7*X7 -> 15 | AC7: 2 | AD7: 99 | AE7: =VLOOKUP(AD7,المرجع!$B$3:$C$12,2) -> 5 | AF7: =VLOOKUP(AE7,المرجع!$C$3:$E$12,3) -> أ+ | AG7: =AE7*AC7 -> 10 | AH7: 2 | AI7: 98 | AJ7: =VLOOKUP(AI7,المرجع!$B$3:$C$12,2) -> 5 | AK7: =VLOOKUP(AJ7,المرجع!$C$3:$E$12,3) -> أ+ | AL7: =AJ7*AH7 -> 10 | AM7: 2 | AN7: 92 | AO7: =VLOOKUP(AN7,المرجع!$B$3:$C$12,2) -> 4.75 | AP7: =VLOOKUP(AO7,المرجع!$C$3:$E$12,3) -> أ | AQ7: =AO7*AM7 -> 9.5 | AR7: 2 | AS7: 95 | AT7: =VLOOKUP(AS7,المرجع!$B$3:$C$12,2) -> 5 | AU7: =VLOOKUP(AT7,المرجع!$C$3:$E$12,3) -> أ+ | AV7: =AT7*AR7 -> 10 | AW7: 2 | AX7: 89 | AY7: =VLOOKUP(AX7,المرجع!$B$3:$C$12,2) -> 4.5 | AZ7: =VLOOKUP(AY7,المرجع!$C$3:$E$12,3) -> ب+ | BA7: =AY7*AW7 -> 9 | BB7: =BA7+AV7+AQ7+AL7+AG7+AB7+W7+R7+M7+H7 -> 108.75 | BC7: =AW7+AR7+AM7+AH7+AC7+X7+S7+N7+I7+D7 -> 23 | BD7: =BB7/BC7 -> 4.7282609 | BE7: =(BB7+'المستوى الثالث ح'!BB7+'المستوى الثاني 2023'!BB7+'المستوى الأول 2022'!BL7)/92 -> 4.3532609 | BF7: =VLOOKUP(BD7,المرجع!$D$3:$F$12,3) -> ممتاز | BG7: =RANK(BD7,$BD$3:$BD$75) -> 5
B8: 2023097 | C8: محمد بن سمبر دكوري | D8: 1 | E8: 98 | F8: =VLOOKUP(E8,المرجع!$B$3:$C$12,2) -> 5 | G8: =VLOOKUP(F8,المرجع!$D$3:$E$12,2) -> أ+ | H8: =F8*D8 -> 5 | I8: 3 | J8: 100 | K8: =VLOOKUP(J8,المرجع!$B$3:$C$12,2) -> 5 | L8: =VLOOKUP(K8,المرجع!$C$3:$E$12,3) -> أ+ | M8: =K8*I8 -> 15 | N8: 3 | O8: 96 | P8: =VLOOKUP(O8,المرجع!$B$3:$C$12,2) -> 5 | Q8: =VLOOKUP(P8,المرجع!$C$3:$E$12,3) -> أ+ | R8: =P8*N8 -> 15 | S8: 3 | T8: 100 | U8: =VLOOKUP(T8,المرجع!$B$3:$C$12,2) -> 5 | V8: =VLOOKUP(U8,المرجع!$C$3:$E$12,3) -> أ+ | W8: =U8*S8 -> 15 | X8: 3 | Y8: 100 | Z8: =VLOOKUP(Y8,المرجع!$B$3:$C$12,2) -> 5 | AA8: =VLOOKUP(Z8,المرجع!$C$3:$E$12,3) -> أ+ | AB8: =Z8*X8 -> 15 | AC8: 2 | AD8: 100 | AE8: =VLOOKUP(AD8,المرجع!$B$3:$C$12,2) -> 5 | AF8: =VLOOKUP(AE8,المرجع!$C$3:$E$12,3) -> أ+ | AG8: =AE8*AC8 -> 10 | AH8: 2 | AI8: 100 | AJ8: =VLOOKUP(AI8,المرجع!$B$3:$C$12,2) -> 5 | AK8: =VLOOKUP(AJ8,المرجع!$C$3:$E$12,3) -> أ+ | AL8: =AJ8*AH8 -> 10 | AM8: 2 | AN8: 100 | AO8: =VLOOKUP(AN8,المرجع!$B$3:$C$12,2) -> 5 | AP8: =VLOOKUP(AO8,المرجع!$C$3:$E$12,3) -> أ+ | AQ8: =AO8*AM8 -> 10 | AR8: 2 | AS8: 94 | AT8: =VLOOKUP(AS8,المرجع!$B$3:$C$12,2) -> 4.75 | AU8: =VLOOKUP(AT8,المرجع!$C$3:$E$12,3) -> أ | AV8: =AT8*AR8 -> 9.5 | AW8: 2 | AX8: 55 | AY8: =VLOOKUP(AX8,المرجع!$B$3:$C$12,2) -> 2 | AZ8: =VLOOKUP(AY8,المرجع!$C$3:$E$12,3) -> د | BA8: =AY8*AW8 -> 4 | BB8: =BA8+AV8+AQ8+AL8+AG8+AB8+W8+R8+M8+H8 -> 108.5 | BC8: =AW8+AR8+AM8+AH8+AC8+X8+S8+N8+I8+D8 -> 23 | BD8: =BB8/BC8 -> 4.7173913 | BE8: =(BB8+'المستوى الثالث ح'!BB8+'المستوى الثاني 2023'!BB8+'المستوى الأول 2022'!BL8)/92 -> 4.263587 | BF8: =VLOOKUP(BD8,المرجع!$D$3:$F$12,3) -> ممتاز | BG8: =RANK(BD8,$BD$3:$BD$75) -> 6
B9: 2023113 | C9: يوسف ديالو | D9: 1 | E9: 98 | F9: =VLOOKUP(E9,المرجع!$B$3:$C$12,2) -> 5 | G9: =VLOOKUP(F9,المرجع!$D$3:$E$12,2) -> أ+ | H9: =F9*D9 -> 5 | I9: 3 | J9: 100 | K9: =VLOOKUP(J9,المرجع!$B$3:$C$12,2) -> 5 | L9: =VLOOKUP(K9,المرجع!$C$3:$E$12,3) -> أ+ | M9: =K9*I9 -> 15 | N9: 3 | O9: 94 | P9: =VLOOKUP(O9,المرجع!$B$3:$C$12,2) -> 4.75 | Q9: =VLOOKUP(P9,المرجع!$C$3:$E$12,3) -> أ | R9: =P9*N9 -> 14.25 | S9: 3 | T9: 100 | U9: =VLOOKUP(T9,المرجع!$B$3:$C$12,2) -> 5 | V9: =VLOOKUP(U9,المرجع!$C$3:$E$12,3) -> أ+ | W9: =U9*S9 -> 15 | X9: 3 | Y9: 100 | Z9: =VLOOKUP(Y9,المرجع!$B$3:$C$12,2) -> 5 | AA9: =VLOOKUP(Z9,المرجع!$C$3:$E$12,3) -> أ+ | AB9: =Z9*X9 -> 15 | AC9: 2 | AD9: 97 | AE9: =VLOOKUP(AD9,المرجع!$B$3:$C$12,2) -> 5 | AF9: =VLOOKUP(AE9,المرجع!$C$3:$E$12,3) -> أ+ | AG9: =AE9*AC9 -> 10 | AH9: 2 | AI9: 97 | AJ9: =VLOOKUP(AI9,المرجع!$B$3:$C$12,2) -> 5 | AK9: =VLOOKUP(AJ9,المرجع!$C$3:$E$12,3) -> أ+ | AL9: =AJ9*AH9 -> 10 | AM9: 2 | AN9: 93 | AO9: =VLOOKUP(AN9,المرجع!$B$3:$C$12,2) -> 4.75 | AP9: =VLOOKUP(AO9,المرجع!$C$3:$E$12,3) -> أ | AQ9: =AO9*AM9 -> 9.5 | AR9: 2 | AS9: 86 | AT9: =VLOOKUP(AS9,المرجع!$B$3:$C$12,2) -> 4.5 | AU9: =VLOOKUP(AT9,المرجع!$C$3:$E$12,3) -> ب+ | AV9: =AT9*AR9 -> 9 | AW9: 2 | AX9: 67 | AY9: =VLOOKUP(AX9,المرجع!$B$3:$C$12,2) -> 2.5 | AZ9: =VLOOKUP(AY9,المرجع!$C$3:$E$12,3) -> د+ | BA9: =AY9*AW9 -> 5 | BB9: =BA9+AV9+AQ9+AL9+AG9+AB9+W9+R9+M9+H9 -> 107.75 | BC9: =AW9+AR9+AM9+AH9+AC9+X9+S9+N9+I9+D9 -> 23 | BD9: =BB9/BC9 -> 4.6847826 | BE9: =(BB9+'المستوى الثالث ح'!BB9+'المستوى الثاني 2023'!BB9+'المستوى الأول 2022'!BL9)/92 -> 4.2282609 | BF9: =VLOOKUP(BD9,المرجع!$D$3:$F$12,3) -> ممتاز | BG9: =RANK(BD9,$BD$3:$BD$75) -> 7
B10: 2023110 | C10: يحيى محمد سيسي | D10: 1 | E10: 97 | F10: =VLOOKUP(E10,المرجع!$B$3:$C$12,2) -> 5 | G10: =VLOOKUP(F10,المرجع!$D$3:$E$12,2) -> أ+ | H10: =F10*D10 -> 5 | I10: 3 | J10: 93 | K10: =VLOOKUP(J10,المرجع!$B$3:$C$12,2) -> 4.75 | L10: =VLOOKUP(K10,المرجع!$C$3:$E$12,3) -> أ | M10: =K10*I10 -> 14.25 | N10: 3 | O10: 84 | P10: =VLOOKUP(O10,المرجع!$B$3:$C$12,2) -> 4 | Q10: =VLOOKUP(P10,المرجع!$C$3:$E$12,3) -> ب | R10: =P10*N10 -> 12 | S10: 3 | T10: 90 | U10: =VLOOKUP(T10,المرجع!$B$3:$C$12,2) -> 4.75 | V10: =VLOOKUP(U10,المرجع!$C$3:$E$12,3) -> أ | W10: =U10*S10 -> 14.25 | X10: 3 | Y10: 100 | Z10: =VLOOKUP(Y10,المرجع!$B$3:$C$12,2) -> 5 | AA10: =VLOOKUP(Z10,المرجع!$C$3:$E$12,3) -> أ+ | AB10: =Z10*X10 -> 15 | AC10: 2 | AD10: 92 | AE10: =VLOOKUP(AD10,المرجع!$B$3:$C$12,2) -> 4.75 | AF10: =VLOOKUP(AE10,المرجع!$C$3:$E$12,3) -> أ | AG10: =AE10*AC10 -> 9.5 | AH10: 2 | AI10: 94 | AJ10: =VLOOKUP(AI10,المرجع!$B$3:$C$12,2) -> 4.75 | AK10: =VLOOKUP(AJ10,المرجع!$C$3:$E$12,3) -> أ | AL10: =AJ10*AH10 -> 9.5 | AM10: 2 | AN10: 80 | AO10: =VLOOKUP(AN10,المرجع!$B$3:$C$12,2) -> 4 | AP10: =VLOOKUP(AO10,المرجع!$C$3:$E$12,3) -> ب | AQ10: =AO10*AM10 -> 8 | AR10: 2 | AS10: 96 | AT10: =VLOOKUP(AS10,المرجع!$B$3:$C$12,2) -> 5 | AU10: =VLOOKUP(AT10,المرجع!$C$3:$E$12,3) -> أ+ | AV10: =AT10*AR10 -> 10 | AW10: 2 | AX10: 96 | AY10: =VLOOKUP(AX10,المرجع!$B$3:$C$12,2) -> 5 | AZ10: =VLOOKUP(AY10,المرجع!$C$3:$E$12,3) -> أ+ | BA10: =AY10*AW10 -> 10 | BB10: =BA10+AV10+AQ10+AL10+AG10+AB10+W10+R10+M10+H10 -> 107.5 | BC10: =AW10+AR10+AM10+AH10+AC10+X10+S10+N10+I10+D10 -> 23 | BD10: =BB10/BC10 -> 4.673913 | BE10: =(BB10+'المستوى الثالث ح'!BB10+'المستوى الثاني 2023'!BB10+'المستوى الأول 2022'!BL10)/92 -> 4.2228261 | BF10: =VLOOKUP(BD10,المرجع!$D$3:$F$12,3) -> ممتاز | BG10: =RANK(BD10,$BD$3:$BD$75) -> 8
B11: 2023069 | C11: عثمان محمد تنكارا | D11: 1 | E11: 89 | F11: =VLOOKUP(E11,المرجع!$B$3:$C$12,2) -> 4.5 | G11: =VLOOKUP(F11,المرجع!$D$3:$E$12,2) -> ب+ | H11: =F11*D11 -> 4.5 | I11: 3 | J11: 100 | K11: =VLOOKUP(J11,المرجع!$B$3:$C$12,2) -> 5 | L11: =VLOOKUP(K11,المرجع!$C$3:$E$12,3) -> أ+ | M11: =K11*I11 -> 15 | N11: 3 | O11: 82 | P11: =VLOOKUP(O11,المرجع!$B$3:$C$12,2) -> 4 | Q11: =VLOOKUP(P11,المرجع!$C$3:$E$12,3) -> ب | R11: =P11*N11 -> 12 | S11: 3 | T11: 99 | U11: =VLOOKUP(T11,المرجع!$B$3:$C$12,2) -> 5 | V11: =VLOOKUP(U11,المرجع!$C$3:$E$12,3) -> أ+ | W11: =U11*S11 -> 15 | X11: 3 | Y11: 100 | Z11: =VLOOKUP(Y11,المرجع!$B$3:$C$12,2) -> 5 | AA11: =VLOOKUP(Z11,المرجع!$C$3:$E$12,3) -> أ+ | AB11: =Z11*X11 -> 15 | AC11: 2 | AD11: 100 | AE11: =VLOOKUP(AD11,المرجع!$B$3:$C$12,2) -> 5 | AF11: =VLOOKUP(AE11,المرجع!$C$3:$E$12,3) -> أ+ | AG11: =AE11*AC11 -> 10 | AH11: 2 | AI11: 98 | AJ11: =VLOOKUP(AI11,المرجع!$B$3:$C$12,2) -> 5 | AK11: =VLOOKUP(AJ11,المرجع!$C$3:$E$12,3) -> أ+ | AL11: =AJ11*AH11 -> 10 | AM11: 2 | AN11: 93 | AO11: =VLOOKUP(AN11,المرجع!$B$3:$C$12,2) -> 4.75 | AP11: =VLOOKUP(AO11,المرجع!$C$3:$E$12,3) -> أ | AQ11: =AO11*AM11 -> 9.5 | AR11: 2 | AS11: 86 | AT11: =VLOOKUP(AS11,المرجع!$B$3:$C$12,2) -> 4.5 | AU11: =VLOOKUP(AT11,المرجع!$C$3:$E$12,3) -> ب+ | AV11: =AT11*AR11 -> 9 | AW11: 2 | AX11: 79 | AY11: =VLOOKUP(AX11,المرجع!$B$3:$C$12,2) -> 3.5 | AZ11: =VLOOKUP(AY11,المرجع!$C$3:$E$12,3) -> ج+ | BA11: =AY11*AW11 -> 7 | BB11: =BA11+AV11+AQ11+AL11+AG11+AB11+W11+R11+M11+H11 -> 107 | BC11: =AW11+AR11+AM11+AH11+AC11+X11+S11+N11+I11+D11 -> 23 | BD11: =BB11/BC11 -> 4.6521739 | BE11: =(BB11+'المستوى الثالث ح'!BB11+'المستوى الثاني 2023'!BB11+'المستوى الأول 2022'!BL11)/92 -> 4.1494565 | BF11: =VLOOKUP(BD11,المرجع!$D$3:$F$12,3) -> ممتاز | BG11: =RANK(BD11,$BD$3:$BD$75) -> 9
B12: 2023056 | C12: عبد الله أحمد كندي | D12: 1 | E12: 96 | F12: =VLOOKUP(E12,المرجع!$B$3:$C$12,2) -> 5 | G12: =VLOOKUP(F12,المرجع!$D$3:$E$12,2) -> أ+ | H12: =F12*D12 -> 5 | I12: 3 | J12: 100 | K12: =VLOOKUP(J12,المرجع!$B$3:$C$12,2) -> 5 | L12: =VLOOKUP(K12,المرجع!$C$3:$E$12,3) -> أ+ | M12: =K12*I12 -> 15 | N12: 3 | O12: 77 | P12: =VLOOKUP(O12,المرجع!$B$3:$C$12,2) -> 3.5 | Q12: =VLOOKUP(P12,المرجع!$C$3:$E$12,3) -> ج+ | R12: =P12*N12 -> 10.5 | S12: 3 | T12: 100 | U12: =VLOOKUP(T12,المرجع!$B$3:$C$12,2) -> 5 | V12: =VLOOKUP(U12,المرجع!$C$3:$E$12,3) -> أ+ | W12: =U12*S12 -> 15 | X12: 3 | Y12: 100 | Z12: =VLOOKUP(Y12,المرجع!$B$3:$C$12,2) -> 5 | AA12: =VLOOKUP(Z12,المرجع!$C$3:$E$12,3) -> أ+ | AB12: =Z12*X12 -> 15 | AC12: 2 | AD12: 82 | AE12: =VLOOKUP(AD12,المرجع!$B$3:$C$12,2) -> 4 | AF12: =VLOOKUP(AE12,المرجع!$C$3:$E$12,3) -> ب | AG12: =AE12*AC12 -> 8 | AH12: 2 | AI12: 95 | AJ12: =VLOOKUP(AI12,المرجع!$B$3:$C$12,2) -> 5 | AK12: =VLOOKUP(AJ12,المرجع!$C$3:$E$12,3) -> أ+ | AL12: =AJ12*AH12 -> 10 | AM12: 2 | AN12: 100 | AO12: =VLOOKUP(AN12,المرجع!$B$3:$C$12,2) -> 5 | AP12: =VLOOKUP(AO12,المرجع!$C$3:$E$12,3) -> أ+ | AQ12: =AO12*AM12 -> 10 | AR12: 2 | AS12: 97 | AT12: =VLOOKUP(AS12,المرجع!$B$3:$C$12,2) -> 5 | AU12: =VLOOKUP(AT12,المرجع!$C$3:$E$12,3) -> أ+ | AV12: =AT12*AR12 -> 10 | AW12: 2 | AX12: 83 | AY12: =VLOOKUP(AX12,المرجع!$B$3:$C$12,2) -> 4 | AZ12: =VLOOKUP(AY12,المرجع!$C$3:$E$12,3) -> ب | BA12: =AY12*AW12 -> 8 | BB12: =BA12+AV12+AQ12+AL12+AG12+AB12+W12+R12+M12+H12 -> 106.5 | BC12: =AW12+AR12+AM12+AH12+AC12+X12+S12+N12+I12+D12 -> 23 | BD12: =BB12/BC12 -> 4.6304348 | BE12: =(BB12+'المستوى الثالث ح'!BB12+'المستوى الثاني 2023'!BB12+'المستوى الأول 2022'!BL12)/92 -> 4.1820652 | BF12: =VLOOKUP(BD12,المرجع!$D$3:$F$12,3) -> ممتاز | BG12: =RANK(BD12,$BD$3:$BD$75) -> 10
B13: 2023045 | C13: سعيد خليل كربلي | D13: 1 | E13: 92 | F13: =VLOOKUP(E13,المرجع!$B$3:$C$12,2) -> 4.75 | G13: =VLOOKUP(F13,المرجع!$D$3:$E$12,2) -> أ | H13: =F13*D13 -> 4.75 | I13: 3 | J13: 100 | K13: =VLOOKUP(J13,المرجع!$B$3:$C$12,2) -> 5 | L13: =VLOOKUP(K13,المرجع!$C$3:$E$12,3) -> أ+ | M13: =K13*I13 -> 15 | N13: 3 | O13: 83 | P13: =VLOOKUP(O13,المرجع!$B$3:$C$12,2) -> 4 | Q13: =VLOOKUP(P13,المرجع!$C$3:$E$12,3) -> ب | R13: =P13*N13 -> 12 | S13: 3 | T13: 100 | U13: =VLOOKUP(T13,المرجع!$B$3:$C$12,2) -> 5 | V13: =VLOOKUP(U13,المرجع!$C$3:$E$12,3) -> أ+ | W13: =U13*S13 -> 15 | X13: 3 | Y13: 99 | Z13: =VLOOKUP(Y13,المرجع!$B$3:$C$12,2) -> 5 | AA13: =VLOOKUP(Z13,المرجع!$C$3:$E$12,3) -> أ+ | AB13: =Z13*X13 -> 15 | AC13: 2 | AD13: 79 | AE13: =VLOOKUP(AD13,المرجع!$B$3:$C$12,2) -> 3.5 | AF13: =VLOOKUP(AE13,المرجع!$C$3:$E$12,3) -> ج+ | AG13: =AE13*AC13 -> 7 | AH13: 2 | AI13: 94 | AJ13: =VLOOKUP(AI13,المرجع!$B$3:$C$12,2) -> 4.75 | AK13: =VLOOKUP(AJ13,المرجع!$C$3:$E$12,3) -> أ | AL13: =AJ13*AH13 -> 9.5 | AM13: 2 | AN13: 91 | AO13: =VLOOKUP(AN13,المرجع!$B$3:$C$12,2) -> 4.75 | AP13: =VLOOKUP(AO13,المرجع!$C$3:$E$12,3) -> أ | AQ13: =AO13*AM13 -> 9.5 | AR13: 2 | AS13: 89 | AT13: =VLOOKUP(AS13,المرجع!$B$3:$C$12,2) -> 4.5 | AU13: =VLOOKUP(AT13,المرجع!$C$3:$E$12,3) -> ب+ | AV13: =AT13*AR13 -> 9 | AW13: 2 | AX13: 91 | AY13: =VLOOKUP(AX13,المرجع!$B$3:$C$12,2) -> 4.75 | AZ13: =VLOOKUP(AY13,المرجع!$C$3:$E$12,3) -> أ | BA13: =AY13*AW13 -> 9.5 | BB13: =BA13+AV13+AQ13+AL13+AG13+AB13+W13+R13+M13+H13 -> 106.25 | BC13: =AW13+AR13+AM13+AH13+AC13+X13+S13+N13+I13+D13 -> 23 | BD13: =BB13/BC13 -> 4.6195652 | BE13: =(BB13+'المستوى الثالث ح'!BB13+'المستوى الثاني 2023'!BB13+'المستوى الأول 2022'!BL13)/92 -> 4.1331522 | BF13: =VLOOKUP(BD13,المرجع!$D$3:$F$12,3) -> ممتاز | BG13: =RANK(BD13,$BD$3:$BD$75) -> 11
B14: 2023001 | C14: جميل براون | D14: 1 | E14: 93 | F14: =VLOOKUP(E14,المرجع!$B$3:$C$12,2) -> 4.75 | G14: =VLOOKUP(F14,المرجع!$D$3:$E$12,2) -> أ | H14: =F14*D14 -> 4.75 | I14: 3 | J14: 100 | K14: =VLOOKUP(J14,المرجع!$B$3:$C$12,2) -> 5 | L14: =VLOOKUP(K14,المرجع!$C$3:$E$12,3) -> أ+ | M14: =K14*I14 -> 15 | N14: 3 | O14: 72 | P14: =VLOOKUP(O14,المرجع!$B$3:$C$12,2) -> 3 | Q14: =VLOOKUP(P14,المرجع!$C$3:$E$12,3) -> ج | R14: =P14*N14 -> 9 | S14: 3 | T14: 98 | U14: =VLOOKUP(T14,المرجع!$B$3:$C$12,2) -> 5 | V14: =VLOOKUP(U14,المرجع!$C$3:$E$12,3) -> أ+ | W14: =U14*S14 -> 15 | X14: 3 | Y14: 100 | Z14: =VLOOKUP(Y14,المرجع!$B$3:$C$12,2) -> 5 | AA14: =VLOOKUP(Z14,المرجع!$C$3:$E$12,3) -> أ+ | AB14: =Z14*X14 -> 15 | AC14: 2 | AD14: 80 | AE14: =VLOOKUP(AD14,المرجع!$B$3:$C$12,2) -> 4 | AF14: =VLOOKUP(AE14,المرجع!$C$3:$E$12,3) -> ب | AG14: =AE14*AC14 -> 8 | AH14: 2 | AI14: 95 | AJ14: =VLOOKUP(AI14,المرجع!$B$3:$C$12,2) -> 5 | AK14: =VLOOKUP(AJ14,المرجع!$C$3:$E$12,3) -> أ+ | AL14: =AJ14*AH14 -> 10 | AM14: 2 | AN14: 98 | AO14: =VLOOKUP(AN14,المرجع!$B$3:$C$12,2) -> 5 | AP14: =VLOOKUP(AO14,المرجع!$C$3:$E$12,3) -> أ+ | AQ14: =AO14*AM14 -> 10 | AR14: 2 | AS14: 87 | AT14: =VLOOKUP(AS14,المرجع!$B$3:$C$12,2) -> 4.5 | AU14: =VLOOKUP(AT14,المرجع!$C$3:$E$12,3) -> ب+ | AV14: =AT14*AR14 -> 9 | AW14: 2 | AX14: 96 | AY14: =VLOOKUP(AX14,المرجع!$B$3:$C$12,2) -> 5 | AZ14: =VLOOKUP(AY14,المرجع!$C$3:$E$12,3) -> أ+ | BA14: =AY14*AW14 -> 10 | BB14: =BA14+AV14+AQ14+AL14+AG14+AB14+W14+R14+M14+H14 -> 105.75 | BC14: =AW14+AR14+AM14+AH14+AC14+X14+S14+N14+I14+D14 -> 23 | BD14: =BB14/BC14 -> 4.5978261 | BE14: =(BB14+'المستوى الثالث ح'!BB14+'المستوى الثاني 2023'!BB14+'المستوى الأول 2022'!BL14)/92 -> 4.1358696 | BF14: =VLOOKUP(BD14,المرجع!$D$3:$F$12,3) -> جيد جد مرتفع | BG14: =RANK(BD14,$BD$3:$BD$75) -> 12
... B75: 2023003 | C75: الأمين جيري جاتا | D75: 1 | E75: 41 | F75: =VLOOKUP(E75,المرجع!$B$3:$C$12,2) -> 0 | G75: =VLOOKUP(F75,المرجع!$D$3:$E$12,2) -> ه | H75: =F75*D75 -> 0 | I75: 3 | J75: 45 | K75: =VLOOKUP(J75,المرجع!$B$3:$C$12,2) -> 0 | L75: =VLOOKUP(K75,المرجع!$C$3:$E$12,3) -> ه | M75: =K75*I75 -> 0 | N75: 3 | O75: 4 | P75: =VLOOKUP(O75,المرجع!$B$3:$C$12,2) -> 0 | Q75: =VLOOKUP(P75,المرجع!$C$3:$E$12,3) -> ه | R75: =P75*N75 -> 0 | S75: 3 | T75: 10 | U75: =VLOOKUP(T75,المرجع!$B$3:$C$12,2) -> 0 | V75: =VLOOKUP(U75,المرجع!$C$3:$E$12,3) -> ه | W75: =U75*S75 -> 0 | X75: 3 | Y75: 0 | Z75: =VLOOKUP(Y75,المرجع!$B$3:$C$12,2) -> 0 | AA75: =VLOOKUP(Z75,المرجع!$C$3:$E$12,3) -> ه | AB75: =Z75*X75 -> 0 | AC75: 2 | AD75: 51 | AE75: =VLOOKUP(AD75,المرجع!$B$3:$C$12,2) -> 2 | AF75: =VLOOKUP(AE75,المرجع!$C$3:$E$12,3) -> د | AG75: =AE75*AC75 -> 4 | AH75: 2 | AI75: 42 | AJ75: =VLOOKUP(AI75,المرجع!$B$3:$C$12,2) -> 0 | AK75: =VLOOKUP(AJ75,المرجع!$C$3:$E$12,3) -> ه | AL75: =AJ75*AH75 -> 0 | AM75: 2 | AN75: 46 | AO75: =VLOOKUP(AN75,المرجع!$B$3:$C$12,2) -> 0 | AP75: =VLOOKUP(AO75,المرجع!$C$3:$E$12,3) -> ه | AQ75: =AO75*AM75 -> 0 | AR75: 2 | AS75: 80 | AT75: =VLOOKUP(AS75,المرجع!$B$3:$C$12,2) -> 4 | AU75: =VLOOKUP(AT75,المرجع!$C$3:$E$12,3) -> ب | AV75: =AT75*AR75 -> 8 | AW75: 2 | AX75: 78 | AY75: =VLOOKUP(AX75,المرجع!$B$3:$C$12,2) -> 3.5 | AZ75: =VLOOKUP(AY75,المرجع!$C$3:$E$12,3) -> ج+ | BA75: =AY75*AW75 -> 7 | BB75: =BA75+AV75+AQ75+AL75+AG75+AB75+W75+R75+M75+H75 -> 19 | BC75: =AW75+AR75+AM75+AH75+AC75+X75+S75+N75+I75+D75 -> 23 | BD75: =BB75/BC75 -> 0.82608696 | BE75: =(BB75+'المستوى الثالث ح'!BB75+'المستوى الثاني 2023'!BB75+'المستوى الأول 2022'!BL75)/92 -> 1.7690217 | BF75: =VLOOKUP(BD75,المرجع!$D$3:$F$12,3) -> راسب | BG75: =RANK(BD75,$BD$3:$BD$75) -> 73

Sheet المستوى الخامس
A2: رقم الجامعي | B2: أسماء الطلبة | C2: الساعات (م ق) | D2: القرآن الكريم | E2: الوزن (م ق) | F2: الرمز (م ق) | G2: النقاط (م ق) | H2: الساعات( م ت) | I2: التوحيد 4 ( م ت) | J2: الوزن ( م ت) | K2: الرمز ( م ت) | L2: النقاط ( م ت) | M2: الساعات م حت) | N2: الحديث التحليلي | O2: الوزن( م ح ت) | P2: الرمز( م ح ت) | Q2: النقاط( م ح ت) | R2: الساعات (م ف) | S2: الفقه 4 | T2: الوزن (م ف) | U2: الرمز (م ف) | V2: النقاط (م ف) | W2: الساعات(م ك س) | X2: كتب السنة3 | Y2: الوزن( م ك س) | Z2: الرمز( م ك س) | AA2: النقاط(م ك س) | AB2: الساعات ( م ج ت) | AC2: الجرح والتعجيل2 | AD2: الوزن (م ج ت) | AE2: الرمز ( م ج ت) | AF2: النقاط ( م ج ت) | AG2: الساعات (م س) | AH2: السيرة النبوية | AI2: الوزن (م س) | AJ2: الرمز (م س) | AK2: النقاط (م س) | AL2: الساعات (م د ح) | AM2: الدعوة الحسبة | AN2: الوزن (م د ح) | AO2: الرمز(م د ح) | AP2: النقاط(م د ح) | AQ2: الساعات (م ح) | AR2: مصطلح الحديث 3 | AS2: الوزن (م ح) | AT2: الرمز (م ح) | AU2: النقاط (م ح) | AV2: الساعات (م ص) | AW2: الصرف | AX2: الوزن (م ص) | AY2: الرمز (م ص) | AZ2: النقاط (م ص) | BA2: الساعات (م ENG) | BB2: English(3) | BC2: الوزن (م ENG) | BD2: الرمز (م ENG) | BE2: النقاط (م ENG) | BF2: مجموع النقاط | BG2: مجموع الساعات | BH2: المعدل الفصلي | BI2: المعدل التراكمي | BJ2: التقدير | BK2: الترتيب
A3: 2023085 | B3: فاطمة صغرى محمد جابي | C3: 1 | D3: 90 | E3: =VLOOKUP(D3,المرجع!$B$4:$C$12,2) -> 4.75 | F3: =VLOOKUP(E3,المرجع!$D$4:$E$12,2) -> أ | G3: =E3*C3 -> 4.75 | H3: 2 | I3: 99 | J3: =VLOOKUP(I3,المرجع!$B$4:$C$12,2) -> 5 | K3: =VLOOKUP(J3,المرجع!$D$4:$E$12,2) -> أ+ | L3: =J3*H3 -> 10 | M3: 3 | N3: 100 | O3: =VLOOKUP(N3,المرجع!$B$4:$C$12,2) -> 5 | P3: =VLOOKUP(O3,المرجع!$D$4:$E$12,2) -> أ+ | Q3: =O3*M3 -> 15 | R3: 2 | S3: 100 | T3: =VLOOKUP(S3,المرجع!$B$4:$C$12,2) -> 5 | U3: =VLOOKUP(T3,المرجع!$D$4:$E$12,2) -> أ+ | V3: =T3*R3 -> 10 | W3: 2 | X3: 100 | Y3: =VLOOKUP(X3,المرجع!$B$4:$C$12,2) -> 5 | Z3: =VLOOKUP(Y3,المرجع!$D$4:$E$12,2) -> أ+ | AA3: =Y3*W3 -> 10 | AB3: 3 | AC3: 100 | AD3: =VLOOKUP(AC3,المرجع!$B$4:$C$12,2) -> 5 | AE3: =VLOOKUP(AD3,المرجع!$D$4:$E$12,2) -> أ+ | AF3: =AD3*AB3 -> 15 | AG3: 2 | AH3: 100 | AI3: =VLOOKUP(AH3,المرجع!$B$4:$C$12,2) -> 5 | AJ3: =VLOOKUP(AI3,المرجع!$D$4:$E$12,2) -> أ+ | AK3: =AI3*AG3 -> 10 | AL3: 2 | AM3: 94 | AN3: =VLOOKUP(AM3,المرجع!$B$4:$C$12,2) -> 4.75 | AO3: =VLOOKUP(AN3,المرجع!$D$4:$E$12,2) -> أ | AP3: =AN3*AL3 -> 9.5 | AQ3: 3 | AR3: 100 | AS3: =VLOOKUP(AR3,المرجع!$B$4:$C$12,2) -> 5 | AT3: =VLOOKUP(AS3,المرجع!$D$4:$E$12,2) -> أ+ | AU3: =AS3*AQ3 -> 15 | AV3: 2 | AW3: 85 | AX3: =VLOOKUP(AW3,المرجع!$B$4:$C$12,2) -> 4.5 | AY3: =VLOOKUP(AX3,المرجع!$D$4:$E$12,2) -> ب+ | AZ3: =AX3*AV3 -> 9 | BA3: 2 | BB3: 96 | BC3: =VLOOKUP(BB3,المرجع!$B$4:$C$12,2) -> 5 | BD3: =VLOOKUP(BC3,المرجع!$D$4:$E$12,2) -> أ+ | BE3: =BC3*BA3 -> 10 | BF3: 113.25 | BG3: =BA3+AV3+AQ3+AL3+AG3+AB3+W3+R3+M3+H3+C3 -> 24 | BH3: 4.92 | BI3: 4.68 | BJ3: ممتاز مرتفع | BK3: 1
A4: 2023035 | B4: بنت موسى سماري | C4: 1 | D4: 84 | E4: =VLOOKUP(D4,المرجع!$B$4:$C$12,2) -> 4 | F4: =VLOOKUP(E4,المرجع!$D$4:$E$12,2) -> ب | G4: =E4*C4 -> 4 | H4: 2 | I4: 95 | J4: =VLOOKUP(I4,المرجع!$B$4:$C$12,2) -> 5 | K4: =VLOOKUP(J4,المرجع!$D$4:$E$12,2) -> أ+ | L4: =J4*H4 -> 10 | M4: 3 | N4: 100 | O4: =VLOOKUP(N4,المرجع!$B$4:$C$12,2) -> 5 | P4: =VLOOKUP(O4,المرجع!$D$4:$E$12,2) -> أ+ | Q4: =O4*M4 -> 15 | R4: 2 | S4: 100 | T4: =VLOOKUP(S4,المرجع!$B$4:$C$12,2) -> 5 | U4: =VLOOKUP(T4,المرجع!$D$4:$E$12,2) -> أ+ | V4: =T4*R4 -> 10 | W4: 2 | X4: 100 | Y4: =VLOOKUP(X4,المرجع!$B$4:$C$12,2) -> 5 | Z4: =VLOOKUP(Y4,المرجع!$D$4:$E$12,2) -> أ+ | AA4: =Y4*W4 -> 10 | AB4: 3 | AC4: 100 | AD4: =VLOOKUP(AC4,المرجع!$B$4:$C$12,2) -> 5 | AE4: =VLOOKUP(AD4,المرجع!$D$4:$E$12,2) -> أ+ | AF4: =AD4*AB4 -> 15 | AG4: 2 | AH4: 100 | AI4: =VLOOKUP(AH4,المرجع!$B$4:$C$12,2) -> 5 | AJ4: =VLOOKUP(AI4,المرجع!$D$4:$E$12,2) -> أ+ | AK4: =AI4*AG4 -> 10 | AL4: 2 | AM4: 100 | AN4: =VLOOKUP(AM4,المرجع!$B$4:$C$12,2) -> 5 | AO4: =VLOOKUP(AN4,المرجع!$D$4:$E$12,2) -> أ+ | AP4: =AN4*AL4 -> 10 | AQ4: 3 | AR4: 99 | AS4: =VLOOKUP(AR4,المرجع!$B$4:$C$12,2) -> 5 | AT4: =VLOOKUP(AS4,المرجع!$D$4:$E$12,2) -> أ+ | AU4: =AS4*AQ4 -> 15 | AV4: 2 | AW4: 83 | AX4: =VLOOKUP(AW4,المرجع!$B$4:$C$12,2) -> 4 | AY4: =VLOOKUP(AX4,المرجع!$D$4:$E$12,2) -> ب | AZ4: =AX4*AV4 -> 8 | BA4: 2 | BB4: 100 | BC4: =VLOOKUP(BB4,المرجع!$B$4:$C$12,2) -> 5 | BD4: =VLOOKUP(BC4,المرجع!$D$4:$E$12,2) -> أ+ | BE4: =BC4*BA4 -> 10 | BF4: 112 | BG4: =BA4+AV4+AQ4+AL4+AG4+AB4+W4+R4+M4+H4+C4 -> 24 | BH4: 4.86 | BI4: 4.63 | BJ4: ممتاز مرتفع | BK4: 2
A5: 2023110 | B5: يحيى محمد سيسي | C5: 1 | D5: 100 | E5: =VLOOKUP(D5,المرجع!$B$4:$C$12,2) -> 5 | F5: =VLOOKUP(E5,المرجع!$D$4:$E$12,2) -> أ+ | G5: =E5*C5 -> 5 | H5: 2 | I5: 99 | J5: =VLOOKUP(I5,المرجع!$B$4:$C$12,2) -> 5 | K5: =VLOOKUP(J5,المرجع!$D$4:$E$12,2) -> أ+ | L5: =J5*H5 -> 10 | M5: 3 | N5: 97 | O5: =VLOOKUP(N5,المرجع!$B$4:$C$12,2) -> 5 | P5: =VLOOKUP(O5,المرجع!$D$4:$E$12,2) -> أ+ | Q5: =O5*M5 -> 15 | R5: 2 | S5: 89 | T5: =VLOOKUP(S5,المرجع!$B$4:$C$12,2) -> 4.5 | U5: =VLOOKUP(T5,المرجع!$D$4:$E$12,2) -> ب+ | V5: =T5*R5 -> 9 | W5: 2 | X5: 100 | Y5: =VLOOKUP(X5,المرجع!$B$4:$C$12,2) -> 5 | Z5: =VLOOKUP(Y5,المرجع!$D$4:$E$12,2) -> أ+ | AA5: =Y5*W5 -> 10 | AB5: 3 | AC5: 98 | AD5: =VLOOKUP(AC5,المرجع!$B$4:$C$12,2) -> 5 | AE5: =VLOOKUP(AD5,المرجع!$D$4:$E$12,2) -> أ+ | AF5: =AD5*AB5 -> 15 | AG5: 2 | AH5: 99 | AI5: =VLOOKUP(AH5,المرجع!$B$4:$C$12,2) -> 5 | AJ5: =VLOOKUP(AI5,المرجع!$D$4:$E$12,2) -> أ+ | AK5: =AI5*AG5 -> 10 | AL5: 2 | AM5: 95 | AN5: =VLOOKUP(AM5,المرجع!$B$4:$C$12,2) -> 5 | AO5: =VLOOKUP(AN5,المرجع!$D$4:$E$12,2) -> أ+ | AP5: =AN5*AL5 -> 10 | AQ5: 3 | AR5: 96 | AS5: =VLOOKUP(AR5,المرجع!$B$4:$C$12,2) -> 5 | AT5: =VLOOKUP(AS5,المرجع!$D$4:$E$12,2) -> أ+ | AU5: =AS5*AQ5 -> 15 | AV5: 2 | AW5: 55 | AX5: =VLOOKUP(AW5,المرجع!$B$4:$C$12,2) -> 2 | AY5: =VLOOKUP(AX5,المرجع!$D$4:$E$12,2) -> د | AZ5: =AX5*AV5 -> 4 | BA5: 2 | BB5: 100 | BC5: =VLOOKUP(BB5,المرجع!$B$4:$C$12,2) -> 5 | BD5: =VLOOKUP(BC5,المرجع!$D$4:$E$12,2) -> أ+ | BE5: =BC5*BA5 -> 10 | BF5: 107.5 | BG5: =BA5+AV5+AQ5+AL5+AG5+AB5+W5+R5+M5+H5+C5 -> 24 | BH5: 4.67 | BI5: 4.54 | BJ5: ممتاز | BK5: 4
A6: 2023001 | B6: جميل براون | C6: 1 | D6: 88 | E6: =VLOOKUP(D6,المرجع!$B$4:$C$12,2) -> 4.5 | F6: =VLOOKUP(E6,المرجع!$D$4:$E$12,2) -> ب+ | G6: =E6*C6 -> 4.5 | H6: 2 | I6: 99 | J6: =VLOOKUP(I6,المرجع!$B$4:$C$12,2) -> 5 | K6: =VLOOKUP(J6,المرجع!$D$4:$E$12,2) -> أ+ | L6: =J6*H6 -> 10 | M6: 3 | N6: 95 | O6: =VLOOKUP(N6,المرجع!$B$4:$C$12,2) -> 5 | P6: =VLOOKUP(O6,المرجع!$D$4:$E$12,2) -> أ+ | Q6: =O6*M6 -> 15 | R6: 2 | S6: 95 | T6: =VLOOKUP(S6,المرجع!$B$4:$C$12,2) -> 5 | U6: =VLOOKUP(T6,المرجع!$D$4:$E$12,2) -> أ+ | V6: =T6*R6 -> 10 | W6: 2 | X6: 100 | Y6: =VLOOKUP(X6,المرجع!$B$4:$C$12,2) -> 5 | Z6: =VLOOKUP(Y6,المرجع!$D$4:$E$12,2) -> أ+ | AA6: =Y6*W6 -> 10 | AB6: 3 | AC6: 82 | AD6: =VLOOKUP(AC6,المرجع!$B$4:$C$12,2) -> 4 | AE6: =VLOOKUP(AD6,المرجع!$D$4:$E$12,2) -> ب | AF6: =AD6*AB6 -> 12 | AG6: 2 | AH6: 95 | AI6: =VLOOKUP(AH6,المرجع!$B$4:$C$12,2) -> 5 | AJ6: =VLOOKUP(AI6,المرجع!$D$4:$E$12,2) -> أ+ | AK6: =AI6*AG6 -> 10 | AL6: 2 | AM6: 100 | AN6: =VLOOKUP(AM6,المرجع!$B$4:$C$12,2) -> 5 | AO6: =VLOOKUP(AN6,المرجع!$D$4:$E$12,2) -> أ+ | AP6: =AN6*AL6 -> 10 | AQ6: 3 | AR6: 100 | AS6: =VLOOKUP(AR6,المرجع!$B$4:$C$12,2) -> 5 | AT6: =VLOOKUP(AS6,المرجع!$D$4:$E$12,2) -> أ+ | AU6: =AS6*AQ6 -> 15 | AV6: 2 | AW6: 72 | AX6: =VLOOKUP(AW6,المرجع!$B$4:$C$12,2) -> 3 | AY6: =VLOOKUP(AX6,المرجع!$D$4:$E$12,2) -> ج | AZ6: =AX6*AV6 -> 6 | BA6: 2 | BB6: 100 | BC6: =VLOOKUP(BB6,المرجع!$B$4:$C$12,2) -> 5 | BD6: =VLOOKUP(BC6,المرجع!$D$4:$E$12,2) -> أ+ | BE6: =BC6*BA6 -> 10 | BF6: 107.5 | BG6: =BA6+AV6+AQ6+AL6+AG6+AB6+W6+R6+M6+H6+C6 -> 24 | BH6: 4.67 | BI6: 4.59 | BJ6: ممتاز | BK6: 4
A7: 2023023 | B7: أمي بابا جاورا | C7: 1 | D7: 86 | E7: =VLOOKUP(D7,المرجع!$B$4:$C$12,2) -> 4.5 | F7: =VLOOKUP(E7,المرجع!$D$4:$E$12,2) -> ب+ | G7: =E7*C7 -> 4.5 | H7: 2 | I7: 95 | J7: =VLOOKUP(I7,المرجع!$B$4:$C$12,2) -> 5 | K7: =VLOOKUP(J7,المرجع!$D$4:$E$12,2) -> أ+ | L7: =J7*H7 -> 10 | M7: 3 | N7: 100 | O7: =VLOOKUP(N7,المرجع!$B$4:$C$12,2) -> 5 | P7: =VLOOKUP(O7,المرجع!$D$4:$E$12,2) -> أ+ | Q7: =O7*M7 -> 15 | R7: 2 | S7: 96 | T7: =VLOOKUP(S7,المرجع!$B$4:$C$12,2) -> 5 | U7: =VLOOKUP(T7,المرجع!$D$4:$E$12,2) -> أ+ | V7: =T7*R7 -> 10 | W7: 2 | X7: 100 | Y7: =VLOOKUP(X7,المرجع!$B$4:$C$12,2) -> 5 | Z7: =VLOOKUP(Y7,المرجع!$D$4:$E$12,2) -> أ+ | AA7: =Y7*W7 -> 10 | AB7: 3 | AC7: 86 | AD7: =VLOOKUP(AC7,المرجع!$B$4:$C$12,2) -> 4.5 | AE7: =VLOOKUP(AD7,المرجع!$D$4:$E$12,2) -> ب+ | AF7: =AD7*AB7 -> 13.5 | AG7: 2 | AH7: 99 | AI7: =VLOOKUP(AH7,المرجع!$B$4:$C$12,2) -> 5 | AJ7: =VLOOKUP(AI7,المرجع!$D$4:$E$12,2) -> أ+ | AK7: =AI7*AG7 -> 10 | AL7: 2 | AM7: 90 | AN7: =VLOOKUP(AM7,المرجع!$B$4:$C$12,2) -> 4.75 | AO7: =VLOOKUP(AN7,المرجع!$D$4:$E$12,2) -> أ | AP7: =AN7*AL7 -> 9.5 | AQ7: 3 | AR7: 98 | AS7: =VLOOKUP(AR7,المرجع!$B$4:$C$12,2) -> 5 | AT7: =VLOOKUP(AS7,المرجع!$D$4:$E$12,2) -> أ+ | AU7: =AS7*AQ7 -> 15 | AV7: 2 | AW7: 70 | AX7: =VLOOKUP(AW7,المرجع!$B$4:$C$12,2) -> 3 | AY7: =VLOOKUP(AX7,المرجع!$D$4:$E$12,2) -> ج | AZ7: =AX7*AV7 -> 6 | BA7: 2 | BB7: 96 | BC7: =VLOOKUP(BB7,المرجع!$B$4:$C$12,2) -> 5 | BD7: =VLOOKUP(BC7,المرجع!$D$4:$E$12,2) -> أ+ | BE7: =BC7*BA7 -> 10 | BF7: 108.5 | BG7: =BA7+AV7+AQ7+AL7+AG7+AB7+W7+R7+M7+H7+C7 -> 24 | BH7: 4.71 | BI7: 4.46 | BJ7: ممتاز | BK7: 3
A8: 2023033 | B8: بناو عبد الوهاب | C8: 1 | D8: 89 | E8: =VLOOKUP(D8,المرجع!$B$4:$C$12,2) -> 4.5 | F8: =VLOOKUP(E8,المرجع!$D$4:$E$12,2) -> ب+ | G8: =E8*C8 -> 4.5 | H8: 2 | I8: 89 | J8: =VLOOKUP(I8,المرجع!$B$4:$C$12,2) -> 4.5 | K8: =VLOOKUP(J8,المرجع!$D$4:$E$12,2) -> ب+ | L8: =J8*H8 -> 9 | M8: 3 | N8: 100 | O8: =VLOOKUP(N8,المرجع!$B$4:$C$12,2) -> 5 | P8: =VLOOKUP(O8,المرجع!$D$4:$E$12,2) -> أ+ | Q8: =O8*M8 -> 15 | R8: 2 | S8: 92 | T8: =VLOOKUP(S8,المرجع!$B$4:$C$12,2) -> 4.75 | U8: =VLOOKUP(T8,المرجع!$D$4:$E$12,2) -> أ | V8: =T8*R8 -> 9.5 | W8: 2 | X8: 97 | Y8: =VLOOKUP(X8,المرجع!$B$4:$C$12,2) -> 5 | Z8: =VLOOKUP(Y8,المرجع!$D$4:$E$12,2) -> أ+ | AA8: =Y8*W8 -> 10 | AB8: 3 | AC8: 88 | AD8: =VLOOKUP(AC8,المرجع!$B$4:$C$12,2) -> 4.5 | AE8: =VLOOKUP(AD8,المرجع!$D$4:$E$12,2) -> ب+ | AF8: =AD8*AB8 -> 13.5 | AG8: 2 | AH8: 100 | AI8: =VLOOKUP(AH8,المرجع!$B$4:$C$12,2) -> 5 | AJ8: =VLOOKUP(AI8,المرجع!$D$4:$E$12,2) -> أ+ | AK8: =AI8*AG8 -> 10 | AL8: 2 | AM8: 96 | AN8: =VLOOKUP(AM8,المرجع!$B$4:$C$12,2) -> 5 | AO8: =VLOOKUP(AN8,المرجع!$D$4:$E$12,2) -> أ+ | AP8: =AN8*AL8 -> 10 | AQ8: 3 | AR8: 99 | AS8: =VLOOKUP(AR8,المرجع!$B$4:$C$12,2) -> 5 | AT8: =VLOOKUP(AS8,المرجع!$D$4:$E$12,2) -> أ+ | AU8: =AS8*AQ8 -> 15 | AV8: 2 | AW8: 78 | AX8: =VLOOKUP(AW8,المرجع!$B$4:$C$12,2) -> 3.5 | AY8: =VLOOKUP(AX8,المرجع!$D$4:$E$12,2) -> ج+ | AZ8: =AX8*AV8 -> 7 | BA8: 2 | BB8: 86 | BC8: =VLOOKUP(BB8,المرجع!$B$4:$C$12,2) -> 4.5 | BD8: =VLOOKUP(BC8,المرجع!$D$4:$E$12,2) -> ب+ | BE8: =BC8*BA8 -> 9 | BF8: 107.25 | BG8: =BA8+AV8+AQ8+AL8+AG8+AB8+W8+R8+M8+H8+C8 -> 24 | BH8: 4.66 | BI8: 4.38 | BJ8: ممتاز | BK8: 6
A9: 2023097 | B9: محمد بن سمبر دكوري | C9: 1 | D9: 92 | E9: =VLOOKUP(D9,المرجع!$B$4:$C$12,2) -> 4.75 | F9: =VLOOKUP(E9,المرجع!$D$4:$E$12,2) -> أ | G9: =E9*C9 -> 4.75 | H9: 2 | I9: 90 | J9: =VLOOKUP(I9,المرجع!$B$4:$C$12,2) -> 4.75 | K9: =VLOOKUP(J9,المرجع!$D$4:$E$12,2) -> أ | L9: =J9*H9 -> 9.5 | M9: 3 | N9: 100 | O9: =VLOOKUP(N9,المرجع!$B$4:$C$12,2) -> 5 | P9: =VLOOKUP(O9,المرجع!$D$4:$E$12,2) -> أ+ | Q9: =O9*M9 -> 15 | R9: 2 | S9: 97 | T9: =VLOOKUP(S9,المرجع!$B$4:$C$12,2) -> 5 | U9: =VLOOKUP(T9,المرجع!$D$4:$E$12,2) -> أ+ | V9: =T9*R9 -> 10 | W9: 2 | X9: 100 | Y9: =VLOOKUP(X9,المرجع!$B$4:$C$12,2) -> 5 | Z9: =VLOOKUP(Y9,المرجع!$D$4:$E$12,2) -> أ+ | AA9: =Y9*W9 -> 10 | AB9: 3 | AC9: 92 | AD9: =VLOOKUP(AC9,المرجع!$B$4:$C$12,2) -> 4.75 | AE9: =VLOOKUP(AD9,المرجع!$D$4:$E$12,2) -> أ | AF9: =AD9*AB9 -> 14.25 | AG9: 2 | AH9: 100 | AI9: =VLOOKUP(AH9,المرجع!$B$4:$C$12,2) -> 5 | AJ9: =VLOOKUP(AI9,المرجع!$D$4:$E$12,2) -> أ+ | AK9: =AI9*AG9 -> 10 | AL9: 2 | AM9: 98 | AN9: =VLOOKUP(AM9,المرجع!$B$4:$C$12,2) -> 5 | AO9: =VLOOKUP(AN9,المرجع!$D$4:$E$12,2) -> أ+ | AP9: =AN9*AL9 -> 10 | AQ9: 3 | AR9: 100 | AS9: =VLOOKUP(AR9,المرجع!$B$4:$C$12,2) -> 5 | AT9: =VLOOKUP(AS9,المرجع!$D$4:$E$12,2) -> أ+ | AU9: =AS9*AQ9 -> 15 | AV9: 2 | AW9: 89 | AX9: =VLOOKUP(AW9,المرجع!$B$4:$C$12,2) -> 4.5 | AY9: =VLOOKUP(AX9,المرجع!$D$4:$E$12,2) -> ب+ | AZ9: =AX9*AV9 -> 9 | BA9: 2 | BB9: 51 | BC9: =VLOOKUP(BB9,المرجع!$B$4:$C$12,2) -> 2 | BD9: =VLOOKUP(BC9,المرجع!$D$4:$E$12,2) -> د | BE9: =BC9*BA9 -> 4 | BF9: 106.5 | BG9: =BA9+AV9+AQ9+AL9+AG9+AB9+W9+R9+M9+H9+C9 -> 24 | BH9: 4.63 | BI9: 4.35 | BJ9: ممتاز | BK9: 7
A10: 2023084 | B10: فاطمة شيخ تونكارا | C10: 1 | D10: 86 | E10: =VLOOKUP(D10,المرجع!$B$4:$C$12,2) -> 4.5 | F10: =VLOOKUP(E10,المرجع!$D$4:$E$12,2) -> ب+ | G10: =E10*C10 -> 4.5 | H10: 2 | I10: 99 | J10: =VLOOKUP(I10,المرجع!$B$4:$C$12,2) -> 5 | K10: =VLOOKUP(J10,المرجع!$D$4:$E$12,2) -> أ+ | L10: =J10*H10 -> 10 | M10: 3 | N10: 97 | O10: =VLOOKUP(N10,المرجع!$B$4:$C$12,2) -> 5 | P10: =VLOOKUP(O10,المرجع!$D$4:$E$12,2) -> أ+ | Q10: =O10*M10 -> 15 | R10: 2 | S10: 99 | T10: =VLOOKUP(S10,المرجع!$B$4:$C$12,2) -> 5 | U10: =VLOOKUP(T10,المرجع!$D$4:$E$12,2) -> أ+ | V10: =T10*R10 -> 10 | W10: 2 | X10: 100 | Y10: =VLOOKUP(X10,المرجع!$B$4:$C$12,2) -> 5 | Z10: =VLOOKUP(Y10,المرجع!$D$4:$E$12,2) -> أ+ | AA10: =Y10*W10 -> 10 | AB10: 3 | AC10: 86 | AD10: =VLOOKUP(AC10,المرجع!$B$4:$C$12,2) -> 4.5 | AE10: =VLOOKUP(AD10,المرجع!$D$4:$E$12,2) -> ب+ | AF10: =AD10*AB10 -> 13.5 | AG10: 2 | AH10: 100 | AI10: =VLOOKUP(AH10,المرجع!$B$4:$C$12,2) -> 5 | AJ10: =VLOOKUP(AI10,المرجع!$D$4:$E$12,2) -> أ+ | AK10: =AI10*AG10 -> 10 | AL10: 2 | AM10: 94 | AN10: =VLOOKUP(AM10,المرجع!$B$4:$C$12,2) -> 4.75 | AO10: =VLOOKUP(AN10,المرجع!$D$4:$E$12,2) -> أ | AP10: =AN10*AL10 -> 9.5 | AQ10: 3 | AR10: 98 | AS10: =VLOOKUP(AR10,المرجع!$B$4:$C$12,2) -> 5 | AT10: =VLOOKUP(AS10,المرجع!$D$4:$E$12,2) -> أ+ | AU10: =AS10*AQ10 -> 15 | AV10: 2 | AW10: 70 | AX10: =VLOOKUP(AW10,المرجع!$B$4:$C$12,2) -> 3 | AY10: =VLOOKUP(AX10,المرجع!$D$4:$E$12,2) -> ج | AZ10: =AX10*AV10 -> 6 | BA10: 2 | BB10: 76 | BC10: =VLOOKUP(BB10,المرجع!$B$4:$C$12,2) -> 3.5 | BD10: =VLOOKUP(BC10,المرجع!$D$4:$E$12,2) -> ج+ | BE10: =BC10*BA10 -> 7 | BF10: 105.5 | BG10: =BA10+AV10+AQ10+AL10+AG10+AB10+W10+R10+M10+H10+C10 -> 24 | BH10: 4.58 | BI10: 4.33 | BJ10: جيد جد مرتفع | BK10: 8
A11: 2023002 | B11: ديالو إبراهيم | C11: 1 | D11: 95 | E11: =VLOOKUP(D11,المرجع!$B$4:$C$12,2) -> 5 | F11: =VLOOKUP(E11,المرجع!$D$4:$E$12,2) -> أ+ | G11: =E11*C11 -> 5 | H11: 2 | I11: 95 | J11: =VLOOKUP(I11,المرجع!$B$4:$C$12,2) -> 5 | K11: =VLOOKUP(J11,المرجع!$D$4:$E$12,2) -> أ+ | L11: =J11*H11 -> 10 | M11: 3 | N11: 100 | O11: =VLOOKUP(N11,المرجع!$B$4:$C$12,2) -> 5 | P11: =VLOOKUP(O11,المرجع!$D$4:$E$12,2) -> أ+ | Q11: =O11*M11 -> 15 | R11: 2 | S11: 97 | T11: =VLOOKUP(S11,المرجع!$B$4:$C$12,2) -> 5 | U11: =VLOOKUP(T11,المرجع!$D$4:$E$12,2) -> أ+ | V11: =T11*R11 -> 10 | W11: 2 | X11: 97 | Y11: =VLOOKUP(X11,المرجع!$B$4:$C$12,2) -> 5 | Z11: =VLOOKUP(Y11,المرجع!$D$4:$E$12,2) -> أ+ | AA11: =Y11*W11 -> 10 | AB11: 3 | AC11: 100 | AD11: =VLOOKUP(AC11,المرجع!$B$4:$C$12,2) -> 5 | AE11: =VLOOKUP(AD11,المرجع!$D$4:$E$12,2) -> أ+ | AF11: =AD11*AB11 -> 15 | AG11: 2 | AH11: 95 | AI11: =VLOOKUP(AH11,المرجع!$B$4:$C$12,2) -> 5 | AJ11: =VLOOKUP(AI11,المرجع!$D$4:$E$12,2) -> أ+ | AK11: =AI11*AG11 -> 10 | AL11: 2 | AM11: 85 | AN11: =VLOOKUP(AM11,المرجع!$B$4:$C$12,2) -> 4.5 | AO11: =VLOOKUP(AN11,المرجع!$D$4:$E$12,2) -> ب+ | AP11: =AN11*AL11 -> 9 | AQ11: 3 | AR11: 100 | AS11: =VLOOKUP(AR11,المرجع!$B$4:$C$12,2) -> 5 | AT11: =VLOOKUP(AS11,المرجع!$D$4:$E$12,2) -> أ+ | AU11: =AS11*AQ11 -> 15 | AV11: 2 | AW11: 75 | AX11: =VLOOKUP(AW11,المرجع!$B$4:$C$12,2) -> 3.5 | AY11: =VLOOKUP(AX11,المرجع!$D$4:$E$12,2) -> ج+ | AZ11: =AX11*AV11 -> 7 | BA11: 2 | BB11: 64 | BC11: =VLOOKUP(BB11,المرجع!$B$4:$C$12,2) -> 2 | BD11: =VLOOKUP(BC11,المرجع!$D$4:$E$12,2) -> د | BE11: =BC11*BA11 -> 4 | BF11: 105 | BG11: =BA11+AV11+AQ11+AL11+AG11+AB11+W11+R11+M11+H11+C11 -> 24 | BH11: 4.56 | BI11: 4.27 | BJ11: جيد جد مرتفع | BK11: 9
A12: 2023045 | B12: سعيد خليل كربلي | C12: 1 | D12: 88 | E12: =VLOOKUP(D12,المرجع!$B$4:$C$12,2) -> 4.5 | F12: =VLOOKUP(E12,المرجع!$D$4:$E$12,2) -> ب+ | G12: =E12*C12 -> 4.5 | H12: 2 | I12: 97 | J12: =VLOOKUP(I12,المرجع!$B$4:$C$12,2) -> 5 | K12: =VLOOKUP(J12,المرجع!$D$4:$E$12,2) -> أ+ | L12: =J12*H12 -> 10 | M12: 3 | N12: 100 | O12: =VLOOKUP(N12,المرجع!$B$4:$C$12,2) -> 5 | P12: =VLOOKUP(O12,المرجع!$D$4:$E$12,2) -> أ+ | Q12: =O12*M12 -> 15 | R12: 2 | S12: 89 | T12: =VLOOKUP(S12,المرجع!$B$4:$C$12,2) -> 4.5 | U12: =VLOOKUP(T12,المرجع!$D$4:$E$12,2) -> ب+ | V12: =T12*R12 -> 9 | W12: 2 | X12: 98 | Y12: =VLOOKUP(X12,المرجع!$B$4:$C$12,2) -> 5 | Z12: =VLOOKUP(Y12,المرجع!$D$4:$E$12,2) -> أ+ | AA12: =Y12*W12 -> 10 | AB12: 3 | AC12: 82 | AD12: =VLOOKUP(AC12,المرجع!$B$4:$C$12,2) -> 4 | AE12: =VLOOKUP(AD12,المرجع!$D$4:$E$12,2) -> ب | AF12: =AD12*AB12 -> 12 | AG12: 2 | AH12: 99 | AI12: =VLOOKUP(AH12,المرجع!$B$4:$C$12,2) -> 5 | AJ12: =VLOOKUP(AI12,المرجع!$D$4:$E$12,2) -> أ+ | AK12: =AI12*AG12 -> 10 | AL12: 2 | AM12: 95 | AN12: =VLOOKUP(AM12,المرجع!$B$4:$C$12,2) -> 5 | AO12: =VLOOKUP(AN12,المرجع!$D$4:$E$12,2) -> أ+ | AP12: =AN12*AL12 -> 10 | AQ12: 3 | AR12: 97 | AS12: =VLOOKUP(AR12,المرجع!$B$4:$C$12,2) -> 5 | AT12: =VLOOKUP(AS12,المرجع!$D$4:$E$12,2) -> أ+ | AU12: =AS12*AQ12 -> 15 | AV12: 2 | AW12: 60 | AX12: =VLOOKUP(AW12,المرجع!$B$4:$C$12,2) -> 2 | AY12: =VLOOKUP(AX12,المرجع!$D$4:$E$12,2) -> د | AZ12: =AX12*AV12 -> 4 | BA12: 2 | BB12: 98 | BC12: =VLOOKUP(BB12,المرجع!$B$4:$C$12,2) -> 5 | BD12: =VLOOKUP(BC12,المرجع!$D$4:$E$12,2) -> أ+ | BE12: =BC12*BA12 -> 10 | BF12: 104 | BG12: =BA12+AV12+AQ12+AL12+AG12+AB12+W12+R12+M12+H12+C12 -> 24 | BH12: 4.52 | BI12: 4.29 | BJ12: جيد جد مرتفع | BK12: 12
A13: 2023053 | B13: عاتقة قطر أنيبل غلمسين | C13: 1 | D13: 88 | E13: =VLOOKUP(D13,المرجع!$B$4:$C$12,2) -> 4.5 | F13: =VLOOKUP(E13,المرجع!$D$4:$E$12,2) -> ب+ | G13: =E13*C13 -> 4.5 | H13: 2 | I13: 95 | J13: =VLOOKUP(I13,المرجع!$B$4:$C$12,2) -> 5 | K13: =VLOOKUP(J13,المرجع!$D$4:$E$12,2) -> أ+ | L13: =J13*H13 -> 10 | M13: 3 | N13: 100 | O13: =VLOOKUP(N13,المرجع!$B$4:$C$12,2) -> 5 | P13: =VLOOKUP(O13,المرجع!$D$4:$E$12,2) -> أ+ | Q13: =O13*M13 -> 15 | R13: 2 | S13: 90 | T13: =VLOOKUP(S13,المرجع!$B$4:$C$12,2) -> 4.75 | U13: =VLOOKUP(T13,المرجع!$D$4:$E$12,2) -> أ | V13: =T13*R13 -> 9.5 | W13: 2 | X13: 100 | Y13: =VLOOKUP(X13,المرجع!$B$4:$C$12,2) -> 5 | Z13: =VLOOKUP(Y13,المرجع!$D$4:$E$12,2) -> أ+ | AA13: =Y13*W13 -> 10 | AB13: 3 | AC13: 83 | AD13: =VLOOKUP(AC13,المرجع!$B$4:$C$12,2) -> 4 | AE13: =VLOOKUP(AD13,المرجع!$D$4:$E$12,2) -> ب | AF13: =AD13*AB13 -> 12 | AG13: 2 | AH13: 97 | AI13: =VLOOKUP(AH13,المرجع!$B$4:$C$12,2) -> 5 | AJ13: =VLOOKUP(AI13,المرجع!$D$4:$E$12,2) -> أ+ | AK13: =AI13*AG13 -> 10 | AL13: 2 | AM13: 100 | AN13: =VLOOKUP(AM13,المرجع!$B$4:$C$12,2) -> 5 | AO13: =VLOOKUP(AN13,المرجع!$D$4:$E$12,2) -> أ+ | AP13: =AN13*AL13 -> 10 | AQ13: 3 | AR13: 99 | AS13: =VLOOKUP(AR13,المرجع!$B$4:$C$12,2) -> 5 | AT13: =VLOOKUP(AS13,المرجع!$D$4:$E$12,2) -> أ+ | AU13: =AS13*AQ13 -> 15 | AV13: 2 | AW13: 65 | AX13: =VLOOKUP(AW13,المرجع!$B$4:$C$12,2) -> 2.5 | AY13: =VLOOKUP(AX13,المرجع!$D$4:$E$12,2) -> د+ | AZ13: =AX13*AV13 -> 5 | BA13: 2 | BB13: 86 | BC13: =VLOOKUP(BB13,المرجع!$B$4:$C$12,2) -> 4.5 | BD13: =VLOOKUP(BC13,المرجع!$D$4:$E$12,2) -> ب+ | BE13: =BC13*BA13 -> 9 | BF13: 104.75 | BG13: =BA13+AV13+AQ13+AL13+AG13+AB13+W13+R13+M13+H13+C13 -> 24 | BH13: 4.55 | BI13: 4.26 | BJ13: جيد جد مرتفع | BK13: 10
A14: 2023065 | B14: عبد الله شيخ كسما | C14: 1 | D14: 84 | E14: =VLOOKUP(D14,المرجع!$B$4:$C$12,2) -> 4 | F14: =VLOOKUP(E14,المرجع!$D$4:$E$12,2) -> ب | G14: =E14*C14 -> 4 | H14: 2 | I14: 97 | J14: =VLOOKUP(I14,المرجع!$B$4:$C$12,2) -> 5 | K14: =VLOOKUP(J14,المرجع!$D$4:$E$12,2) -> أ+ | L14: =J14*H14 -> 10 | M14: 3 | N14: 99 | O14: =VLOOKUP(N14,المرجع!$B$4:$C$12,2) -> 5 | P14: =VLOOKUP(O14,المرجع!$D$4:$E$12,2) -> أ+ | Q14: =O14*M14 -> 15 | R14: 2 | S14: 91 | T14: =VLOOKUP(S14,المرجع!$B$4:$C$12,2) -> 4.75 | U14: =VLOOKUP(T14,المرجع!$D$4:$E$12,2) -> أ | V14: =T14*R14 -> 9.5 | W14: 2 | X14: 99 | Y14: =VLOOKUP(X14,المرجع!$B$4:$C$12,2) -> 5 | Z14: =VLOOKUP(Y14,المرجع!$D$4:$E$12,2) -> أ+ | AA14: =Y14*W14 -> 10 | AB14: 3 | AC14: 86 | AD14: =VLOOKUP(AC14,المرجع!$B$4:$C$12,2) -> 4.5 | AE14: =VLOOKUP(AD14,المرجع!$D$4:$E$12,2) -> ب+ | AF14: =AD14*AB14 -> 13.5 | AG14: 2 | AH14: 97 | AI14: =VLOOKUP(AH14,المرجع!$B$4:$C$12,2) -> 5 | AJ14: =VLOOKUP(AI14,المرجع!$D$4:$E$12,2) -> أ+ | AK14: =AI14*AG14 -> 10 | AL14: 2 | AM14: 90 | AN14: =VLOOKUP(AM14,المرجع!$B$4:$C$12,2) -> 4.75 | AO14: =VLOOKUP(AN14,المرجع!$D$4:$E$12,2) -> أ | AP14: =AN14*AL14 -> 9.5 | AQ14: 3 | AR14: 98 | AS14: =VLOOKUP(AR14,المرجع!$B$4:$C$12,2) -> 5 | AT14: =VLOOKUP(AS14,المرجع!$D$4:$E$12,2) -> أ+ | AU14: =AS14*AQ14 -> 15 | AV14: 2 | AW14: 64 | AX14: =VLOOKUP(AW14,المرجع!$B$4:$C$12,2) -> 2 | AY14: =VLOOKUP(AX14,المرجع!$D$4:$E$12,2) -> د | AZ14: =AX14*AV14 -> 4 | BA14: 2 | BB14: 88 | BC14: =VLOOKUP(BB14,المرجع!$B$4:$C$12,2) -> 4.5 | BD14: =VLOOKUP(BC14,المرجع!$D$4:$E$12,2) -> ب+ | BE14: =BC14*BA14 -> 9 | BF14: 104.25 | BG14: =BA14+AV14+AQ14+AL14+AG14+AB14+W14+R14+M14+H14+C14 -> 24 | BH14: 4.53 | BI14: 4.25 | BJ14: جيد جد مرتفع | BK14: 11
... A67: 2023042 | B67: سالم محمد انجاي | C67: 1 | D67: 24 | E67: =VLOOKUP(D67,المرجع!$B$4:$C$12,2) -> 0 | F67: =VLOOKUP(E67,المرجع!$D$4:$E$12,2) -> ه | G67: =E67*C67 -> 0 | H67: 2 | I67: 29 | J67: =VLOOKUP(I67,المرجع!$B$4:$C$12,2) -> 0 | K67: =VLOOKUP(J67,المرجع!$D$4:$E$12,2) -> ه | L67: =J67*H67 -> 0 | M67: 3 | N67: 27 | O67: =VLOOKUP(N67,المرجع!$B$4:$C$12,2) -> 0 | P67: =VLOOKUP(O67,المرجع!$D$4:$E$12,2) -> ه | Q67: =O67*M67 -> 0 | R67: 2 | S67: 29 | T67: =VLOOKUP(S67,المرجع!$B$4:$C$12,2) -> 0 | U67: =VLOOKUP(T67,المرجع!$D$4:$E$12,2) -> ه | V67: =T67*R67 -> 0 | W67: 2 | X67: 0 | Y67: =VLOOKUP(X67,المرجع!$B$4:$C$12,2) -> 0 | Z67: =VLOOKUP(Y67,المرجع!$D$4:$E$12,2) -> ه | AA67: =Y67*W67 -> 0 | AB67: 3 | AC67: 27 | AD67: =VLOOKUP(AC67,المرجع!$B$4:$C$12,2) -> 0 | AE67: =VLOOKUP(AD67,المرجع!$D$4:$E$12,2) -> ه | AF67: =AD67*AB67 -> 0 | AG67: 2 | AH67: 27 | AI67: =VLOOKUP(AH67,المرجع!$B$4:$C$12,2) -> 0 | AJ67: =VLOOKUP(AI67,المرجع!$D$4:$E$12,2) -> ه | AK67: =AI67*AG67 -> 0 | AL67: 2 | AM67: 26 | AN67: =VLOOKUP(AM67,المرجع!$B$4:$C$12,2) -> 0 | AO67: =VLOOKUP(AN67,المرجع!$D$4:$E$12,2) -> ه | AP67: =AN67*AL67 -> 0 | AQ67: 3 | AR67: 30 | AS67: =VLOOKUP(AR67,المرجع!$B$4:$C$12,2) -> 0 | AT67: =VLOOKUP(AS67,المرجع!$D$4:$E$12,2) -> ه | AU67: =AS67*AQ67 -> 0 | AV67: 2 | AW67: 25 | AX67: =VLOOKUP(AW67,المرجع!$B$4:$C$12,2) -> 0 | AY67: =VLOOKUP(AX67,المرجع!$D$4:$E$12,2) -> ه | AZ67: =AX67*AV67 -> 0 | BA67: 2 | BB67: 26 | BC67: =VLOOKUP(BB67,المرجع!$B$4:$C$12,2) -> 0 | BD67: =VLOOKUP(BC67,المرجع!$D$4:$E$12,2) -> ه | BE67: =BC67*BA67 -> 0 | BF67: 0 | BG67: =BA67+AV67+AQ67+AL67+AG67+AB67+W67+R67+M67+H67+C67 -> 24 | BH67: 0 | BI67: 1.94 | BJ67: راسب | BK67: 65
A68: 2023025 | B68: أيد سليمان جانغوم | C68: 1 | D68: 0 | E68: =VLOOKUP(D68,المرجع!$B$4:$C$12,2) -> 0 | F68: =VLOOKUP(E68,المرجع!$D$4:$E$12,2) -> ه | G68: =E68*C68 -> 0 | H68: 2 | I68: 0 | J68: =VLOOKUP(I68,المرجع!$B$4:$C$12,2) -> 0 | K68: =VLOOKUP(J68,المرجع!$D$4:$E$12,2) -> ه | L68: =J68*H68 -> 0 | M68: 3 | N68: =3+65 -> 68 | O68: =VLOOKUP(N68,المرجع!$B$4:$C$12,2) -> 2.5 | P68: =VLOOKUP(O68,المرجع!$D$4:$E$12,2) -> د+ | Q68: =O68*M68 -> 7.5 | R68: 2 | S68: 30 | T68: =VLOOKUP(S68,المرجع!$B$4:$C$12,2) -> 0 | U68: =VLOOKUP(T68,المرجع!$D$4:$E$12,2) -> ه | V68: =T68*R68 -> 0 | W68: 2 | X68: 85 | Y68: =VLOOKUP(X68,المرجع!$B$4:$C$12,2) -> 4.5 | Z68: =VLOOKUP(Y68,المرجع!$D$4:$E$12,2) -> ب+ | AA68: =Y68*W68 -> 9 | AB68: 3 | AC68: 0 | AD68: =VLOOKUP(AC68,المرجع!$B$4:$C$12,2) -> 0 | AE68: =VLOOKUP(AD68,المرجع!$D$4:$E$12,2) -> ه | AF68: =AD68*AB68 -> 0 | AG68: 2 | AH68: 85 | AI68: =VLOOKUP(AH68,المرجع!$B$4:$C$12,2) -> 4.5 | AJ68: =VLOOKUP(AI68,المرجع!$D$4:$E$12,2) -> ب+ | AK68: =AI68*AG68 -> 9 | AL68: 2 | AM68: 88 | AN68: =VLOOKUP(AM68,المرجع!$B$4:$C$12,2) -> 4.5 | AO68: =VLOOKUP(AN68,المرجع!$D$4:$E$12,2) -> ب+ | AP68: =AN68*AL68 -> 9 | AQ68: 3 | AR68: 85 | AS68: =VLOOKUP(AR68,المرجع!$B$4:$C$12,2) -> 4.5 | AT68: =VLOOKUP(AS68,المرجع!$D$4:$E$12,2) -> ب+ | AU68: =AS68*AQ68 -> 13.5 | AV68: 2 | AW68: 0 | AX68: =VLOOKUP(AW68,المرجع!$B$4:$C$12,2) -> 0 | AY68: =VLOOKUP(AX68,المرجع!$D$4:$E$12,2) -> ه | AZ68: =AX68*AV68 -> 0 | BA68: 2 | BB68: 80 | BC68: =VLOOKUP(BB68,المرجع!$B$4:$C$12,2) -> 4 | BD68: =VLOOKUP(BC68,المرجع!$D$4:$E$12,2) -> ب | BE68: =BC68*BA68 -> 8 | BF68: 0 | BG68: =BA68+AV68+AQ68+AL68+AG68+AB68+W68+R68+M68+H68+C68 -> 24 | BH68: 0 | BI68: 1.96 | BJ68: راسب | BK68: 65

Sheet كسف الطلبة 
A5: الرقم الجامعي | D5: 2023067
A6: اسم الطالب/ ة | D6: =_xlfn.XLOOKUP($D$5,'المستوى الخامس'!A3:A68,'المستوى الخامس'!B3:B68) -> عبد الوهاب نيكيما
A7: الكلية | D7: الحـــــديــــث
A8: المستوى | D8: الخــــــــامـــــــس
A9: م | B9: الفصل الأول/ 2025-2026
B10: المقرر | E10: الدرجة النهائة | F10: التقدير | H10: النقاط
B11: اسمه | C11: رمزه | D11: ساعته | F11: وزنه | G11: رمزه
A12: =_xlfn.UNICHAR(ROW()-11+9311) -> ① | B12: القرآن الكريم | C12: قرأ 305 | D12: {=_xlfn.XLOOKUP($D$5,'المستوى الخامس'!A3:A68,الجدول1[الساعات (م ق)])} -> 1 | E12: {=_xlfn.XLOOKUP($D$5,'المستوى الخامس'!A3:A68,الجدول1[[القرآن الكريم ]])} -> 36 | F12: {=_xlfn.XLOOKUP($D$5,'المستوى الخامس'!A3:A68,الجدول1[الوزن (م ق)])} -> 0 | G12: {=_xlfn.XLOOKUP($D$5,'المستوى الخامس'!A3:A68,الجدول1[الرمز (م ق)])} -> ه | H12: {=_xlfn.XLOOKUP($D$5,'المستوى الخامس'!A3:A68,الجدول1[النقاط (م ق)])} -> 0
A13: =_xlfn.UNICHAR(ROW()-11+9311) -> ② | B13: العقيدة4 | C13: عقد 304 | D13: {=_xlfn.XLOOKUP($D$5,'المستوى الخامس'!A3:A68,الجدول1[الساعات( م ت)])} -> 2 | E13: {=_xlfn.XLOOKUP($D$5,'المستوى الخامس'!A3:A68,الجدول1[التوحيد 4 ( م ت)])} -> 94 | F13: {=_xlfn.XLOOKUP($D$5,'المستوى الخامس'!A3:A68,الجدول1[الوزن ( م ت)])} -> 4.75 | G13: {=_xlfn.XLOOKUP($D$5,'المستوى الخامس'!A3:A68,الجدول1[الرمز ( م ت)])} -> أ | H13: {=_xlfn.XLOOKUP($D$5,'المستوى الخامس'!A3:A68,الجدول1[النقاط ( م ت)])} -> 9.5
A14: =_xlfn.UNICHAR(ROW()-11+9311) -> ③ | B14: الحديث التحليلي | C14: سنة 304 | D14: {=_xlfn.XLOOKUP($D$5,'المستوى الخامس'!A3:A68,الجدول1[الساعات م حت)])} -> 3 | E14: {=_xlfn.XLOOKUP($D$5,'المستوى الخامس'!A3:A68,الجدول1[الحديث التحليلي])} -> 65 | F14: {=_xlfn.XLOOKUP($D$5,'المستوى الخامس'!A3:A68,الجدول1[الوزن( م ح ت)])} -> 2.5 | G14: {=_xlfn.XLOOKUP($D$5,'المستوى الخامس'!A3:A68,الجدول1[الرمز( م ح ت)])} -> د+ | H14: {=_xlfn.XLOOKUP($D$5,'المستوى الخامس'!A3:A68,الجدول1[النقاط( م ح ت)])} -> 7.5
A15: =_xlfn.UNICHAR(ROW()-11+9311) -> ④ | B15: الفقه 4 | C15: فقه 203 | D15: {=_xlfn.XLOOKUP($D$5,'المستوى الخامس'!A3:A68,الجدول1[الساعات (م ف)])} -> 2 | E15: {=_xlfn.XLOOKUP($D$5,'المستوى الخامس'!A3:A68,الجدول1[الفقه 4])} -> 87 | F15: {=_xlfn.XLOOKUP($D$5,'المستوى الخامس'!A3:A68,الجدول1[الوزن (م ف)])} -> 4.5 | G15: {=_xlfn.XLOOKUP($D$5,'المستوى الخامس'!A3:A68,الجدول1[الرمز (م ف)])} -> ب+ | H15: {=_xlfn.XLOOKUP($D$5,'المستوى الخامس'!A3:A68,الجدول1[النقاط (م ف)])} -> 9
A16: =_xlfn.UNICHAR(ROW()-11+9311) -> ⑤ | B16: كتب السنة3 | C16: سنة 304 | D16: {=_xlfn.XLOOKUP($D$5,'المستوى الخامس'!A3:A68,الجدول1[الساعات(م ك س)])} -> 2 | E16: {=_xlfn.XLOOKUP($D$5,'المستوى الخامس'!A3:A68,الجدول1[[كتب السنة3 ]])} -> 99 | F16: {=_xlfn.XLOOKUP($D$5,'المستوى الخامس'!A3:A68,الجدول1[الوزن( م ك س)])} -> 5 | G16: {=_xlfn.XLOOKUP($D$5,'المستوى الخامس'!A3:A68,الجدول1[الرمز( م ك س)])} -> أ+ | H16: {=_xlfn.XLOOKUP($D$5,'المستوى الخامس'!A3:A68,الجدول1[النقاط ( م ج ت)])} -> 6
A17: =_xlfn.UNICHAR(ROW()-11+9311) -> ⑥ | B17: الجرح والتعديل 2 | C17: سند 302 | D17: {=_xlfn.XLOOKUP($D$5,'المستوى الخامس'!A3:A68,الجدول1[الساعات ( م ج ت)])} -> 3 | E17: {=_xlfn.XLOOKUP($D$5,'المستوى الخامس'!A3:A68,الجدول1[[ الجرح والتعجيل2]])} -> 54 | F17: {=_xlfn.XLOOKUP($D$5,'المستوى الخامس'!A3:A68,الجدول1[الوزن (م ج ت)])} -> 2 | G17: {=_xlfn.XLOOKUP($D$5,'المستوى الخامس'!A3:A68,الجدول1[الرمز ( م ج ت)])} -> د | H17: {=_xlfn.XLOOKUP($D$5,'المستوى الخامس'!A3:A68,الجدول1[النقاط ( م ج ت)])} -> 6
A18: =_xlfn.UNICHAR(ROW()-11+9311) -> ⑦ | B18: السيرة النبوية | C18: ترخ 301 | D18: {=_xlfn.XLOOKUP($D$5,'المستوى الخامس'!A3:A68,الجدول1[الساعات (م س)])} -> 2 | E18: {=_xlfn.XLOOKUP($D$5,'المستوى الخامس'!A3:A68,الجدول1[[السيرة النبوية ]])} -> 89 | F18: {=_xlfn.XLOOKUP($D$5,'المستوى الخامس'!A3:A68,الجدول1[الوزن (م س)])} -> 4.5 | G18: {=_xlfn.XLOOKUP($D$5,'المستوى الخامس'!A3:A68,الجدول1[الرمز (م س)])} -> ب+ | H18: {=_xlfn.XLOOKUP($D$5,'المستوى الخامس'!A3:A68,الجدول1[النقاط (م س)])} -> 9
A19: =_xlfn.UNICHAR(ROW()-11+9311) -> ⑧ | B19: الدعوة والحسبة | C19: دعو 301 | D19: {=_xlfn.XLOOKUP($D$5,'المستوى الخامس'!A3:A68,الجدول1[الساعات (م د ح)])} -> 2 | E19: {=_xlfn.XLOOKUP($D$5,'المستوى الخامس'!A3:A68,الجدول1[[الدعوة الحسبة ]])} -> 70 | F19: {=_xlfn.XLOOKUP($D$5,'المستوى الخامس'!A3:A68,الجدول1[الوزن (م د ح)])} -> 3 | G19: {=_xlfn.XLOOKUP($D$5,'المستوى الخامس'!A3:A68,الجدول1[الرمز(م د ح)])} -> ج | H19: {=_xlfn.XLOOKUP($D$5,'المستوى الخامس'!A3:A68,الجدول1[النقاط(م د ح)])} -> 6
A20: =_xlfn.UNICHAR(ROW()-11+9311) -> ⑨ | B20: مصطلح الحديث 3 | C20: سند 304 | D20: {=_xlfn.XLOOKUP($D$5,'المستوى الخامس'!A3:A68,الجدول1[الساعات (م ح)])} -> 3 | E20: {=_xlfn.XLOOKUP($D$5,'المستوى الخامس'!A3:A68,الجدول1[مصطلح الحديث 3])} -> 92 | F20: {=_xlfn.XLOOKUP($D$5,'المستوى الخامس'!A3:A68,الجدول1[الوزن (م ح)])} -> 4.75 | G20: {=_xlfn.XLOOKUP($D$5,'المستوى الخامس'!A3:A68,الجدول1[الرمز (م ح)])} -> أ | H20: {=_xlfn.XLOOKUP($D$5,'المستوى الخامس'!A3:A68,الجدول1[النقاط (م ح)])} -> 14.25
A21: =_xlfn.UNICHAR(ROW()-11+9311) -> ⑩ | B21: الصرف | C21: لغة 301 | D21: {=_xlfn.XLOOKUP($D$5,'المستوى الخامس'!A3:A68,الجدول1[الساعات (م ص)])} -> 2 | E21: {=_xlfn.XLOOKUP($D$5,'المستوى الخامس'!A3:A68,الجدول1[[الصرف ]])} -> 60 | F21: {=_xlfn.XLOOKUP($D$5,'المستوى الخامس'!A3:A68,الجدول1[الوزن (م ص)])} -> 2 | G21: {=_xlfn.XLOOKUP($D$5,'المستوى الخامس'!A3:A68,الجدول1[الرمز (م ص)])} -> د | H21: {=_xlfn.XLOOKUP($D$5,'المستوى الخامس'!A3:A68,الجدول1[النقاط (م ص)])} -> 4
A22: =_xlfn.UNICHAR(ROW()-11+9311) -> ⑪ | B22: English(3) | C22: لغة 305 | D22: {=_xlfn.XLOOKUP($D$5,'المستوى الخامس'!A3:A68,الجدول1[الساعات (م ENG)])} -> 2 | E22: {=_xlfn.XLOOKUP($D$5,'المستوى الخامس'!A3:A68,الجدول1[English(3)])} -> 62 | F22: {=_xlfn.XLOOKUP($D$5,'المستوى الخامس'!A3:A68,الجدول1[الوزن (م ENG)])} -> 2 | G22: {=_xlfn.XLOOKUP($D$5,'المستوى الخامس'!A3:A68,الجدول1[الرمز (م ENG)])} -> د | H22: {=_xlfn.XLOOKUP($D$5,'المستوى الخامس'!A3:A68,الجدول1[النقاط (م ENG)])} -> 4
A23: المجموع | D23: =SUM(D12:D22) -> 24 | H23: =SUM(H12:H22) -> 75.25
A24: المعدل الفصلي | D24: {=_xlfn.XLOOKUP($D$5,'المستوى الخامس'!A3:A68,الجدول1[[المعدل الفصلي ]])} -> 3.53
A25: المعدل التراكمي | D25: {=_xlfn.XLOOKUP($D$5,'المستوى الخامس'!A3:A68,الجدول1[[المعدل التراكمي ]])} -> 3.18
A26: التقدير | D26: {=_xlfn.XLOOKUP($D$5,'المستوى الخامس'!A3:A68,الجدول1[التقدير])} -> جيد مرتفع
A27: الترتيب | D27: {=_xlfn.XLOOKUP($D$5,'المستوى الخامس'!A3:A68,الجدول1[الترتيب])} -> 43

Sheet المرجع
B3: الدرجة | C3: الوزن | D3: المعدلة | E3: رمز المعدلة | F3: التقدير
B4: 0 | C4: 0 | D4: 0 | E4: ه | F4: راسب
B5: 50 | C5: 2 | D5: 2 | E5: د | F5: مقبول
B6: 65 | C6: 2.5 | D6: 2.1 | E6: د+ | F6: مقبول مرتفع
B7: 70 | C7: 3 | D7: 2.6 | E7: ج | F7: جيد
B8: 75 | C8: 3.5 | D8: 3.1 | E8: ج+ | F8: جيد مرتفع
B9: 80 | C9: 4 | D9: 3.6 | E9: ب | F9: جيد جدا
B10: 85 | C10: 4.5 | D10: 4.1 | E10: ب+ | F10: جيد جد مرتفع
B11: 90 | C11: 4.75 | D11: 4.6 | E11: أ | F11: ممتاز
B12: 95 | C12: 5 | D12: 4.76 | E12: أ+ | F12: ممتاز مرتفع

Sheet ورقة1
C4: اسم الطالب | E4: محمد بن سمبر دكوري
C5: المستوى الأول | J5: المستوى الأول
C6: المواد | D6: الساعات | E6: الدرجة | F6: الرمز | G6: النقطة | H6: التقدير | J6: المواد | K6: الساعات | L6: الدرجة | M6: النقطة | N6: الرمز | O6: التقدير
C7: القرأن الكريم (1) | D7: =VLOOKUP(E4,'المستوى الأول 2022'!C2:BQ98,2) -> 1 | E7: =VLOOKUP(E4,'المستوى الأول 2022'!C2:BQ98,3) -> 93 | F7: =VLOOKUP(E4,'المستوى الأول 2022'!C2:BQ98,4) -> 4.75 | G7: =VLOOKUP(E4,'المستوى الأول 2022'!C2:BQ98,5) -> أ | H7: =VLOOKUP(E4,'المستوى الأول 2022'!C2:BQ98,6) -> 4.75 | J7: القرأن الكريم (1) | K7: =VLOOKUP(E4,'المستوى الثاني 2023'!C2:BG87,2) -> 1 | L7: =VLOOKUP(E4,'المستوى الثاني 2023'!C2:BG87,3) -> 71 | M7: =VLOOKUP(E4,'المستوى الثاني 2023'!C2:BG87,4) -> 3 | N7: =VLOOKUP(E4,'المستوى الثاني 2023'!C2:BG87,5) -> ج | O7: =VLOOKUP(E4,'المستوى الثاني 2023'!C2:BG87,6) -> 3
C8: المدخل إلى علوم القرآن | J8: المدخل إلى علوم القرآن
C11: المستوى الأول
C12: المواد | E12: الدرجة | F12: الرمز | G12: النقطة | H12: التقدير
C13: القرأن الكريم (1)
C14: المدخل إلى علوم القرآن
