Workbook

Sheet المستوى الأول
A1: رقم الجامعي | B1: أسماء الطلبة | C1: الساعة (م ق) | D1: القرآن الكريم | E1: الوزن (م ق) | F1: الرمز (م ق) | G1: النقاط(م ق) | H1: الساعة (م ت) | I1: التوحيد 1 | J1: الوزن (م ت) | K1: الرمز (م ت) | L1: النقاط (م ت) | M1: الساعة (م ت ع) | N1: التدوين في علم العقيدة | O1: الوزن (م ت ع) | P1: الرمز (م ت ع) | Q1: النقاط (م ت ع) | R1: الساعة ( م ب) | S1: مناهج البحث | T1: الوزن ( م ب) | U1: الرمز ( م ب) | V1: النقاط ( م ب) | W1: الساعة ( م ع ق) | X1: المدخل إلى علوم القرآن | Y1: الوزن ( م ع ق) | Z1: الرمز ( م ع ق) | AA1: النقاط ( م ع ق) | AB1: الساعة ( م تج) | AC1: التجويد | AD1: الوزن ( م تج) | AE1: الرمز ( م تج) | AF1: النقاط ( م تج) | AG1: الساعة( م ن) | AH1: النحو (1) | AI1: الوزن ( م ن) | AJ1: الرمز ( م ن) | AK1: النقاطة ( م ن) | AL1: الساعة (مEng) | AM1: English(2) | AN1: الوزن (مEng) | AO1: الرمز (مEng) | AP1: النقاط (مEng) | AQ1: مجموع النقاط | AR1: مجموع الساعات | AS1: المعدل الفصلي | AT1: التقدير | AU1: الترتيب
A2: 2025370 | B2: شعيب حبيب كبي | C2: 1 | D2: 95 | E2: =VLOOKUP(D2,[1]المرجع!$B$2:$C$11,2) -> 5 | F2: =VLOOKUP(E2,[1]المرجع!$D$2:$E$11,2) -> أ+ | G2: =E2*C2 -> 5 | H2: 3 | I2: 95 | J2: =VLOOKUP(I2,[1]المرجع!$B$2:$C$11,2) -> 5 | K2: =VLOOKUP(J2,[1]المرجع!$D$2:$E$11,2) -> أ+ | L2: =J2*H2 -> 15 | M2: 2 | N2: 100 | O2: =VLOOKUP(N2,[1]المرجع!$B$2:$C$11,2) -> 5 | P2: =VLOOKUP(O2,[1]المرجع!$D$2:$E$11,2) -> أ+ | Q2: =O2*M2 -> 10 | R2: 2 | S2: 98 | T2: =VLOOKUP(S2,[1]المرجع!$B$2:$C$11,2) -> 5 | U2: =VLOOKUP(T2,[1]المرجع!$D$2:$E$11,2) -> أ+ | V2: =T2*R2 -> 10 | W2: 2 | X2: 91 | Y2: =VLOOKUP(X2,[1]المرجع!$B$2:$C$11,2) -> 4.75 | Z2: =VLOOKUP(Y2,[1]المرجع!$D$2:$E$11,2) -> أ | AA2: =Y2*W2 -> 9.5 | AB2: 2 | AC2: 94 | AD2: =VLOOKUP(AC2,[1]المرجع!$B$2:$C$11,2) -> 4.75 | AE2: =VLOOKUP(AD2,[1]المرجع!$D$2:$E$11,2) -> أ | AF2: =AD2*AB2 -> 9.5 | AG2: 2 | AH2: 100 | AI2: =VLOOKUP(AH2,[1]المرجع!$B$2:$C$11,2) -> 5 | AJ2: =VLOOKUP(AI2,[1]المرجع!$D$2:$E$11,2) -> أ+ | AK2: =AI2*AG2 -> 10 | AL2: 2 | AM2: 96 | AN2: =VLOOKUP(AM2,[1]المرجع!$B$2:$C$11,2) -> 5 | AO2: =VLOOKUP(AN2,[1]المرجع!$D$2:$E$11,2) -> أ+ | AP2: =AN2*AL2 -> 10 | AQ2: =AP2+AK2+AF2+AA2+V2+Q2+L2+G2 -> 79 | AR2: =AL2+AG2+AB2+W2+R2+M2+H2+C2 -> 16 | AS2: =AQ2/AR2 -> 4.9375 | AT2: =VLOOKUP(AS2,المصدر!$C$1:$E$10,3) -> ممتاز مرتفع | AU2: =RANK(AS2,$AS$2:$AS$25) -> 1
A3: 2025417 | B3: فاطمة الأمين توري | C3: 1 | D3: 100 | E3: =VLOOKUP(D3,[1]المرجع!$B$2:$C$11,2) -> 5 | F3: =VLOOKUP(E3,[1]المرجع!$D$2:$E$11,2) -> أ+ | G3: =E3*C3 -> 5 | H3: 3 | I3: 100 | J3: =VLOOKUP(I3,[1]المرجع!$B$2:$C$11,2) -> 5 | K3: =VLOOKUP(J3,[1]المرجع!$D$2:$E$11,2) -> أ+ | L3: =J3*H3 -> 15 | M3: 2 | N3: 99 | O3: =VLOOKUP(N3,[1]المرجع!$B$2:$C$11,2) -> 5 | P3: =VLOOKUP(O3,[1]المرجع!$D$2:$E$11,2) -> أ+ | Q3: =O3*M3 -> 10 | R3: 2 | S3: 94 | T3: =VLOOKUP(S3,[1]المرجع!$B$2:$C$11,2) -> 4.75 | U3: =VLOOKUP(T3,[1]المرجع!$D$2:$E$11,2) -> أ | V3: =T3*R3 -> 9.5 | W3: 2 | X3: 90 | Y3: =VLOOKUP(X3,[1]المرجع!$B$2:$C$11,2) -> 4.75 | Z3: =VLOOKUP(Y3,[1]المرجع!$D$2:$E$11,2) -> أ | AA3: =Y3*W3 -> 9.5 | AB3: 2 | AC3: 85 | AD3: =VLOOKUP(AC3,[1]المرجع!$B$2:$C$11,2) -> 4.5 | AE3: =VLOOKUP(AD3,[1]المرجع!$D$2:$E$11,2) -> ب+ | AF3: =AD3*AB3 -> 9 | AG3: 2 | AH3: 96 | AI3: =VLOOKUP(AH3,[1]المرجع!$B$2:$C$11,2) -> 5 | AJ3: =VLOOKUP(AI3,[1]المرجع!$D$2:$E$11,2) -> أ+ | AK3: =AI3*AG3 -> 10 | AL3: 2 | AM3: 100 | AN3: =VLOOKUP(AM3,[1]المرجع!$B$2:$C$11,2) -> 5 | AO3: =VLOOKUP(AN3,[1]المرجع!$D$2:$E$11,2) -> أ+ | AP3: =AN3*AL3 -> 10 | AQ3: =AP3+AK3+AF3+AA3+V3+Q3+L3+G3 -> 78 | AR3: =AL3+AG3+AB3+W3+R3+M3+H3+C3 -> 16 | AS3: =AQ3/AR3 -> 4.875 | AT3: =VLOOKUP(AS3,المصدر!$C$1:$E$10,3) -> ممتاز مرتفع | AU3: =RANK(AS3,$AS$2:$AS$25) -> 2
A4: 2025426 | B4: محمد إبراهيم توري | C4: 1 | D4: 95 | E4: =VLOOKUP(D4,[1]المرجع!$B$2:$C$11,2) -> 5 | F4: =VLOOKUP(E4,[1]المرجع!$D$2:$E$11,2) -> أ+ | G4: =E4*C4 -> 5 | H4: 3 | I4: 97 | J4: =VLOOKUP(I4,[1]المرجع!$B$2:$C$11,2) -> 5 | K4: =VLOOKUP(J4,[1]المرجع!$D$2:$E$11,2) -> أ+ | L4: =J4*H4 -> 15 | M4: 2 | N4: 97 | O4: =VLOOKUP(N4,[1]المرجع!$B$2:$C$11,2) -> 5 | P4: =VLOOKUP(O4,[1]المرجع!$D$2:$E$11,2) -> أ+ | Q4: =O4*M4 -> 10 | R4: 2 | S4: 84 | T4: =VLOOKUP(S4,[1]المرجع!$B$2:$C$11,2) -> 4 | U4: =VLOOKUP(T4,[1]المرجع!$D$2:$E$11,2) -> ب | V4: =T4*R4 -> 8 | W4: 2 | X4: 90 | Y4: =VLOOKUP(X4,[1]المرجع!$B$2:$C$11,2) -> 4.75 | Z4: =VLOOKUP(Y4,[1]المرجع!$D$2:$E$11,2) -> أ | AA4: =Y4*W4 -> 9.5 | AB4: 2 | AC4: 100 | AD4: =VLOOKUP(AC4,[1]المرجع!$B$2:$C$11,2) -> 5 | AE4: =VLOOKUP(AD4,[1]المرجع!$D$2:$E$11,2) -> أ+ | AF4: =AD4*AB4 -> 10 | AG4: 2 | AH4: 99 | AI4: =VLOOKUP(AH4,[1]المرجع!$B$2:$C$11,2) -> 5 | AJ4: =VLOOKUP(AI4,[1]المرجع!$D$2:$E$11,2) -> أ+ | AK4: =AI4*AG4 -> 10 | AL4: 2 | AM4: 100 | AN4: =VLOOKUP(AM4,[1]المرجع!$B$2:$C$11,2) -> 5 | AO4: =VLOOKUP(AN4,[1]المرجع!$D$2:$E$11,2) -> أ+ | AP4: =AN4*AL4 -> 10 | AQ4: =AP4+AK4+AF4+AA4+V4+Q4+L4+G4 -> 77.5 | AR4: =AL4+AG4+AB4+W4+R4+M4+H4+C4 -> 16 | AS4: =AQ4/AR4 -> 4.84375 | AT4: =VLOOKUP(AS4,المصدر!$C$1:$E$10,3) -> ممتاز مرتفع | AU4: =RANK(AS4,$AS$2:$AS$25) -> 3
A5: 2025339 | B5: حليمة دمبا امبالو | C5: 1 | D5: 78 | E5: =VLOOKUP(D5,[1]المرجع!$B$2:$C$11,2) -> 3.5 | F5: =VLOOKUP(E5,[1]المرجع!$D$2:$E$11,2) -> ج+ | G5: =E5*C5 -> 3.5 | H5: 3 | I5: 100 | J5: =VLOOKUP(I5,[1]المرجع!$B$2:$C$11,2) -> 5 | K5: =VLOOKUP(J5,[1]المرجع!$D$2:$E$11,2) -> أ+ | L5: =J5*H5 -> 15 | M5: 2 | N5: 100 | O5: =VLOOKUP(N5,[1]المرجع!$B$2:$C$11,2) -> 5 | P5: =VLOOKUP(O5,[1]المرجع!$D$2:$E$11,2) -> أ+ | Q5: =O5*M5 -> 10 | R5: 2 | S5: 95 | T5: =VLOOKUP(S5,[1]المرجع!$B$2:$C$11,2) -> 5 | U5: =VLOOKUP(T5,[1]المرجع!$D$2:$E$11,2) -> أ+ | V5: =T5*R5 -> 10 | W5: 2 | X5: 86 | Y5: =VLOOKUP(X5,[1]المرجع!$B$2:$C$11,2) -> 4.5 | Z5: =VLOOKUP(Y5,[1]المرجع!$D$2:$E$11,2) -> ب+ | AA5: =Y5*W5 -> 9 | AB5: 2 | AC5: 79 | AD5: =VLOOKUP(AC5,[1]المرجع!$B$2:$C$11,2) -> 3.5 | AE5: =VLOOKUP(AD5,[1]المرجع!$D$2:$E$11,2) -> ج+ | AF5: =AD5*AB5 -> 7 | AG5: 2 | AH5: 96 | AI5: =VLOOKUP(AH5,[1]المرجع!$B$2:$C$11,2) -> 5 | AJ5: =VLOOKUP(AI5,[1]المرجع!$D$2:$E$11,2) -> أ+ | AK5: =AI5*AG5 -> 10 | AL5: 2 | AM5: 98 | AN5: =VLOOKUP(AM5,[1]المرجع!$B$2:$C$11,2) -> 5 | AO5: =VLOOKUP(AN5,[1]المرجع!$D$2:$E$11,2) -> أ+ | AP5: =AN5*AL5 -> 10 | AQ5: =AP5+AK5+AF5+AA5+V5+Q5+L5+G5 -> 74.5 | AR5: =AL5+AG5+AB5+W5+R5+M5+H5+C5 -> 16 | AS5: =AQ5/AR5 -> 4.65625 | AT5: =VLOOKUP(AS5,المصدر!$C$1:$E$10,3) -> ممتاز | AU5: =RANK(AS5,$AS$2:$AS$25) -> 4
A6: 2025326 | B6: فاطمة إسماعيل بارو | C6: 1 | D6: 86 | E6: =VLOOKUP(D6,[1]المرجع!$B$2:$C$11,2) -> 4.5 | F6: =VLOOKUP(E6,[1]المرجع!$D$2:$E$11,2) -> ب+ | G6: =E6*C6 -> 4.5 | H6: 3 | I6: 94 | J6: =VLOOKUP(I6,[1]المرجع!$B$2:$C$11,2) -> 4.75 | K6: =VLOOKUP(J6,[1]المرجع!$D$2:$E$11,2) -> أ | L6: =J6*H6 -> 14.25 | M6: 2 | N6: 80 | O6: =VLOOKUP(N6,[1]المرجع!$B$2:$C$11,2) -> 4 | P6: =VLOOKUP(O6,[1]المرجع!$D$2:$E$11,2) -> ب | Q6: =O6*M6 -> 8 | R6: 2 | S6: 96 | T6: =VLOOKUP(S6,[1]المرجع!$B$2:$C$11,2) -> 5 | U6: =VLOOKUP(T6,[1]المرجع!$D$2:$E$11,2) -> أ+ | V6: =T6*R6 -> 10 | W6: 2 | X6: 81 | Y6: =VLOOKUP(X6,[1]المرجع!$B$2:$C$11,2) -> 4 | Z6: =VLOOKUP(Y6,[1]المرجع!$D$2:$E$11,2) -> ب | AA6: =Y6*W6 -> 8 | AB6: 2 | AC6: 89 | AD6: =VLOOKUP(AC6,[1]المرجع!$B$2:$C$11,2) -> 4.5 | AE6: =VLOOKUP(AD6,[1]المرجع!$D$2:$E$11,2) -> ب+ | AF6: =AD6*AB6 -> 9 | AG6: 2 | AH6: 97 | AI6: =VLOOKUP(AH6,[1]المرجع!$B$2:$C$11,2) -> 5 | AJ6: =VLOOKUP(AI6,[1]المرجع!$D$2:$E$11,2) -> أ+ | AK6: =AI6*AG6 -> 10 | AL6: 2 | AM6: 98 | AN6: =VLOOKUP(AM6,[1]المرجع!$B$2:$C$11,2) -> 5 | AO6: =VLOOKUP(AN6,[1]المرجع!$D$2:$E$11,2) -> أ+ | AP6: =AN6*AL6 -> 10 | AQ6: =AP6+AK6+AF6+AA6+V6+Q6+L6+G6 -> 73.75 | AR6: =AL6+AG6+AB6+W6+R6+M6+H6+C6 -> 16 | AS6: =AQ6/AR6 -> 4.609375 | AT6: =VLOOKUP(AS6,المصدر!$C$1:$E$10,3) -> ممتاز | AU6: =RANK(AS6,$AS$2:$AS$25) -> 5
A7: 2025379 | B7: لالية شيخ تونكارا | C7: 1 | D7: 84 | E7: =VLOOKUP(D7,[1]المرجع!$B$2:$C$11,2) -> 4 | F7: =VLOOKUP(E7,[1]المرجع!$D$2:$E$11,2) -> ب | G7: =E7*C7 -> 4 | H7: 3 | I7: 100 | J7: =VLOOKUP(I7,[1]المرجع!$B$2:$C$11,2) -> 5 | K7: =VLOOKUP(J7,[1]المرجع!$D$2:$E$11,2) -> أ+ | L7: =J7*H7 -> 15 | M7: 2 | N7: 80 | O7: =VLOOKUP(N7,[1]المرجع!$B$2:$C$11,2) -> 4 | P7: =VLOOKUP(O7,[1]المرجع!$D$2:$E$11,2) -> ب | Q7: =O7*M7 -> 8 | R7: 2 | S7: 81 | T7: =VLOOKUP(S7,[1]المرجع!$B$2:$C$11,2) -> 4 | U7: =VLOOKUP(T7,[1]المرجع!$D$2:$E$11,2) -> ب | V7: =T7*R7 -> 8 | W7: 2 | X7: 80 | Y7: =VLOOKUP(X7,[1]المرجع!$B$2:$C$11,2) -> 4 | Z7: =VLOOKUP(Y7,[1]المرجع!$D$2:$E$11,2) -> ب | AA7: =Y7*W7 -> 8 | AB7: 2 | AC7: 90 | AD7: =VLOOKUP(AC7,[1]المرجع!$B$2:$C$11,2) -> 4.75 | AE7: =VLOOKUP(AD7,[1]المرجع!$D$2:$E$11,2) -> أ | AF7: =AD7*AB7 -> 9.5 | AG7: 2 | AH7: 98 | AI7: =VLOOKUP(AH7,[1]المرجع!$B$2:$C$11,2) -> 5 | AJ7: =VLOOKUP(AI7,[1]المرجع!$D$2:$E$11,2) -> أ+ | AK7: =AI7*AG7 -> 10 | AL7: 2 | AM7: 98 | AN7: =VLOOKUP(AM7,[1]المرجع!$B$2:$C$11,2) -> 5 | AO7: =VLOOKUP(AN7,[1]المرجع!$D$2:$E$11,2) -> أ+ | AP7: =AN7*AL7 -> 10 | AQ7: =AP7+AK7+AF7+AA7+V7+Q7+L7+G7 -> 72.5 | AR7: =AL7+AG7+AB7+W7+R7+M7+H7+C7 -> 16 | AS7: =AQ7/AR7 -> 4.53125 | AT7: =VLOOKUP(AS7,المصدر!$C$1:$E$10,3) -> جيد جد مرتفع | AU7: =RANK(AS7,$AS$2:$AS$25) -> 6
A8: 2025322 | B8: عثمان سراج كروما | C8: 1 | D8: 91 | E8: =VLOOKUP(D8,[1]المرجع!$B$2:$C$11,2) -> 4.75 | F8: =VLOOKUP(E8,[1]المرجع!$D$2:$E$11,2) -> أ | G8: =E8*C8 -> 4.75 | H8: 3 | I8: 99 | J8: =VLOOKUP(I8,[1]المرجع!$B$2:$C$11,2) -> 5 | K8: =VLOOKUP(J8,[1]المرجع!$D$2:$E$11,2) -> أ+ | L8: =J8*H8 -> 15 | M8: 2 | N8: 97 | O8: =VLOOKUP(N8,[1]المرجع!$B$2:$C$11,2) -> 5 | P8: =VLOOKUP(O8,[1]المرجع!$D$2:$E$11,2) -> أ+ | Q8: =O8*M8 -> 10 | R8: 2 | S8: 93 | T8: =VLOOKUP(S8,[1]المرجع!$B$2:$C$11,2) -> 4.75 | U8: =VLOOKUP(T8,[1]المرجع!$D$2:$E$11,2) -> أ | V8: =T8*R8 -> 9.5 | W8: 2 | X8: 79 | Y8: =VLOOKUP(X8,[1]المرجع!$B$2:$C$11,2) -> 3.5 | Z8: =VLOOKUP(Y8,[1]المرجع!$D$2:$E$11,2) -> ج+ | AA8: =Y8*W8 -> 7 | AB8: 2 | AC8: 59 | AD8: =VLOOKUP(AC8,[1]المرجع!$B$2:$C$11,2) -> 2 | AE8: =VLOOKUP(AD8,[1]المرجع!$D$2:$E$11,2) -> د | AF8: =AD8*AB8 -> 4 | AG8: 2 | AH8: 91 | AI8: =VLOOKUP(AH8,[1]المرجع!$B$2:$C$11,2) -> 4.75 | AJ8: =VLOOKUP(AI8,[1]المرجع!$D$2:$E$11,2) -> أ | AK8: =AI8*AG8 -> 9.5 | AL8: 2 | AM8: 100 | AN8: =VLOOKUP(AM8,[1]المرجع!$B$2:$C$11,2) -> 5 | AO8: =VLOOKUP(AN8,[1]المرجع!$D$2:$E$11,2) -> أ+ | AP8: =AN8*AL8 -> 10 | AQ8: =AP8+AK8+AF8+AA8+V8+Q8+L8+G8 -> 69.75 | AR8: =AL8+AG8+AB8+W8+R8+M8+H8+C8 -> 16 | AS8: =AQ8/AR8 -> 4.359375 | AT8: =VLOOKUP(AS8,المصدر!$C$1:$E$10,3) -> جيد جد مرتفع | AU8: =RANK(AS8,$AS$2:$AS$25) -> 7
A9: 2025404 | B9: عائشة محمد توري | C9: 1 | D9: 84 | E9: =VLOOKUP(D9,[1]المرجع!$B$2:$C$11,2) -> 4 | F9: =VLOOKUP(E9,[1]المرجع!$D$2:$E$11,2) -> ب | G9: =E9*C9 -> 4 | H9: 3 | I9: 97 | J9: =VLOOKUP(I9,[1]المرجع!$B$2:$C$11,2) -> 5 | K9: =VLOOKUP(J9,[1]المرجع!$D$2:$E$11,2) -> أ+ | L9: =J9*H9 -> 15 | M9: 2 | N9: 100 | O9: =VLOOKUP(N9,[1]المرجع!$B$2:$C$11,2) -> 5 | P9: =VLOOKUP(O9,[1]المرجع!$D$2:$E$11,2) -> أ+ | Q9: =O9*M9 -> 10 | R9: 2 | S9: 83 | T9: =VLOOKUP(S9,[1]المرجع!$B$2:$C$11,2) -> 4 | U9: =VLOOKUP(T9,[1]المرجع!$D$2:$E$11,2) -> ب | V9: =T9*R9 -> 8 | W9: 2 | X9: 74 | Y9: =VLOOKUP(X9,[1]المرجع!$B$2:$C$11,2) -> 3 | Z9: =VLOOKUP(Y9,[1]المرجع!$D$2:$E$11,2) -> ج | AA9: =Y9*W9 -> 6 | AB9: 2 | AC9: 63 | AD9: =VLOOKUP(AC9,[1]المرجع!$B$2:$C$11,2) -> 2 | AE9: =VLOOKUP(AD9,[1]المرجع!$D$2:$E$11,2) -> د | AF9: =AD9*AB9 -> 4 | AG9: 2 | AH9: 94 | AI9: =VLOOKUP(AH9,[1]المرجع!$B$2:$C$11,2) -> 4.75 | AJ9: =VLOOKUP(AI9,[1]المرجع!$D$2:$E$11,2) -> أ | AK9: =AI9*AG9 -> 9.5 | AL9: 2 | AM9: 93 | AN9: =VLOOKUP(AM9,[1]المرجع!$B$2:$C$11,2) -> 4.75 | AO9: =VLOOKUP(AN9,[1]المرجع!$D$2:$E$11,2) -> أ | AP9: =AN9*AL9 -> 9.5 | AQ9: =AP9+AK9+AF9+AA9+V9+Q9+L9+G9 -> 66 | AR9: =AL9+AG9+AB9+W9+R9+M9+H9+C9 -> 16 | AS9: =AQ9/AR9 -> 4.125 | AT9: =VLOOKUP(AS9,المصدر!$C$1:$E$10,3) -> جيد جد مرتفع | AU9: =RANK(AS9,$AS$2:$AS$25) -> 8
A10: 2025387 | B10: جالبا محمد كونتي | C10: 1 | D10: 97 | E10: =VLOOKUP(D10,[1]المرجع!$B$2:$C$11,2) -> 5 | F10: =VLOOKUP(E10,[1]المرجع!$D$2:$E$11,2) -> أ+ | G10: =E10*C10 -> 5 | H10: 3 | I10: 100 | J10: =VLOOKUP(I10,[1]المرجع!$B$2:$C$11,2) -> 5 | K10: =VLOOKUP(J10,[1]المرجع!$D$2:$E$11,2) -> أ+ | L10: =J10*H10 -> 15 | M10: 2 | N10: 97 | O10: =VLOOKUP(N10,[1]المرجع!$B$2:$C$11,2) -> 5 | P10: =VLOOKUP(O10,[1]المرجع!$D$2:$E$11,2) -> أ+ | Q10: =O10*M10 -> 10 | R10: 2 | S10: 69 | T10: =VLOOKUP(S10,[1]المرجع!$B$2:$C$11,2) -> 2.5 | U10: =VLOOKUP(T10,[1]المرجع!$D$2:$E$11,2) -> د+ | V10: =T10*R10 -> 5 | W10: 2 | X10: 79 | Y10: =VLOOKUP(X10,[1]المرجع!$B$2:$C$11,2) -> 3.5 | Z10: =VLOOKUP(Y10,[1]المرجع!$D$2:$E$11,2) -> ج+ | AA10: =Y10*W10 -> 7 | AB10: 2 | AC10: 94 | AD10: =VLOOKUP(AC10,[1]المرجع!$B$2:$C$11,2) -> 4.75 | AE10: =VLOOKUP(AD10,[1]المرجع!$D$2:$E$11,2) -> أ | AF10: =AD10*AB10 -> 9.5 | AG10: 2 | AH10: 66 | AI10: =VLOOKUP(AH10,[1]المرجع!$B$2:$C$11,2) -> 2.5 | AJ10: =VLOOKUP(AI10,[1]المرجع!$D$2:$E$11,2) -> د+ | AK10: =AI10*AG10 -> 5 | AL10: 2 | AM10: 81 | AN10: =VLOOKUP(AM10,[1]المرجع!$B$2:$C$11,2) -> 4 | AO10: =VLOOKUP(AN10,[1]المرجع!$D$2:$E$11,2) -> ب | AP10: =AN10*AL10 -> 8 | AQ10: =AP10+AK10+AF10+AA10+V10+Q10+L10+G10 -> 64.5 | AR10: =AL10+AG10+AB10+W10+R10+M10+H10+C10 -> 16 | AS10: =AQ10/AR10 -> 4.03125 | AT10: =VLOOKUP(AS10,المصدر!$C$1:$E$10,3) -> جيد جدا | AU10: =RANK(AS10,$AS$2:$AS$25) -> 9
A11: 2025323 | B11: شيخ إبراهيم حيدرا | C11: 1 | D11: 93 | E11: =VLOOKUP(D11,[1]المرجع!$B$2:$C$11,2) -> 4.75 | F11: =VLOOKUP(E11,[1]المرجع!$D$2:$E$11,2) -> أ | G11: =E11*C11 -> 4.75 | H11: 3 | I11: 89 | J11: =VLOOKUP(I11,[1]المرجع!$B$2:$C$11,2) -> 4.5 | K11: =VLOOKUP(J11,[1]المرجع!$D$2:$E$11,2) -> ب+ | L11: =J11*H11 -> 13.5 | M11: 2 | N11: 95 | O11: =VLOOKUP(N11,[1]المرجع!$B$2:$C$11,2) -> 5 | P11: =VLOOKUP(O11,[1]المرجع!$D$2:$E$11,2) -> أ+ | Q11: =O11*M11 -> 10 | R11: 2 | S11: 77 | T11: =VLOOKUP(S11,[1]المرجع!$B$2:$C$11,2) -> 3.5 | U11: =VLOOKUP(T11,[1]المرجع!$D$2:$E$11,2) -> ج+ | V11: =T11*R11 -> 7 | W11: 2 | X11: 72 | Y11: =VLOOKUP(X11,[1]المرجع!$B$2:$C$11,2) -> 3 | Z11: =VLOOKUP(Y11,[1]المرجع!$D$2:$E$11,2) -> ج | AA11: =Y11*W11 -> 6 | AB11: 2 | AC11: 74 | AD11: =VLOOKUP(AC11,[1]المرجع!$B$2:$C$11,2) -> 3 | AE11: =VLOOKUP(AD11,[1]المرجع!$D$2:$E$11,2) -> ج | AF11: =AD11*AB11 -> 6 | AG11: 2 | AH11: 92 | AI11: =VLOOKUP(AH11,[1]المرجع!$B$2:$C$11,2) -> 4.75 | AJ11: =VLOOKUP(AI11,[1]المرجع!$D$2:$E$11,2) -> أ | AK11: =AI11*AG11 -> 9.5 | AL11: 2 | AM11: 72 | AN11: =VLOOKUP(AM11,[1]المرجع!$B$2:$C$11,2) -> 3 | AO11: =VLOOKUP(AN11,[1]المرجع!$D$2:$E$11,2) -> ج | AP11: =AN11*AL11 -> 6 | AQ11: =AP11+AK11+AF11+AA11+V11+Q11+L11+G11 -> 62.75 | AR11: =AL11+AG11+AB11+W11+R11+M11+H11+C11 -> 16 | AS11: =AQ11/AR11 -> 3.921875 | AT11: =VLOOKUP(AS11,المصدر!$C$1:$E$10,3) -> جيد جدا | AU11: =RANK(AS11,$AS$2:$AS$25) -> 10
A12: 2025376 | B12: مالا إبراهيم سانيا | C12: 1 | D12: 95 | E12: =VLOOKUP(D12,[1]المرجع!$B$2:$C$11,2) -> 5 | F12: =VLOOKUP(E12,[1]المرجع!$D$2:$E$11,2) -> أ+ | G12: =E12*C12 -> 5 | H12: 3 | I12: 89 | J12: =VLOOKUP(I12,[1]المرجع!$B$2:$C$11,2) -> 4.5 | K12: =VLOOKUP(J12,[1]المرجع!$D$2:$E$11,2) -> ب+ | L12: =J12*H12 -> 13.5 | M12: 2 | N12: 88 | O12: =VLOOKUP(N12,[1]المرجع!$B$2:$C$11,2) -> 4.5 | P12: =VLOOKUP(O12,[1]المرجع!$D$2:$E$11,2) -> ب+ | Q12: =O12*M12 -> 9 | R12: 2 | S12: 70 | T12: =VLOOKUP(S12,[1]المرجع!$B$2:$C$11,2) -> 3 | U12: =VLOOKUP(T12,[1]المرجع!$D$2:$E$11,2) -> ج | V12: =T12*R12 -> 6 | W12: 2 | X12: 79 | Y12: =VLOOKUP(X12,[1]المرجع!$B$2:$C$11,2) -> 3.5 | Z12: =VLOOKUP(Y12,[1]المرجع!$D$2:$E$11,2) -> ج+ | AA12: =Y12*W12 -> 7 | AB12: 2 | AC12: 74 | AD12: =VLOOKUP(AC12,[1]المرجع!$B$2:$C$11,2) -> 3 | AE12: =VLOOKUP(AD12,[1]المرجع!$D$2:$E$11,2) -> ج | AF12: =AD12*AB12 -> 6 | AG12: 2 | AH12: 97 | AI12: =VLOOKUP(AH12,[1]المرجع!$B$2:$C$11,2) -> 5 | AJ12: =VLOOKUP(AI12,[1]المرجع!$D$2:$E$11,2) -> أ+ | AK12: =AI12*AG12 -> 10 | AL12: 2 | AM12: 65 | AN12: =VLOOKUP(AM12,[1]المرجع!$B$2:$C$11,2) -> 2.5 | AO12: =VLOOKUP(AN12,[1]المرجع!$D$2:$E$11,2) -> د+ | AP12: =AN12*AL12 -> 5 | AQ12: =AP12+AK12+AF12+AA12+V12+Q12+L12+G12 -> 61.5 | AR12: =AL12+AG12+AB12+W12+R12+M12+H12+C12 -> 16 | AS12: =AQ12/AR12 -> 3.84375 | AT12: =VLOOKUP(AS12,المصدر!$C$1:$E$10,3) -> جيد جدا | AU12: =RANK(AS12,$AS$2:$AS$25) -> 11
A13: 2025386 | B13: جنة شيخنا درامي | C13: 1 | D13: 60 | E13: =VLOOKUP(D13,[1]المرجع!$B$2:$C$11,2) -> 2 | F13: =VLOOKUP(E13,[1]المرجع!$D$2:$E$11,2) -> د | G13: =E13*C13 -> 2 | H13: 3 | I13: 99 | J13: =VLOOKUP(I13,[1]المرجع!$B$2:$C$11,2) -> 5 | K13: =VLOOKUP(J13,[1]المرجع!$D$2:$E$11,2) -> أ+ | L13: =J13*H13 -> 15 | M13: 2 | N13: 100 | O13: =VLOOKUP(N13,[1]المرجع!$B$2:$C$11,2) -> 5 | P13: =VLOOKUP(O13,[1]المرجع!$D$2:$E$11,2) -> أ+ | Q13: =O13*M13 -> 10 | R13: 2 | S13: 67 | T13: =VLOOKUP(S13,[1]المرجع!$B$2:$C$11,2) -> 2.5 | U13: =VLOOKUP(T13,[1]المرجع!$D$2:$E$11,2) -> د+ | V13: =T13*R13 -> 5 | W13: 2 | X13: 76 | Y13: =VLOOKUP(X13,[1]المرجع!$B$2:$C$11,2) -> 3.5 | Z13: =VLOOKUP(Y13,[1]المرجع!$D$2:$E$11,2) -> ج+ | AA13: =Y13*W13 -> 7 | AB13: 2 | AC13: 50 | AD13: =VLOOKUP(AC13,[1]المرجع!$B$2:$C$11,2) -> 2 | AE13: =VLOOKUP(AD13,[1]المرجع!$D$2:$E$11,2) -> د | AF13: =AD13*AB13 -> 4 | AG13: 2 | AH13: 96 | AI13: =VLOOKUP(AH13,[1]المرجع!$B$2:$C$11,2) -> 5 | AJ13: =VLOOKUP(AI13,[1]المرجع!$D$2:$E$11,2) -> أ+ | AK13: =AI13*AG13 -> 10 | AL13: 2 | AM13: 83 | AN13: =VLOOKUP(AM13,[1]المرجع!$B$2:$C$11,2) -> 4 | AO13: =VLOOKUP(AN13,[1]المرجع!$D$2:$E$11,2) -> ب | AP13: =AN13*AL13 -> 8 | AQ13: =AP13+AK13+AF13+AA13+V13+Q13+L13+G13 -> 61 | AR13: =AL13+AG13+AB13+W13+R13+M13+H13+C13 -> 16 | AS13: =AQ13/AR13 -> 3.8125 | AT13: =VLOOKUP(AS13,المصدر!$C$1:$E$10,3) -> جيد جدا | AU13: =RANK(AS13,$AS$2:$AS$25) -> 12
... A22: 2025391 | B22: درامي محمد | C22: 1 | D22: 0 | E22: =VLOOKUP(D22,[1]المرجع!$B$2:$C$11,2) -> 0 | F22: =VLOOKUP(E22,[1]المرجع!$D$2:$E$11,2) -> ه | G22: =E22*C22 -> 0 | H22: 3 | I22: 61 | J22: =VLOOKUP(I22,[1]المرجع!$B$2:$C$11,2) -> 2 | K22: =VLOOKUP(J22,[1]المرجع!$D$2:$E$11,2) -> د | L22: =J22*H22 -> 6 | M22: 2 | N22: 58 | O22: =VLOOKUP(N22,[1]المرجع!$B$2:$C$11,2) -> 2 | P22: =VLOOKUP(O22,[1]المرجع!$D$2:$E$11,2) -> د | Q22: =O22*M22 -> 4 | R22: 2 | S22: 50 | T22: =VLOOKUP(S22,[1]المرجع!$B$2:$C$11,2) -> 2 | U22: =VLOOKUP(T22,[1]المرجع!$D$2:$E$11,2) -> د | V22: =T22*R22 -> 4 | W22: 2 | X22: 50 | Y22: =VLOOKUP(X22,[1]المرجع!$B$2:$C$11,2) -> 2 | Z22: =VLOOKUP(Y22,[1]المرجع!$D$2:$E$11,2) -> د | AA22: =Y22*W22 -> 4 | AB22: 2 | AC22: 10 | AD22: =VLOOKUP(AC22,[1]المرجع!$B$2:$C$11,2) -> 0 | AE22: =VLOOKUP(AD22,[1]المرجع!$D$2:$E$11,2) -> ه | AF22: =AD22*AB22 -> 0 | AG22: 2 | AH22: 61 | AI22: =VLOOKUP(AH22,[1]المرجع!$B$2:$C$11,2) -> 2 | AJ22: =VLOOKUP(AI22,[1]المرجع!$D$2:$E$11,2) -> د | AK22: =AI22*AG22 -> 4 | AL22: 2 | AM22: 30 | AN22: =VLOOKUP(AM22,[1]المرجع!$B$2:$C$11,2) -> 0 | AO22: =VLOOKUP(AN22,[1]المرجع!$D$2:$E$11,2) -> ه | AP22: =AN22*AL22 -> 0 | AQ22: =AP22+AK22+AF22+AA22+V22+Q22+L22+G22 -> 22 | AR22: =AL22+AG22+AB22+W22+R22+M22+H22+C22 -> 16 | AS22: =AQ22/AR22 -> 1.375 | AT22: =VLOOKUP(AS22,المصدر!$C$1:$E$10,3) -> راسب | AU22: =RANK(AS22,$AS$2:$AS$25) -> 21
A23: 2025400 | B23: عمر محمد جاورا | C23: 1 | D23: 30 | E23: =VLOOKUP(D23,[1]المرجع!$B$2:$C$11,2) -> 0 | F23: =VLOOKUP(E23,[1]المرجع!$D$2:$E$11,2) -> ه | G23: =E23*C23 -> 0 | H23: 3 | I23: 30 | J23: =VLOOKUP(I23,[1]المرجع!$B$2:$C$11,2) -> 0 | K23: =VLOOKUP(J23,[1]المرجع!$D$2:$E$11,2) -> ه | L23: =J23*H23 -> 0 | M23: 2 | N23: 30 | O23: =VLOOKUP(N23,[1]المرجع!$B$2:$C$11,2) -> 0 | P23: =VLOOKUP(O23,[1]المرجع!$D$2:$E$11,2) -> ه | Q23: =O23*M23 -> 0 | R23: 2 | S23: 23 | T23: =VLOOKUP(S23,[1]المرجع!$B$2:$C$11,2) -> 0 | U23: =VLOOKUP(T23,[1]المرجع!$D$2:$E$11,2) -> ه | V23: =T23*R23 -> 0 | W23: 2 | X23: 25 | Y23: =VLOOKUP(X23,[1]المرجع!$B$2:$C$11,2) -> 0 | Z23: =VLOOKUP(Y23,[1]المرجع!$D$2:$E$11,2) -> ه | AA23: =Y23*W23 -> 0 | AB23: 2 | AC23: 30 | AD23: =VLOOKUP(AC23,[1]المرجع!$B$2:$C$11,2) -> 0 | AE23: =VLOOKUP(AD23,[1]المرجع!$D$2:$E$11,2) -> ه | AF23: =AD23*AB23 -> 0 | AG23: 2 | AH23: 30 | AI23: =VLOOKUP(AH23,[1]المرجع!$B$2:$C$11,2) -> 0 | AJ23: =VLOOKUP(AI23,[1]المرجع!$D$2:$E$11,2) -> ه | AK23: =AI23*AG23 -> 0 | AL23: 2 | AM23: =30+45 -> 75 | AN23: =VLOOKUP(AM23,[1]المرجع!$B$2:$C$11,2) -> 3.5 | AO23: =VLOOKUP(AN23,[1]المرجع!$D$2:$E$11,2) -> ج+ | AP23: =AN23*AL23 -> 7 | AQ23: =AP23+AK23+AF23+AA23+V23+Q23+L23+G23 -> 7 | AR23: =AL23+AG23+AB23+W23+R23+M23+H23+C23 -> 16 | AS23: =AQ23/AR23 -> 0.4375 | AT23: =VLOOKUP(AS23,المصدر!$C$1:$E$10,3) -> راسب | AU23: =RANK(AS23,$AS$2:$AS$25) -> 22
A24: 2025349 | B24: تيجان جدو سيصوغو | C24: 1 | D24: 0 | E24: =VLOOKUP(D24,[1]المرجع!$B$2:$C$11,2) -> 0 | F24: =VLOOKUP(E24,[1]المرجع!$D$2:$E$11,2) -> ه | G24: =E24*C24 -> 0 | H24: 3 | I24: 0 | J24: =VLOOKUP(I24,[1]المرجع!$B$2:$C$11,2) -> 0 | K24: =VLOOKUP(J24,[1]المرجع!$D$2:$E$11,2) -> ه | L24: =J24*H24 -> 0 | M24: 2 | N24: 0 | O24: =VLOOKUP(N24,[1]المرجع!$B$2:$C$11,2) -> 0 | P24: =VLOOKUP(O24,[1]المرجع!$D$2:$E$11,2) -> ه | Q24: =O24*M24 -> 0 | R24: 2 | S24: 20 | T24: =VLOOKUP(S24,[1]المرجع!$B$2:$C$11,2) -> 0 | U24: =VLOOKUP(T24,[1]المرجع!$D$2:$E$11,2) -> ه | V24: =T24*R24 -> 0 | W24: 2 | X24: 0 | Y24: =VLOOKUP(X24,[1]المرجع!$B$2:$C$11,2) -> 0 | Z24: =VLOOKUP(Y24,[1]المرجع!$D$2:$E$11,2) -> ه | AA24: =Y24*W24 -> 0 | AB24: 2 | AC24: 19 | AD24: =VLOOKUP(AC24,[1]المرجع!$B$2:$C$11,2) -> 0 | AE24: =VLOOKUP(AD24,[1]المرجع!$D$2:$E$11,2) -> ه | AF24: =AD24*AB24 -> 0 | AG24: 2 | AH24: 25 | AI24: =VLOOKUP(AH24,[1]المرجع!$B$2:$C$11,2) -> 0 | AJ24: =VLOOKUP(AI24,[1]المرجع!$D$2:$E$11,2) -> ه | AK24: =AI24*AG24 -> 0 | AL24: 2 | AM24: 22 | AN24: =VLOOKUP(AM24,[1]المرجع!$B$2:$C$11,2) -> 0 | AO24: =VLOOKUP(AN24,[1]المرجع!$D$2:$E$11,2) -> ه | AP24: =AN24*AL24 -> 0 | AQ24: =AP24+AK24+AF24+AA24+V24+Q24+L24+G24 -> 0 | AR24: =AL24+AG24+AB24+W24+R24+M24+H24+C24 -> 16 | AS24: =AQ24/AR24 -> 0 | AT24: =VLOOKUP(AS24,المصدر!$C$1:$E$10,3) -> راسب | AU24: =RANK(AS24,$AS$2:$AS$25) -> 23
A25: 2025414 | B25: إدريس باكر ماني | C25: 1 | D25: 0 | E25: =VLOOKUP(D25,[1]المرجع!$B$2:$C$11,2) -> 0 | F25: =VLOOKUP(E25,[1]المرجع!$D$2:$E$11,2) -> ه | G25: =E25*C25 -> 0 | H25: 3 | I25: 0 | J25: =VLOOKUP(I25,[1]المرجع!$B$2:$C$11,2) -> 0 | K25: =VLOOKUP(J25,[1]المرجع!$D$2:$E$11,2) -> ه | L25: =J25*H25 -> 0 | M25: 2 | N25: 0 | O25: =VLOOKUP(N25,[1]المرجع!$B$2:$C$11,2) -> 0 | P25: =VLOOKUP(O25,[1]المرجع!$D$2:$E$11,2) -> ه | Q25: =O25*M25 -> 0 | R25: 2 | S25: 21 | T25: =VLOOKUP(S25,[1]المرجع!$B$2:$C$11,2) -> 0 | U25: =VLOOKUP(T25,[1]المرجع!$D$2:$E$11,2) -> ه | V25: =T25*R25 -> 0 | W25: 2 | X25: 0 | Y25: =VLOOKUP(X25,[1]المرجع!$B$2:$C$11,2) -> 0 | Z25: =VLOOKUP(Y25,[1]المرجع!$D$2:$E$11,2) -> ه | AA25: =Y25*W25 -> 0 | AB25: 2 | AC25: 0 | AD25: =VLOOKUP(AC25,[1]المرجع!$B$2:$C$11,2) -> 0 | AE25: =VLOOKUP(AD25,[1]المرجع!$D$2:$E$11,2) -> ه | AF25: =AD25*AB25 -> 0 | AG25: 2 | AI25: =VLOOKUP(AH25,[1]المرجع!$B$2:$C$11,2) -> 0 | AJ25: =VLOOKUP(AI25,[1]المرجع!$D$2:$E$11,2) -> ه | AK25: =AI25*AG25 -> 0 | AL25: 2 | AM25: 0 | AN25: =VLOOKUP(AM25,[1]المرجع!$B$2:$C$11,2) -> 0 | AO25: =VLOOKUP(AN25,[1]المرجع!$D$2:$E$11,2) -> ه | AP25: =AN25*AL25 -> 0 | AQ25: =AP25+AK25+AF25+AA25+V25+Q25+L25+G25 -> 0 | AR25: =AL25+AG25+AB25+W25+R25+M25+H25+C25 -> 16 | AS25: =AQ25/AR25 -> 0 | AT25: =VLOOKUP(AS25,المصدر!$C$1:$E$10,3) -> راسب | AU25: =RANK(AS25,$AS$2:$AS$25) -> 23

Sheet المصدر
A1: الدرجة | B1: الوزن | C1: المعدلة | D1: رمز المعدلة | E1: التقدير
A2: 0 | B2: 0 | C2: 0 | D2: ه | E2: راسب
A3: 50 | B3: 2 | C3: 2 | D3: د | E3: مقبول
A4: 65 | B4: 2.5 | C4: 2.1 | D4: د+ | E4: مقبول مرتفع
A5: 70 | B5: 3 | C5: 2.6 | D5: ج | E5: جيد
A6: 75 | B6: 3.5 | C6: 3.1 | D6: ج+ | E6: جيد مرتفع
A7: 80 | B7: 4 | C7: 3.6 | D7: ب | E7: جيد جدا
A8: 85 | B8: 4.5 | C8: 4.1 | D8: ب+ | E8: جيد جد مرتفع
A9: 90 | B9: 4.75 | C9: 4.6 | D9: أ | E9: ممتاز
A10: 95 | B10: 5 | C10: 4.76 | D10: أ+ | E10: ممتاز مرتفع

Sheet كشف م 1
A5: الرقم الجامعي | D5: 2025339
A6: اسم الطالب/ ة | D6: {=_xlfn.XLOOKUP($D$5,'المستوى الأول'!A2:A25,الجدول1[[أسماء الطلبة ]])} -> حليمة دمبا امبالو
A7: الكلية | D7: العقيدة والدعوة
A8: المستوى | D8: الأول
A9: م | B9: الفصل الأول/ 2025-2026
B10: المقرر | E10: الدرجة النهائة | F10: التقدير | H10: النقاط
B11: اسمه | C11: رمزه | D11: ساعته | F11: وزنه | G11: رمزه
A12: =_xlfn.UNICHAR(ROW()-11+9311) -> ① | B12: القرآن الكريم | C12: قرأ 101 | D12: {=_xlfn.XLOOKUP($D$5,'المستوى الأول'!A2:A25,الجدول1[الساعة (م ق)])} -> 1 | E12: {=_xlfn.XLOOKUP($D$5,'المستوى الأول'!A2:A25,الجدول1[[القرآن الكريم ]])} -> 78 | F12: {=_xlfn.XLOOKUP($D$5,'المستوى الأول'!A2:A25,الجدول1[الوزن (م ق)])} -> 3.5 | G12: {=_xlfn.XLOOKUP($D$5,'المستوى الأول'!A2:A25,الجدول1[الرمز (م ق)])} -> ج+ | H12: {=_xlfn.XLOOKUP($D$5,'المستوى الأول'!A2:A25,الجدول1[النقاط(م ق)])} -> 3.5
A13: =_xlfn.UNICHAR(ROW()-11+9311) -> ② | B13: العقيدة 1 | C13: عقد 101 | D13: {=_xlfn.XLOOKUP($D$5,'المستوى الأول'!A2:A25,الجدول1[الساعة (م ت)])} -> 3 | E13: {=_xlfn.XLOOKUP($D$5,'المستوى الأول'!A2:A25,الجدول1[التوحيد 1])} -> 100 | F13: {=_xlfn.XLOOKUP($D$5,'المستوى الأول'!A2:A25,الجدول1[الوزن (م ت)])} -> 5 | G13: {=_xlfn.XLOOKUP($D$5,'المستوى الأول'!A2:A25,الجدول1[الرمز (م ت)])} -> أ+ | H13: {=_xlfn.XLOOKUP($D$5,'المستوى الأول'!A2:A25,الجدول1[النقاط (م ت)])} -> 15
A14: =_xlfn.UNICHAR(ROW()-11+9311) -> ③ | B14: التدوين في علم العقيدة | C14: عقد 101 | D14: {=_xlfn.XLOOKUP($D$5,'المستوى الأول'!A2:A25,الجدول1[الساعة (م ت ع)])} -> 2 | E14: {=_xlfn.XLOOKUP($D$5,'المستوى الأول'!A2:A25,الجدول1[التدوين في علم العقيدة])} -> 100 | F14: {=_xlfn.XLOOKUP($D$5,'المستوى الأول'!A2:A25,الجدول1[الوزن (م ت ع)])} -> 5 | G14: {=_xlfn.XLOOKUP($D$5,'المستوى الأول'!A2:A25,الجدول1[الرمز (م ت ع)])} -> أ+ | H14: {=_xlfn.XLOOKUP($D$5,'المستوى الأول'!A2:A25,الجدول1[النقاط (م ت ع)])} -> 10
A15: =_xlfn.UNICHAR(ROW()-11+9311) -> ④ | B15: مناهج البحث | C15: ترب 101 | D15: {=_xlfn.XLOOKUP($D$5,'المستوى الأول'!A2:A25,الجدول1[الساعة ( م ب)])} -> 2 | E15: {=_xlfn.XLOOKUP($D$5,'المستوى الأول'!A2:A25,الجدول1[[مناهج البحث ]])} -> 95 | F15: {=_xlfn.XLOOKUP($D$5,'المستوى الأول'!A2:A25,الجدول1[الوزن ( م ب)])} -> 5 | G15: {=_xlfn.XLOOKUP($D$5,'المستوى الأول'!A2:A25,الجدول1[الرمز ( م ب)])} -> أ+ | H15: {=_xlfn.XLOOKUP($D$5,'المستوى الأول'!A2:A25,الجدول1[النقاط ( م ب)])} -> 10
A16: =_xlfn.UNICHAR(ROW()-11+9311) -> ⑤ | B16: المدخل إلى علوم القرآن | C16: فسر 101 | D16: {=_xlfn.XLOOKUP($D$5,'المستوى الأول'!A2:A25,الجدول1[الساعة ( م ع ق)])} -> 2 | E16: {=_xlfn.XLOOKUP($D$5,'المستوى الأول'!A2:A25,الجدول1[[المدخل إلى علوم القرآن ]])} -> 86 | F16: {=_xlfn.XLOOKUP($D$5,'المستوى الأول'!A2:A25,الجدول1[الوزن ( م ع ق)])} -> 4.5 | G16: {=_xlfn.XLOOKUP($D$5,'المستوى الأول'!A2:A25,الجدول1[الرمز ( م ع ق)])} -> ب+ | H16: {=_xlfn.XLOOKUP($D$5,'المستوى الأول'!A2:A25,الجدول1[النقاط ( م ع ق)])} -> 9
A17: =_xlfn.UNICHAR(ROW()-11+9311) -> ⑥ | B17: التجويد | C17: قرأ 101 | D17: {=_xlfn.XLOOKUP($D$5,'المستوى الأول'!A2:A25,الجدول1[الساعة ( م تج)])} -> 2 | E17: {=_xlfn.XLOOKUP($D$5,'المستوى الأول'!A2:A25,الجدول1[التجويد])} -> 79 | F17: {=_xlfn.XLOOKUP($D$5,'المستوى الأول'!A2:A25,الجدول1[الوزن ( م تج)])} -> 3.5 | G17: {=_xlfn.XLOOKUP($D$5,'المستوى الأول'!A2:A25,الجدول1[الرمز ( م تج)])} -> ج+ | H17: {=_xlfn.XLOOKUP($D$5,'المستوى الأول'!A2:A25,الجدول1[النقاط ( م تج)])} -> 7
A18: =_xlfn.UNICHAR(ROW()-11+9311) -> ⑦ | B18: النحو (1) | C18: لغة 101 | D18: {=_xlfn.XLOOKUP($D$5,'المستوى الأول'!A2:A25,الجدول1[الساعة( م ن)])} -> 2 | E18: {=_xlfn.XLOOKUP($D$5,'المستوى الأول'!A2:A25,الجدول1[النحو (1)])} -> 96 | F18: {=_xlfn.XLOOKUP($D$5,'المستوى الأول'!A2:A25,الجدول1[الوزن ( م ن)])} -> 5 | G18: {=_xlfn.XLOOKUP($D$5,'المستوى الأول'!A2:A25,الجدول1[الرمز ( م ن)])} -> أ+ | H18: {=_xlfn.XLOOKUP($D$5,'المستوى الأول'!A2:A25,الجدول1[النقاطة ( م ن)])} -> 10
A19: =_xlfn.UNICHAR(ROW()-11+9311) -> ⑧ | B19: English(2) | C19: لغة 101 | D19: {=_xlfn.XLOOKUP($D$5,'المستوى الأول'!A2:A25,الجدول1[[الساعة (مEng)]:[النقاط (مEng)]])} -> 2 | E19: 98 | F19: 5 | G19: أ+ | H19: 10
A20: المجموع | D20: =SUM(D12:D19) -> 16 | H20: =SUM(H12:H19) -> 74.5
A21: المعدل الفصلي | D21: {=_xlfn.XLOOKUP($D$5,'المستوى الأول'!A2:A25,الجدول1[[المعدل الفصلي ]])} -> 4.65625
A22: المعدل التراكمي | D22: {=_xlfn.XLOOKUP($D$5,'المستوى الأول'!A2:A25,الجدول1[[المعدل الفصلي ]])} -> 4.65625
A23: التقدير | D23: {=_xlfn.XLOOKUP($D$5,'المستوى الأول'!A2:A25,الجدول1[التقدير])} -> ممتاز
A24: الترتيب | D24: {=_xlfn.XLOOKUP($D$5,'المستوى الأول'!A2:A25,الجدول1[الترتيب])} -> 4
