Workbook

Sheet ورقة1
A2: رقم الجامعي | B2: أسماء الطلبة | C2: الساعات ( م ق) | D2: القرآن الكريم | E2: الوزن ( م ق) | F2: الرمز ( م ق) | G2: النقاط ( م ق) | H2: الساعات ( م ت) | I2: التوحيد | J2: الوزن ( م ت) | K2: الرمز | L2: النقاط ( م ت) | M2: الساعات ( م ع ح) | N2: المدخل إلى علوم الحديث | O2: الوزن ( م ع ح) | P2: الرمز ( م ع ح) | Q2: النقاط ( م ع ح) | R2: الساعات ( م ف) | S2: الفقه (1) | T2: الوزن ( م ف) | U2: الرمز ( م ف) | V2: النقاط ( م ف) | W2: الساعات ( م ع ق) | X2: المدخل إلى علوم القرآن | Y2: الوزن ( م ع ق) | Z2: الرمز ( م ع ق) | AA2: النقاط ( م ع ق) | AB2: الساعات ( م تج) | AC2: التجويد | AD2: الوزن( م تج) | AE2: الرمز ( م تج) | AF2: النقاط ( م تج) | AG2: الساعات( م ح ت) | AH2: مدخل إلى الحديث التحليلي | AI2: الوزن ( م ح ت) | AJ2: الرمز ( م ح ت) | AK2: النقاط ( م ح ت) | AL2: الساعات ( م ن) | AM2: النحو (1) | AN2: الوزن ( م ن) | AO2: الرمز ( م ن) | AP2: النقاط ( م ن) | AQ2: الساعات (م ت س) | AR2: تاريخ السنة (م ت س) | AS2: الوزن (م ت س) | AT2: الرمز (م ت س) | AU2: النقاط (م ت س) | AV2: الساعات ( م ب) | AW2: مناهج البحث | AX2: الوزن ( م ب) | AY2: الرمز ( م ب) | AZ2: النقاط ( م ب) | BA2: الساعات ( م ت) | BB2: التحرير العربي | BC2: الوزن ( م ت) | BD2: الرمز ( م ت) | BE2: النقاط ( م ت) | BF2: الساعات ( م ENG) | BG2: English(2) | BH2: الوزن ( م ENG) | BI2: الرمز ( م ENG) | BJ2: النقاط ( م ENG) | BK2: مجموع النقاط | BL2: مجموع الساعات | BM2: المعدل الفصلي | BN2: التقدير | BO2: الترتيب
A3: 2025392 | B3: مالا عبدالله سيدي | C3: 1 | D3: 98 | E3: =VLOOKUP(D3,[1]المرجع!$B$3:$C$12,2) -> 5 | F3: =VLOOKUP(E3,[1]المرجع!$D$3:$E$12,2) -> أ+ | G3: =E3*C3 -> 5 | H3: 2 | I3: 100 | J3: =VLOOKUP(I3,[1]المرجع!$B$3:$C$12,2) -> 5 | K3: =VLOOKUP(J3,[1]المرجع!$D$3:$E$12,2) -> أ+ | L3: =J3*H3 -> 10 | M3: 2 | N3: 100 | O3: =VLOOKUP(N3,[1]المرجع!$B$3:$C$12,2) -> 5 | P3: =VLOOKUP(O3,[1]المرجع!$D$3:$E$12,2) -> أ+ | Q3: =O3*M3 -> 10 | R3: 2 | S3: 100 | T3: =VLOOKUP(S3,[1]المرجع!$B$3:$C$12,2) -> 5 | U3: =VLOOKUP(T3,[1]المرجع!$D$3:$E$12,2) -> أ+ | V3: =T3*R3 -> 10 | W3: 2 | X3: 99 | Y3: =VLOOKUP(X3,[1]المرجع!$B$3:$C$12,2) -> 5 | Z3: =VLOOKUP(Y3,[1]المرجع!$D$3:$E$12,2) -> أ+ | AA3: =Y3*W3 -> 10 | AB3: 2 | AC3: 87 | AD3: =VLOOKUP(AC3,[1]المرجع!$B$3:$C$12,2) -> 4.5 | AE3: =VLOOKUP(AD3,[1]المرجع!$D$3:$E$12,2) -> ب+ | AF3: =AD3*AB3 -> 9 | AG3: 2 | AH3: 100 | AI3: =VLOOKUP(AH3,[1]المرجع!$B$3:$C$12,2) -> 5 | AJ3: =VLOOKUP(AI3,[1]المرجع!$D$3:$E$12,2) -> أ+ | AK3: =AI3*AG3 -> 10 | AL3: 2 | AM3: 98 | AN3: =VLOOKUP(AM3,[1]المرجع!$B$3:$C$12,2) -> 5 | AO3: =VLOOKUP(AN3,[1]المرجع!$D$3:$E$12,2) -> أ+ | AP3: =AN3*AL3 -> 10 | AQ3: 2 | AR3: 99 | AS3: =VLOOKUP(AR3,[1]المرجع!$B$3:$C$12,2) -> 5 | AT3: =VLOOKUP(AS3,[1]المرجع!$D$3:$E$12,2) -> أ+ | AU3: =AS3*AQ3 -> 10 | AV3: 2 | AW3: 91 | AX3: =VLOOKUP(AW3,[1]المرجع!$B$3:$C$12,2) -> 4.75 | AY3: =VLOOKUP(AX3,[1]المرجع!$D$3:$E$12,2) -> أ | AZ3: =AX3*AV3 -> 9.5 | BA3: 2 | BB3: 100 | BC3: =VLOOKUP(BB3,[1]المرجع!$B$3:$C$12,2) -> 5 | BD3: =VLOOKUP(BC3,[1]المرجع!$D$3:$E$12,2) -> أ+ | BE3: =BC3*BA3 -> 10 | BF3: 2 | BG3: 91 | BH3: =VLOOKUP(BG3,[1]المرجع!$B$3:$C$12,2) -> 4.75 | BI3: =VLOOKUP(BH3,[1]المرجع!$D$3:$E$12,2) -> أ | BJ3: =BH3*BF3 -> 9.5 | BK3: =BJ3+BE3+AZ3+AU3+AP3+AK3+AF3+AA3+Q3+V3+L3+G3 -> 113 | BL3: =BF3+BA3+AV3+AQ3+AL3+AG3+AB3+W3+R3+M3+H3+C3 -> 23 | BM3: =BK3/BL3 -> 4.9130435 | BN3: =VLOOKUP(BM3,المرجع!$C$1:$E$10,3) -> ممتاز مرتفع | BO3: =RANK(BM3,$BM$3:$BM$48) -> 1
A4: 2025359 | B4: إسماعيل موسى انجاي | C4: 1 | D4: 97 | E4: =VLOOKUP(D4,[1]المرجع!$B$3:$C$12,2) -> 5 | F4: =VLOOKUP(E4,[1]المرجع!$D$3:$E$12,2) -> أ+ | G4: =E4*C4 -> 5 | H4: 2 | I4: 100 | J4: =VLOOKUP(I4,[1]المرجع!$B$3:$C$12,2) -> 5 | K4: =VLOOKUP(J4,[1]المرجع!$D$3:$E$12,2) -> أ+ | L4: =J4*H4 -> 10 | M4: 2 | N4: 94 | O4: =VLOOKUP(N4,[1]المرجع!$B$3:$C$12,2) -> 4.75 | P4: =VLOOKUP(O4,[1]المرجع!$D$3:$E$12,2) -> أ | Q4: =O4*M4 -> 9.5 | R4: 2 | S4: 85 | T4: =VLOOKUP(S4,[1]المرجع!$B$3:$C$12,2) -> 4.5 | U4: =VLOOKUP(T4,[1]المرجع!$D$3:$E$12,2) -> ب+ | V4: =T4*R4 -> 9 | W4: 2 | X4: 96 | Y4: =VLOOKUP(X4,[1]المرجع!$B$3:$C$12,2) -> 5 | Z4: =VLOOKUP(Y4,[1]المرجع!$D$3:$E$12,2) -> أ+ | AA4: =Y4*W4 -> 10 | AB4: 2 | AC4: 96 | AD4: =VLOOKUP(AC4,[1]المرجع!$B$3:$C$12,2) -> 5 | AE4: =VLOOKUP(AD4,[1]المرجع!$D$3:$E$12,2) -> أ+ | AF4: =AD4*AB4 -> 10 | AG4: 2 | AH4: 100 | AI4: =VLOOKUP(AH4,[1]المرجع!$B$3:$C$12,2) -> 5 | AJ4: =VLOOKUP(AI4,[1]المرجع!$D$3:$E$12,2) -> أ+ | AK4: =AI4*AG4 -> 10 | AL4: 2 | AM4: 95 | AN4: =VLOOKUP(AM4,[1]المرجع!$B$3:$C$12,2) -> 5 | AO4: =VLOOKUP(AN4,[1]المرجع!$D$3:$E$12,2) -> أ+ | AP4: =AN4*AL4 -> 10 | AQ4: 2 | AR4: 99 | AS4: =VLOOKUP(AR4,[1]المرجع!$B$3:$C$12,2) -> 5 | AT4: =VLOOKUP(AS4,[1]المرجع!$D$3:$E$12,2) -> أ+ | AU4: =AS4*AQ4 -> 10 | AV4: 2 | AW4: 90 | AX4: =VLOOKUP(AW4,[1]المرجع!$B$3:$C$12,2) -> 4.75 | AY4: =VLOOKUP(AX4,[1]المرجع!$D$3:$E$12,2) -> أ | AZ4: =AX4*AV4 -> 9.5 | BA4: 2 | BB4: 100 | BC4: =VLOOKUP(BB4,[1]المرجع!$B$3:$C$12,2) -> 5 | BD4: =VLOOKUP(BC4,[1]المرجع!$D$3:$E$12,2) -> أ+ | BE4: =BC4*BA4 -> 10 | BF4: 2 | BG4: 94 | BH4: =VLOOKUP(BG4,[1]المرجع!$B$3:$C$12,2) -> 4.75 | BI4: =VLOOKUP(BH4,[1]المرجع!$D$3:$E$12,2) -> أ | BJ4: =BH4*BF4 -> 9.5 | BK4: =BJ4+BE4+AZ4+AU4+AP4+AK4+AF4+AA4+Q4+V4+L4+G4 -> 112.5 | BL4: =BF4+BA4+AV4+AQ4+AL4+AG4+AB4+W4+R4+M4+H4+C4 -> 23 | BM4: =BK4/BL4 -> 4.8913043 | BN4: =VLOOKUP(BM4,المرجع!$C$1:$E$10,3) -> ممتاز مرتفع | BO4: =RANK(BM4,$BM$3:$BM$48) -> 2
A5: 2025355 | B5: فودي قطبو جابي | C5: 1 | D5: 96 | E5: =VLOOKUP(D5,[1]المرجع!$B$3:$C$12,2) -> 5 | F5: =VLOOKUP(E5,[1]المرجع!$D$3:$E$12,2) -> أ+ | G5: =E5*C5 -> 5 | H5: 2 | I5: 100 | J5: =VLOOKUP(I5,[1]المرجع!$B$3:$C$12,2) -> 5 | K5: =VLOOKUP(J5,[1]المرجع!$D$3:$E$12,2) -> أ+ | L5: =J5*H5 -> 10 | M5: 2 | N5: 95 | O5: =VLOOKUP(N5,[1]المرجع!$B$3:$C$12,2) -> 5 | P5: =VLOOKUP(O5,[1]المرجع!$D$3:$E$12,2) -> أ+ | Q5: =O5*M5 -> 10 | R5: 2 | S5: 95 | T5: =VLOOKUP(S5,[1]المرجع!$B$3:$C$12,2) -> 5 | U5: =VLOOKUP(T5,[1]المرجع!$D$3:$E$12,2) -> أ+ | V5: =T5*R5 -> 10 | W5: 2 | X5: 98.5 | Y5: =VLOOKUP(X5,[1]المرجع!$B$3:$C$12,2) -> 5 | Z5: =VLOOKUP(Y5,[1]المرجع!$D$3:$E$12,2) -> أ+ | AA5: =Y5*W5 -> 10 | AB5: 2 | AC5: 94 | AD5: =VLOOKUP(AC5,[1]المرجع!$B$3:$C$12,2) -> 4.75 | AE5: =VLOOKUP(AD5,[1]المرجع!$D$3:$E$12,2) -> أ | AF5: =AD5*AB5 -> 9.5 | AG5: 2 | AH5: 99 | AI5: =VLOOKUP(AH5,[1]المرجع!$B$3:$C$12,2) -> 5 | AJ5: =VLOOKUP(AI5,[1]المرجع!$D$3:$E$12,2) -> أ+ | AK5: =AI5*AG5 -> 10 | AL5: 2 | AM5: 99 | AN5: =VLOOKUP(AM5,[1]المرجع!$B$3:$C$12,2) -> 5 | AO5: =VLOOKUP(AN5,[1]المرجع!$D$3:$E$12,2) -> أ+ | AP5: =AN5*AL5 -> 10 | AQ5: 2 | AR5: 82 | AS5: =VLOOKUP(AR5,[1]المرجع!$B$3:$C$12,2) -> 4 | AT5: =VLOOKUP(AS5,[1]المرجع!$D$3:$E$12,2) -> ب | AU5: =AS5*AQ5 -> 8 | AV5: 2 | AW5: 90 | AX5: =VLOOKUP(AW5,[1]المرجع!$B$3:$C$12,2) -> 4.75 | AY5: =VLOOKUP(AX5,[1]المرجع!$D$3:$E$12,2) -> أ | AZ5: =AX5*AV5 -> 9.5 | BA5: 2 | BB5: 100 | BC5: =VLOOKUP(BB5,[1]المرجع!$B$3:$C$12,2) -> 5 | BD5: =VLOOKUP(BC5,[1]المرجع!$D$3:$E$12,2) -> أ+ | BE5: =BC5*BA5 -> 10 | BF5: 2 | BG5: 92 | BH5: =VLOOKUP(BG5,[1]المرجع!$B$3:$C$12,2) -> 4.75 | BI5: =VLOOKUP(BH5,[1]المرجع!$D$3:$E$12,2) -> أ | BJ5: =BH5*BF5 -> 9.5 | BK5: =BJ5+BE5+AZ5+AU5+AP5+AK5+AF5+AA5+Q5+V5+L5+G5 -> 111.5 | BL5: =BF5+BA5+AV5+AQ5+AL5+AG5+AB5+W5+R5+M5+H5+C5 -> 23 | BM5: =BK5/BL5 -> 4.8478261 | BN5: =VLOOKUP(BM5,المرجع!$C$1:$E$10,3) -> ممتاز مرتفع | BO5: =RANK(BM5,$BM$3:$BM$48) -> 3
A6: 2025373 | B6: مالك إبراهيم درامي | C6: 1 | D6: 97 | E6: =VLOOKUP(D6,[1]المرجع!$B$3:$C$12,2) -> 5 | F6: =VLOOKUP(E6,[1]المرجع!$D$3:$E$12,2) -> أ+ | G6: =E6*C6 -> 5 | H6: 2 | I6: 100 | J6: =VLOOKUP(I6,[1]المرجع!$B$3:$C$12,2) -> 5 | K6: =VLOOKUP(J6,[1]المرجع!$D$3:$E$12,2) -> أ+ | L6: =J6*H6 -> 10 | M6: 2 | N6: 99 | O6: =VLOOKUP(N6,[1]المرجع!$B$3:$C$12,2) -> 5 | P6: =VLOOKUP(O6,[1]المرجع!$D$3:$E$12,2) -> أ+ | Q6: =O6*M6 -> 10 | R6: 2 | S6: 98 | T6: =VLOOKUP(S6,[1]المرجع!$B$3:$C$12,2) -> 5 | U6: =VLOOKUP(T6,[1]المرجع!$D$3:$E$12,2) -> أ+ | V6: =T6*R6 -> 10 | W6: 2 | X6: 90 | Y6: =VLOOKUP(X6,[1]المرجع!$B$3:$C$12,2) -> 4.75 | Z6: =VLOOKUP(Y6,[1]المرجع!$D$3:$E$12,2) -> أ | AA6: =Y6*W6 -> 9.5 | AB6: 2 | AC6: 92 | AD6: =VLOOKUP(AC6,[1]المرجع!$B$3:$C$12,2) -> 4.75 | AE6: =VLOOKUP(AD6,[1]المرجع!$D$3:$E$12,2) -> أ | AF6: =AD6*AB6 -> 9.5 | AG6: 2 | AH6: 100 | AI6: =VLOOKUP(AH6,[1]المرجع!$B$3:$C$12,2) -> 5 | AJ6: =VLOOKUP(AI6,[1]المرجع!$D$3:$E$12,2) -> أ+ | AK6: =AI6*AG6 -> 10 | AL6: 2 | AM6: 98 | AN6: =VLOOKUP(AM6,[1]المرجع!$B$3:$C$12,2) -> 5 | AO6: =VLOOKUP(AN6,[1]المرجع!$D$3:$E$12,2) -> أ+ | AP6: =AN6*AL6 -> 10 | AQ6: 2 | AR6: 84 | AS6: =VLOOKUP(AR6,[1]المرجع!$B$3:$C$12,2) -> 4 | AT6: =VLOOKUP(AS6,[1]المرجع!$D$3:$E$12,2) -> ب | AU6: =AS6*AQ6 -> 8 | AV6: 2 | AW6: 88 | AX6: =VLOOKUP(AW6,[1]المرجع!$B$3:$C$12,2) -> 4.5 | AY6: =VLOOKUP(AX6,[1]المرجع!$D$3:$E$12,2) -> ب+ | AZ6: =AX6*AV6 -> 9 | BA6: 2 | BB6: 100 | BC6: =VLOOKUP(BB6,[1]المرجع!$B$3:$C$12,2) -> 5 | BD6: =VLOOKUP(BC6,[1]المرجع!$D$3:$E$12,2) -> أ+ | BE6: =BC6*BA6 -> 10 | BF6: 2 | BG6: 100 | BH6: =VLOOKUP(BG6,[1]المرجع!$B$3:$C$12,2) -> 5 | BI6: =VLOOKUP(BH6,[1]المرجع!$D$3:$E$12,2) -> أ+ | BJ6: =BH6*BF6 -> 10 | BK6: =BJ6+BE6+AZ6+AU6+AP6+AK6+AF6+AA6+Q6+V6+L6+G6 -> 111 | BL6: =BF6+BA6+AV6+AQ6+AL6+AG6+AB6+W6+R6+M6+H6+C6 -> 23 | BM6: =BK6/BL6 -> 4.826087 | BN6: =VLOOKUP(BM6,المرجع!$C$1:$E$10,3) -> ممتاز مرتفع | BO6: =RANK(BM6,$BM$3:$BM$48) -> 4
A7: 2025320 | B7: رابية أمر كمار | C7: 1 | D7: 99 | E7: =VLOOKUP(D7,[1]المرجع!$B$3:$C$12,2) -> 5 | F7: =VLOOKUP(E7,[1]المرجع!$D$3:$E$12,2) -> أ+ | G7: =E7*C7 -> 5 | H7: 2 | I7: 100 | J7: =VLOOKUP(I7,[1]المرجع!$B$3:$C$12,2) -> 5 | K7: =VLOOKUP(J7,[1]المرجع!$D$3:$E$12,2) -> أ+ | L7: =J7*H7 -> 10 | M7: 2 | N7: 100 | O7: =VLOOKUP(N7,[1]المرجع!$B$3:$C$12,2) -> 5 | P7: =VLOOKUP(O7,[1]المرجع!$D$3:$E$12,2) -> أ+ | Q7: =O7*M7 -> 10 | R7: 2 | S7: 91 | T7: =VLOOKUP(S7,[1]المرجع!$B$3:$C$12,2) -> 4.75 | U7: =VLOOKUP(T7,[1]المرجع!$D$3:$E$12,2) -> أ | V7: =T7*R7 -> 9.5 | W7: 2 | X7: 80 | Y7: =VLOOKUP(X7,[1]المرجع!$B$3:$C$12,2) -> 4 | Z7: =VLOOKUP(Y7,[1]المرجع!$D$3:$E$12,2) -> ب | AA7: =Y7*W7 -> 8 | AB7: 2 | AC7: 85 | AD7: =VLOOKUP(AC7,[1]المرجع!$B$3:$C$12,2) -> 4.5 | AE7: =VLOOKUP(AD7,[1]المرجع!$D$3:$E$12,2) -> ب+ | AF7: =AD7*AB7 -> 9 | AG7: 2 | AH7: 99 | AI7: =VLOOKUP(AH7,[1]المرجع!$B$3:$C$12,2) -> 5 | AJ7: =VLOOKUP(AI7,[1]المرجع!$D$3:$E$12,2) -> أ+ | AK7: =AI7*AG7 -> 10 | AL7: 2 | AM7: 97 | AN7: =VLOOKUP(AM7,[1]المرجع!$B$3:$C$12,2) -> 5 | AO7: =VLOOKUP(AN7,[1]المرجع!$D$3:$E$12,2) -> أ+ | AP7: =AN7*AL7 -> 10 | AQ7: 2 | AR7: 90 | AS7: =VLOOKUP(AR7,[1]المرجع!$B$3:$C$12,2) -> 4.75 | AT7: =VLOOKUP(AS7,[1]المرجع!$D$3:$E$12,2) -> أ | AU7: =AS7*AQ7 -> 9.5 | AV7: 2 | AW7: 81 | AX7: =VLOOKUP(AW7,[1]المرجع!$B$3:$C$12,2) -> 4 | AY7: =VLOOKUP(AX7,[1]المرجع!$D$3:$E$12,2) -> ب | AZ7: =AX7*AV7 -> 8 | BA7: 2 | BB7: 99 | BC7: =VLOOKUP(BB7,[1]المرجع!$B$3:$C$12,2) -> 5 | BD7: =VLOOKUP(BC7,[1]المرجع!$D$3:$E$12,2) -> أ+ | BE7: =BC7*BA7 -> 10 | BF7: 2 | BG7: 100 | BH7: =VLOOKUP(BG7,[1]المرجع!$B$3:$C$12,2) -> 5 | BI7: =VLOOKUP(BH7,[1]المرجع!$D$3:$E$12,2) -> أ+ | BJ7: =BH7*BF7 -> 10 | BK7: =BJ7+BE7+AZ7+AU7+AP7+AK7+AF7+AA7+Q7+V7+L7+G7 -> 109 | BL7: =BF7+BA7+AV7+AQ7+AL7+AG7+AB7+W7+R7+M7+H7+C7 -> 23 | BM7: =BK7/BL7 -> 4.7391304 | BN7: =VLOOKUP(BM7,المرجع!$C$1:$E$10,3) -> ممتاز | BO7: =RANK(BM7,$BM$3:$BM$48) -> 5
A8: 2025308 | B8: مارية دمبو توري | C8: 1 | D8: 98 | E8: =VLOOKUP(D8,[1]المرجع!$B$3:$C$12,2) -> 5 | F8: =VLOOKUP(E8,[1]المرجع!$D$3:$E$12,2) -> أ+ | G8: =E8*C8 -> 5 | H8: 2 | I8: 93 | J8: =VLOOKUP(I8,[1]المرجع!$B$3:$C$12,2) -> 4.75 | K8: =VLOOKUP(J8,[1]المرجع!$D$3:$E$12,2) -> أ | L8: =J8*H8 -> 9.5 | M8: 2 | N8: 100 | O8: =VLOOKUP(N8,[1]المرجع!$B$3:$C$12,2) -> 5 | P8: =VLOOKUP(O8,[1]المرجع!$D$3:$E$12,2) -> أ+ | Q8: =O8*M8 -> 10 | R8: 2 | S8: 98 | T8: =VLOOKUP(S8,[1]المرجع!$B$3:$C$12,2) -> 5 | U8: =VLOOKUP(T8,[1]المرجع!$D$3:$E$12,2) -> أ+ | V8: =T8*R8 -> 10 | W8: 2 | X8: 100 | Y8: =VLOOKUP(X8,[1]المرجع!$B$3:$C$12,2) -> 5 | Z8: =VLOOKUP(Y8,[1]المرجع!$D$3:$E$12,2) -> أ+ | AA8: =Y8*W8 -> 10 | AB8: 2 | AC8: 60 | AD8: =VLOOKUP(AC8,[1]المرجع!$B$3:$C$12,2) -> 2 | AE8: =VLOOKUP(AD8,[1]المرجع!$D$3:$E$12,2) -> د | AF8: =AD8*AB8 -> 4 | AG8: 2 | AH8: 99 | AI8: =VLOOKUP(AH8,[1]المرجع!$B$3:$C$12,2) -> 5 | AJ8: =VLOOKUP(AI8,[1]المرجع!$D$3:$E$12,2) -> أ+ | AK8: =AI8*AG8 -> 10 | AL8: 2 | AM8: 98 | AN8: =VLOOKUP(AM8,[1]المرجع!$B$3:$C$12,2) -> 5 | AO8: =VLOOKUP(AN8,[1]المرجع!$D$3:$E$12,2) -> أ+ | AP8: =AN8*AL8 -> 10 | AQ8: 2 | AR8: 94 | AS8: =VLOOKUP(AR8,[1]المرجع!$B$3:$C$12,2) -> 4.75 | AT8: =VLOOKUP(AS8,[1]المرجع!$D$3:$E$12,2) -> أ | AU8: =AS8*AQ8 -> 9.5 | AV8: 2 | AW8: 76 | AX8: =VLOOKUP(AW8,[1]المرجع!$B$3:$C$12,2) -> 3.5 | AY8: =VLOOKUP(AX8,[1]المرجع!$D$3:$E$12,2) -> ج+ | AZ8: =AX8*AV8 -> 7 | BA8: 2 | BB8: 97 | BC8: =VLOOKUP(BB8,[1]المرجع!$B$3:$C$12,2) -> 5 | BD8: =VLOOKUP(BC8,[1]المرجع!$D$3:$E$12,2) -> أ+ | BE8: =BC8*BA8 -> 10 | BF8: 2 | BG8: 100 | BH8: =VLOOKUP(BG8,[1]المرجع!$B$3:$C$12,2) -> 5 | BI8: =VLOOKUP(BH8,[1]المرجع!$D$3:$E$12,2) -> أ+ | BJ8: =BH8*BF8 -> 10 | BK8: =BJ8+BE8+AZ8+AU8+AP8+AK8+AF8+AA8+Q8+V8+L8+G8 -> 105 | BL8: =BF8+BA8+AV8+AQ8+AL8+AG8+AB8+W8+R8+M8+H8+C8 -> 23 | BM8: =BK8/BL8 -> 4.5652174 | BN8: =VLOOKUP(BM8,المرجع!$C$1:$E$10,3) -> جيد جد مرتفع | BO8: =RANK(BM8,$BM$3:$BM$48) -> 6
A9: 2025352 | B9: فاطمة باكر جنم | C9: 1 | D9: 65 | E9: =VLOOKUP(D9,[1]المرجع!$B$3:$C$12,2) -> 2.5 | F9: =VLOOKUP(E9,[1]المرجع!$D$3:$E$12,2) -> د+ | G9: =E9*C9 -> 2.5 | H9: 2 | I9: 94 | J9: =VLOOKUP(I9,[1]المرجع!$B$3:$C$12,2) -> 4.75 | K9: =VLOOKUP(J9,[1]المرجع!$D$3:$E$12,2) -> أ | L9: =J9*H9 -> 9.5 | M9: 2 | N9: 99 | O9: =VLOOKUP(N9,[1]المرجع!$B$3:$C$12,2) -> 5 | P9: =VLOOKUP(O9,[1]المرجع!$D$3:$E$12,2) -> أ+ | Q9: =O9*M9 -> 10 | R9: 2 | S9: 90 | T9: =VLOOKUP(S9,[1]المرجع!$B$3:$C$12,2) -> 4.75 | U9: =VLOOKUP(T9,[1]المرجع!$D$3:$E$12,2) -> أ | V9: =T9*R9 -> 9.5 | W9: 2 | X9: 100 | Y9: =VLOOKUP(X9,[1]المرجع!$B$3:$C$12,2) -> 5 | Z9: =VLOOKUP(Y9,[1]المرجع!$D$3:$E$12,2) -> أ+ | AA9: =Y9*W9 -> 10 | AB9: 2 | AC9: 75 | AD9: =VLOOKUP(AC9,[1]المرجع!$B$3:$C$12,2) -> 3.5 | AE9: =VLOOKUP(AD9,[1]المرجع!$D$3:$E$12,2) -> ج+ | AF9: =AD9*AB9 -> 7 | AG9: 2 | AH9: 100 | AI9: =VLOOKUP(AH9,[1]المرجع!$B$3:$C$12,2) -> 5 | AJ9: =VLOOKUP(AI9,[1]المرجع!$D$3:$E$12,2) -> أ+ | AK9: =AI9*AG9 -> 10 | AL9: 2 | AM9: 60 | AN9: =VLOOKUP(AM9,[1]المرجع!$B$3:$C$12,2) -> 2 | AO9: =VLOOKUP(AN9,[1]المرجع!$D$3:$E$12,2) -> د | AP9: =AN9*AL9 -> 4 | AQ9: 2 | AR9: 96 | AS9: =VLOOKUP(AR9,[1]المرجع!$B$3:$C$12,2) -> 5 | AT9: =VLOOKUP(AS9,[1]المرجع!$D$3:$E$12,2) -> أ+ | AU9: =AS9*AQ9 -> 10 | AV9: 2 | AW9: 81 | AX9: =VLOOKUP(AW9,[1]المرجع!$B$3:$C$12,2) -> 4 | AY9: =VLOOKUP(AX9,[1]المرجع!$D$3:$E$12,2) -> ب | AZ9: =AX9*AV9 -> 8 | BA9: 2 | BB9: 99 | BC9: =VLOOKUP(BB9,[1]المرجع!$B$3:$C$12,2) -> 5 | BD9: =VLOOKUP(BC9,[1]المرجع!$D$3:$E$12,2) -> أ+ | BE9: =BC9*BA9 -> 10 | BF9: 2 | BG9: 93 | BH9: =VLOOKUP(BG9,[1]المرجع!$B$3:$C$12,2) -> 4.75 | BI9: =VLOOKUP(BH9,[1]المرجع!$D$3:$E$12,2) -> أ | BJ9: =BH9*BF9 -> 9.5 | BK9: =BJ9+BE9+AZ9+AU9+AP9+AK9+AF9+AA9+Q9+V9+L9+G9 -> 100 | BL9: =BF9+BA9+AV9+AQ9+AL9+AG9+AB9+W9+R9+M9+H9+C9 -> 23 | BM9: =BK9/BL9 -> 4.3478261 | BN9: =VLOOKUP(BM9,المرجع!$C$1:$E$10,3) -> جيد جد مرتفع | BO9: =RANK(BM9,$BM$3:$BM$48) -> 7
A10: 2025312 | B10: عبدالله الحاج دابو | C10: 1 | D10: 95 | E10: =VLOOKUP(D10,[1]المرجع!$B$3:$C$12,2) -> 5 | F10: =VLOOKUP(E10,[1]المرجع!$D$3:$E$12,2) -> أ+ | G10: =E10*C10 -> 5 | H10: 2 | I10: 91 | J10: =VLOOKUP(I10,[1]المرجع!$B$3:$C$12,2) -> 4.75 | K10: =VLOOKUP(J10,[1]المرجع!$D$3:$E$12,2) -> أ | L10: =J10*H10 -> 9.5 | M10: 2 | N10: 94 | O10: =VLOOKUP(N10,[1]المرجع!$B$3:$C$12,2) -> 4.75 | P10: =VLOOKUP(O10,[1]المرجع!$D$3:$E$12,2) -> أ | Q10: =O10*M10 -> 9.5 | R10: 2 | S10: 85 | T10: =VLOOKUP(S10,[1]المرجع!$B$3:$C$12,2) -> 4.5 | U10: =VLOOKUP(T10,[1]المرجع!$D$3:$E$12,2) -> ب+ | V10: =T10*R10 -> 9 | W10: 2 | X10: 91 | Y10: =VLOOKUP(X10,[1]المرجع!$B$3:$C$12,2) -> 4.75 | Z10: =VLOOKUP(Y10,[1]المرجع!$D$3:$E$12,2) -> أ | AA10: =Y10*W10 -> 9.5 | AB10: 2 | AC10: 77 | AD10: =VLOOKUP(AC10,[1]المرجع!$B$3:$C$12,2) -> 3.5 | AE10: =VLOOKUP(AD10,[1]المرجع!$D$3:$E$12,2) -> ج+ | AF10: =AD10*AB10 -> 7 | AG10: 2 | AH10: 97 | AI10: =VLOOKUP(AH10,[1]المرجع!$B$3:$C$12,2) -> 5 | AJ10: =VLOOKUP(AI10,[1]المرجع!$D$3:$E$12,2) -> أ+ | AK10: =AI10*AG10 -> 10 | AL10: 2 | AM10: 87 | AN10: =VLOOKUP(AM10,[1]المرجع!$B$3:$C$12,2) -> 4.5 | AO10: =VLOOKUP(AN10,[1]المرجع!$D$3:$E$12,2) -> ب+ | AP10: =AN10*AL10 -> 9 | AQ10: 2 | AR10: 74 | AS10: =VLOOKUP(AR10,[1]المرجع!$B$3:$C$12,2) -> 3 | AT10: =VLOOKUP(AS10,[1]المرجع!$D$3:$E$12,2) -> ج | AU10: =AS10*AQ10 -> 6 | AV10: 2 | AW10: 70 | AX10: =VLOOKUP(AW10,[1]المرجع!$B$3:$C$12,2) -> 3 | AY10: =VLOOKUP(AX10,[1]المرجع!$D$3:$E$12,2) -> ج | AZ10: =AX10*AV10 -> 6 | BA10: 2 | BB10: 84 | BC10: =VLOOKUP(BB10,[1]المرجع!$B$3:$C$12,2) -> 4 | BD10: =VLOOKUP(BC10,[1]المرجع!$D$3:$E$12,2) -> ب | BE10: =BC10*BA10 -> 8 | BF10: 2 | BG10: 89 | BH10: =VLOOKUP(BG10,[1]المرجع!$B$3:$C$12,2) -> 4.5 | BI10: =VLOOKUP(BH10,[1]المرجع!$D$3:$E$12,2) -> ب+ | BJ10: =BH10*BF10 -> 9 | BK10: =BJ10+BE10+AZ10+AU10+AP10+AK10+AF10+AA10+Q10+V10+L10+G10 -> 97.5 | BL10: =BF10+BA10+AV10+AQ10+AL10+AG10+AB10+W10+R10+M10+H10+C10 -> 23 | BM10: =BK10/BL10 -> 4.2391304 | BN10: =VLOOKUP(BM10,المرجع!$C$1:$E$10,3) -> جيد جد مرتفع | BO10: =RANK(BM10,$BM$3:$BM$48) -> 8
A11: 2025319 | B11: شيخ الحاج سيسي | C11: 1 | D11: 97 | E11: =VLOOKUP(D11,[1]المرجع!$B$3:$C$12,2) -> 5 | F11: =VLOOKUP(E11,[1]المرجع!$D$3:$E$12,2) -> أ+ | G11: =E11*C11 -> 5 | H11: 2 | I11: 100 | J11: =VLOOKUP(I11,[1]المرجع!$B$3:$C$12,2) -> 5 | K11: =VLOOKUP(J11,[1]المرجع!$D$3:$E$12,2) -> أ+ | L11: =J11*H11 -> 10 | M11: 2 | N11: 97 | O11: =VLOOKUP(N11,[1]المرجع!$B$3:$C$12,2) -> 5 | P11: =VLOOKUP(O11,[1]المرجع!$D$3:$E$12,2) -> أ+ | Q11: =O11*M11 -> 10 | R11: 2 | S11: 96 | T11: =VLOOKUP(S11,[1]المرجع!$B$3:$C$12,2) -> 5 | U11: =VLOOKUP(T11,[1]المرجع!$D$3:$E$12,2) -> أ+ | V11: =T11*R11 -> 10 | W11: 2 | X11: 94 | Y11: =VLOOKUP(X11,[1]المرجع!$B$3:$C$12,2) -> 4.75 | Z11: =VLOOKUP(Y11,[1]المرجع!$D$3:$E$12,2) -> أ | AA11: =Y11*W11 -> 9.5 | AB11: 2 | AC11: 91 | AD11: =VLOOKUP(AC11,[1]المرجع!$B$3:$C$12,2) -> 4.75 | AE11: =VLOOKUP(AD11,[1]المرجع!$D$3:$E$12,2) -> أ | AF11: =AD11*AB11 -> 9.5 | AG11: 2 | AH11: 100 | AI11: =VLOOKUP(AH11,[1]المرجع!$B$3:$C$12,2) -> 5 | AJ11: =VLOOKUP(AI11,[1]المرجع!$D$3:$E$12,2) -> أ+ | AK11: =AI11*AG11 -> 10 | AL11: 2 | AM11: 60 | AN11: =VLOOKUP(AM11,[1]المرجع!$B$3:$C$12,2) -> 2 | AO11: =VLOOKUP(AN11,[1]المرجع!$D$3:$E$12,2) -> د | AP11: =AN11*AL11 -> 4 | AQ11: 2 | AR11: 95 | AS11: =VLOOKUP(AR11,[1]المرجع!$B$3:$C$12,2) -> 5 | AT11: =VLOOKUP(AS11,[1]المرجع!$D$3:$E$12,2) -> أ+ | AU11: =AS11*AQ11 -> 10 | AV11: 2 | AW11: 66 | AX11: =VLOOKUP(AW11,[1]المرجع!$B$3:$C$12,2) -> 2.5 | AY11: =VLOOKUP(AX11,[1]المرجع!$D$3:$E$12,2) -> د+ | AZ11: =AX11*AV11 -> 5 | BA11: 2 | BB11: 95 | BC11: =VLOOKUP(BB11,[1]المرجع!$B$3:$C$12,2) -> 5 | BD11: =VLOOKUP(BC11,[1]المرجع!$D$3:$E$12,2) -> أ+ | BE11: =BC11*BA11 -> 10 | BF11: 2 | BG11: 50 | BH11: =VLOOKUP(BG11,[1]المرجع!$B$3:$C$12,2) -> 2 | BI11: =VLOOKUP(BH11,[1]المرجع!$D$3:$E$12,2) -> د | BJ11: =BH11*BF11 -> 4 | BK11: =BJ11+BE11+AZ11+AU11+AP11+AK11+AF11+AA11+Q11+V11+L11+G11 -> 97 | BL11: =BF11+BA11+AV11+AQ11+AL11+AG11+AB11+W11+R11+M11+H11+C11 -> 23 | BM11: =BK11/BL11 -> 4.2173913 | BN11: =VLOOKUP(BM11,المرجع!$C$1:$E$10,3) -> جيد جد مرتفع | BO11: =RANK(BM11,$BM$3:$BM$48) -> 10
A12: 2025344 | B12: فاطمة بافودي جاوارا | C12: 1 | D12: 86 | E12: =VLOOKUP(D12,[1]المرجع!$B$3:$C$12,2) -> 4.5 | F12: =VLOOKUP(E12,[1]المرجع!$D$3:$E$12,2) -> ب+ | G12: =E12*C12 -> 4.5 | H12: 2 | I12: 98 | J12: =VLOOKUP(I12,[1]المرجع!$B$3:$C$12,2) -> 5 | K12: =VLOOKUP(J12,[1]المرجع!$D$3:$E$12,2) -> أ+ | L12: =J12*H12 -> 10 | M12: 2 | N12: 93 | O12: =VLOOKUP(N12,[1]المرجع!$B$3:$C$12,2) -> 4.75 | P12: =VLOOKUP(O12,[1]المرجع!$D$3:$E$12,2) -> أ | Q12: =O12*M12 -> 9.5 | R12: 2 | S12: 86 | T12: =VLOOKUP(S12,[1]المرجع!$B$3:$C$12,2) -> 4.5 | U12: =VLOOKUP(T12,[1]المرجع!$D$3:$E$12,2) -> ب+ | V12: =T12*R12 -> 9 | W12: 2 | X12: 80 | Y12: =VLOOKUP(X12,[1]المرجع!$B$3:$C$12,2) -> 4 | Z12: =VLOOKUP(Y12,[1]المرجع!$D$3:$E$12,2) -> ب | AA12: =Y12*W12 -> 8 | AB12: 2 | AC12: 82 | AD12: =VLOOKUP(AC12,[1]المرجع!$B$3:$C$12,2) -> 4 | AE12: =VLOOKUP(AD12,[1]المرجع!$D$3:$E$12,2) -> ب | AF12: =AD12*AB12 -> 8 | AG12: 2 | AH12: 100 | AI12: =VLOOKUP(AH12,[1]المرجع!$B$3:$C$12,2) -> 5 | AJ12: =VLOOKUP(AI12,[1]المرجع!$D$3:$E$12,2) -> أ+ | AK12: =AI12*AG12 -> 10 | AL12: 2 | AM12: 79 | AN12: =VLOOKUP(AM12,[1]المرجع!$B$3:$C$12,2) -> 3.5 | AO12: =VLOOKUP(AN12,[1]المرجع!$D$3:$E$12,2) -> ج+ | AP12: =AN12*AL12 -> 7 | AQ12: 2 | AR12: 85 | AS12: =VLOOKUP(AR12,[1]المرجع!$B$3:$C$12,2) -> 4.5 | AT12: =VLOOKUP(AS12,[1]المرجع!$D$3:$E$12,2) -> ب+ | AU12: =AS12*AQ12 -> 9 | AV12: 2 | AW12: 66 | AX12: =VLOOKUP(AW12,[1]المرجع!$B$3:$C$12,2) -> 2.5 | AY12: =VLOOKUP(AX12,[1]المرجع!$D$3:$E$12,2) -> د+ | AZ12: =AX12*AV12 -> 5 | BA12: 2 | BB12: 83 | BC12: =VLOOKUP(BB12,[1]المرجع!$B$3:$C$12,2) -> 4 | BD12: =VLOOKUP(BC12,[1]المرجع!$D$3:$E$12,2) -> ب | BE12: =BC12*BA12 -> 8 | BF12: 2 | BG12: 84 | BH12: =VLOOKUP(BG12,[1]المرجع!$B$3:$C$12,2) -> 4 | BI12: =VLOOKUP(BH12,[1]المرجع!$D$3:$E$12,2) -> ب | BJ12: =BH12*BF12 -> 8 | BK12: =BJ12+BE12+AZ12+AU12+AP12+AK12+AF12+AA12+Q12+V12+L12+G12 -> 96 | BL12: =BF12+BA12+AV12+AQ12+AL12+AG12+AB12+W12+R12+M12+H12+C12 -> 23 | BM12: =BK12/BL12 -> 4.173913 | BN12: =VLOOKUP(BM12,المرجع!$C$1:$E$10,3) -> جيد جد مرتفع | BO12: =RANK(BM12,$BM$3:$BM$48) -> 11
A13: 2025304 | B13: محمد سليمان توري | C13: 1 | D13: 99 | E13: =VLOOKUP(D13,[1]المرجع!$B$3:$C$12,2) -> 5 | F13: =VLOOKUP(E13,[1]المرجع!$D$3:$E$12,2) -> أ+ | G13: =E13*C13 -> 5 | H13: 2 | I13: 70 | J13: =VLOOKUP(I13,[1]المرجع!$B$3:$C$12,2) -> 3 | K13: =VLOOKUP(J13,[1]المرجع!$D$3:$E$12,2) -> ج | L13: =J13*H13 -> 6 | M13: 2 | N13: 90 | O13: =VLOOKUP(N13,[1]المرجع!$B$3:$C$12,2) -> 4.75 | P13: =VLOOKUP(O13,[1]المرجع!$D$3:$E$12,2) -> أ | Q13: =O13*M13 -> 9.5 | R13: 2 | S13: 90 | T13: =VLOOKUP(S13,[1]المرجع!$B$3:$C$12,2) -> 4.75 | U13: =VLOOKUP(T13,[1]المرجع!$D$3:$E$12,2) -> أ | V13: =T13*R13 -> 9.5 | W13: 2 | X13: 87 | Y13: =VLOOKUP(X13,[1]المرجع!$B$3:$C$12,2) -> 4.5 | Z13: =VLOOKUP(Y13,[1]المرجع!$D$3:$E$12,2) -> ب+ | AA13: =Y13*W13 -> 9 | AB13: 2 | AC13: 85 | AD13: =VLOOKUP(AC13,[1]المرجع!$B$3:$C$12,2) -> 4.5 | AE13: =VLOOKUP(AD13,[1]المرجع!$D$3:$E$12,2) -> ب+ | AF13: =AD13*AB13 -> 9 | AG13: 2 | AH13: 99 | AI13: =VLOOKUP(AH13,[1]المرجع!$B$3:$C$12,2) -> 5 | AJ13: =VLOOKUP(AI13,[1]المرجع!$D$3:$E$12,2) -> أ+ | AK13: =AI13*AG13 -> 10 | AL13: 2 | AM13: 85 | AN13: =VLOOKUP(AM13,[1]المرجع!$B$3:$C$12,2) -> 4.5 | AO13: =VLOOKUP(AN13,[1]المرجع!$D$3:$E$12,2) -> ب+ | AP13: =AN13*AL13 -> 9 | AQ13: 2 | AR13: 76 | AS13: =VLOOKUP(AR13,[1]المرجع!$B$3:$C$12,2) -> 3.5 | AT13: =VLOOKUP(AS13,[1]المرجع!$D$3:$E$12,2) -> ج+ | AU13: =AS13*AQ13 -> 7 | AV13: 2 | AW13: 65 | AX13: =VLOOKUP(AW13,[1]المرجع!$B$3:$C$12,2) -> 2.5 | AY13: =VLOOKUP(AX13,[1]المرجع!$D$3:$E$12,2) -> د+ | AZ13: =AX13*AV13 -> 5 | BA13: 2 | BB13: 89 | BC13: =VLOOKUP(BB13,[1]المرجع!$B$3:$C$12,2) -> 4.5 | BD13: =VLOOKUP(BC13,[1]المرجع!$D$3:$E$12,2) -> ب+ | BE13: =BC13*BA13 -> 9 | BF13: 2 | BG13: 69 | BH13: =VLOOKUP(BG13,[1]المرجع!$B$3:$C$12,2) -> 2.5 | BI13: =VLOOKUP(BH13,[1]المرجع!$D$3:$E$12,2) -> د+ | BJ13: =BH13*BF13 -> 5 | BK13: =BJ13+BE13+AZ13+AU13+AP13+AK13+AF13+AA13+Q13+V13+L13+G13 -> 93 | BL13: =BF13+BA13+AV13+AQ13+AL13+AG13+AB13+W13+R13+M13+H13+C13 -> 23 | BM13: =BK13/BL13 -> 4.0434783 | BN13: =VLOOKUP(BM13,المرجع!$C$1:$E$10,3) -> جيد جدا | BO13: =RANK(BM13,$BM$3:$BM$48) -> 12
A14: 2025332 | B14: أبوبكر محمد بارو | C14: 1 | D14: 99 | E14: =VLOOKUP(D14,[1]المرجع!$B$3:$C$12,2) -> 5 | F14: =VLOOKUP(E14,[1]المرجع!$D$3:$E$12,2) -> أ+ | G14: =E14*C14 -> 5 | H14: 2 | I14: 91 | J14: =VLOOKUP(I14,[1]المرجع!$B$3:$C$12,2) -> 4.75 | K14: =VLOOKUP(J14,[1]المرجع!$D$3:$E$12,2) -> أ | L14: =J14*H14 -> 9.5 | M14: 2 | N14: 95 | O14: =VLOOKUP(N14,[1]المرجع!$B$3:$C$12,2) -> 5 | P14: =VLOOKUP(O14,[1]المرجع!$D$3:$E$12,2) -> أ+ | Q14: =O14*M14 -> 10 | R14: 2 | S14: 96 | T14: =VLOOKUP(S14,[1]المرجع!$B$3:$C$12,2) -> 5 | U14: =VLOOKUP(T14,[1]المرجع!$D$3:$E$12,2) -> أ+ | V14: =T14*R14 -> 10 | W14: 2 | X14: 90 | Y14: =VLOOKUP(X14,[1]المرجع!$B$3:$C$12,2) -> 4.75 | Z14: =VLOOKUP(Y14,[1]المرجع!$D$3:$E$12,2) -> أ | AA14: =Y14*W14 -> 9.5 | AB14: 2 | AC14: 72 | AD14: =VLOOKUP(AC14,[1]المرجع!$B$3:$C$12,2) -> 3 | AE14: =VLOOKUP(AD14,[1]المرجع!$D$3:$E$12,2) -> ج | AF14: =AD14*AB14 -> 6 | AG14: 2 | AH14: 97 | AI14: =VLOOKUP(AH14,[1]المرجع!$B$3:$C$12,2) -> 5 | AJ14: =VLOOKUP(AI14,[1]المرجع!$D$3:$E$12,2) -> أ+ | AK14: =AI14*AG14 -> 10 | AL14: 2 | AM14: 55 | AN14: =VLOOKUP(AM14,[1]المرجع!$B$3:$C$12,2) -> 2 | AO14: =VLOOKUP(AN14,[1]المرجع!$D$3:$E$12,2) -> د | AP14: =AN14*AL14 -> 4 | AQ14: 2 | AR14: 84 | AS14: =VLOOKUP(AR14,[1]المرجع!$B$3:$C$12,2) -> 4 | AT14: =VLOOKUP(AS14,[1]المرجع!$D$3:$E$12,2) -> ب | AU14: =AS14*AQ14 -> 8 | AV14: 2 | AW14: 69 | AX14: =VLOOKUP(AW14,[1]المرجع!$B$3:$C$12,2) -> 2.5 | AY14: =VLOOKUP(AX14,[1]المرجع!$D$3:$E$12,2) -> د+ | AZ14: =AX14*AV14 -> 5 | BA14: 2 | BB14: 66 | BC14: =VLOOKUP(BB14,[1]المرجع!$B$3:$C$12,2) -> 2.5 | BD14: =VLOOKUP(BC14,[1]المرجع!$D$3:$E$12,2) -> د+ | BE14: =BC14*BA14 -> 5 | BF14: 2 | BG14: 76 | BH14: =VLOOKUP(BG14,[1]المرجع!$B$3:$C$12,2) -> 3.5 | BI14: =VLOOKUP(BH14,[1]المرجع!$D$3:$E$12,2) -> ج+ | BJ14: =BH14*BF14 -> 7 | BK14: =BJ14+BE14+AZ14+AU14+AP14+AK14+AF14+AA14+Q14+V14+L14+G14 -> 89 | BL14: =BF14+BA14+AV14+AQ14+AL14+AG14+AB14+W14+R14+M14+H14+C14 -> 23 | BM14: =BK14/BL14 -> 3.8695652 | BN14: =VLOOKUP(BM14,المرجع!$C$1:$E$10,3) -> جيد جدا | BO14: =RANK(BM14,$BM$3:$BM$48) -> 13
A15: 2025420 | B15: إبراهيم مودي غماني | C15: 1 | D15: 99 | E15: =VLOOKUP(D15,[1]المرجع!$B$3:$C$12,2) -> 5 | F15: =VLOOKUP(E15,[1]المرجع!$D$3:$E$12,2) -> أ+ | G15: =E15*C15 -> 5 | H15: 2 | I15: 100 | J15: =VLOOKUP(I15,[1]المرجع!$B$3:$C$12,2) -> 5 | K15: =VLOOKUP(J15,[1]المرجع!$D$3:$E$12,2) -> أ+ | L15: =J15*H15 -> 10 | M15: 2 | N15: 98 | O15: =VLOOKUP(N15,[1]المرجع!$B$3:$C$12,2) -> 5 | P15: =VLOOKUP(O15,[1]المرجع!$D$3:$E$12,2) -> أ+ | Q15: =O15*M15 -> 10 | R15: 2 | S15: 96 | T15: =VLOOKUP(S15,[1]المرجع!$B$3:$C$12,2) -> 5 | U15: =VLOOKUP(T15,[1]المرجع!$D$3:$E$12,2) -> أ+ | V15: =T15*R15 -> 10 | W15: 2 | X15: 95 | Y15: =VLOOKUP(X15,[1]المرجع!$B$3:$C$12,2) -> 5 | Z15: =VLOOKUP(Y15,[1]المرجع!$D$3:$E$12,2) -> أ+ | AA15: =Y15*W15 -> 10 | AB15: 2 | AC15: 83 | AD15: =VLOOKUP(AC15,[1]المرجع!$B$3:$C$12,2) -> 4 | AE15: =VLOOKUP(AD15,[1]المرجع!$D$3:$E$12,2) -> ب | AF15: =AD15*AB15 -> 8 | AG15: 2 | AH15: 99 | AI15: =VLOOKUP(AH15,[1]المرجع!$B$3:$C$12,2) -> 5 | AJ15: =VLOOKUP(AI15,[1]المرجع!$D$3:$E$12,2) -> أ+ | AK15: =AI15*AG15 -> 10 | AL15: 2 | AM15: 75 | AN15: =VLOOKUP(AM15,[1]المرجع!$B$3:$C$12,2) -> 3.5 | AO15: =VLOOKUP(AN15,[1]المرجع!$D$3:$E$12,2) -> ج+ | AP15: =AN15*AL15 -> 7 | AQ15: 2 | AR15: 18 | AS15: =VLOOKUP(AR15,[1]المرجع!$B$3:$C$12,2) -> 0 | AT15: =VLOOKUP(AS15,[1]المرجع!$D$3:$E$12,2) -> ه | AU15: =AS15*AQ15 -> 0 | AV15: 2 | AW15: 91 | AX15: =VLOOKUP(AW15,[1]المرجع!$B$3:$C$12,2) -> 4.75 | AY15: =VLOOKUP(AX15,[1]المرجع!$D$3:$E$12,2) -> أ | AZ15: =AX15*AV15 -> 9.5 | BA15: 2 | BB15: 99 | BC15: =VLOOKUP(BB15,[1]المرجع!$B$3:$C$12,2) -> 5 | BD15: =VLOOKUP(BC15,[1]المرجع!$D$3:$E$12,2) -> أ+ | BE15: =BC15*BA15 -> 10 | BF15: 2 | BG15: =25+56 -> 81 | BH15: =VLOOKUP(BG15,[1]المرجع!$B$3:$C$12,2) -> 4 | BI15: =VLOOKUP(BH15,[1]المرجع!$D$3:$E$12,2) -> ب | BJ15: =BH15*BF15 -> 8 | BK15: =BJ15+BE15+AZ15+AU15+AP15+AK15+AF15+AA15+Q15+V15+L15+G15 -> 97.5 | BL15: =BF15+BA15+AV15+AQ15+AL15+AG15+AB15+W15+R15+M15+H15+C15 -> 23 | BM15: =BK15/BL15 -> 4.2391304 | BN15: =VLOOKUP(BM15,المرجع!$C$1:$E$10,3) -> جيد جد مرتفع | BO15: =RANK(BM15,$BM$3:$BM$48) -> 8
A16: 2025368 | B16: إبراهيم كرمو جابي | C16: 1 | D16: 96 | E16: =VLOOKUP(D16,[1]المرجع!$B$3:$C$12,2) -> 5 | F16: =VLOOKUP(E16,[1]المرجع!$D$3:$E$12,2) -> أ+ | G16: =E16*C16 -> 5 | H16: 2 | I16: 76 | J16: =VLOOKUP(I16,[1]المرجع!$B$3:$C$12,2) -> 3.5 | K16: =VLOOKUP(J16,[1]المرجع!$D$3:$E$12,2) -> ج+ | L16: =J16*H16 -> 7 | M16: 2 | N16: 94 | O16: =VLOOKUP(N16,[1]المرجع!$B$3:$C$12,2) -> 4.75 | P16: =VLOOKUP(O16,[1]المرجع!$D$3:$E$12,2) -> أ | Q16: =O16*M16 -> 9.5 | R16: 2 | S16: 90 | T16: =VLOOKUP(S16,[1]المرجع!$B$3:$C$12,2) -> 4.75 | U16: =VLOOKUP(T16,[1]المرجع!$D$3:$E$12,2) -> أ | V16: =T16*R16 -> 9.5 | W16: 2 | X16: 70 | Y16: =VLOOKUP(X16,[1]المرجع!$B$3:$C$12,2) -> 3 | Z16: =VLOOKUP(Y16,[1]المرجع!$D$3:$E$12,2) -> ج | AA16: =Y16*W16 -> 6 | AB16: 2 | AC16: 55 | AD16: =VLOOKUP(AC16,[1]المرجع!$B$3:$C$12,2) -> 2 | AE16: =VLOOKUP(AD16,[1]المرجع!$D$3:$E$12,2) -> د | AF16: =AD16*AB16 -> 4 | AG16: 2 | AH16: 100 | AI16: =VLOOKUP(AH16,[1]المرجع!$B$3:$C$12,2) -> 5 | AJ16: =VLOOKUP(AI16,[1]المرجع!$D$3:$E$12,2) -> أ+ | AK16: =AI16*AG16 -> 10 | AL16: 2 | AM16: 66 | AN16: =VLOOKUP(AM16,[1]المرجع!$B$3:$C$12,2) -> 2.5 | AO16: =VLOOKUP(AN16,[1]المرجع!$D$3:$E$12,2) -> د+ | AP16: =AN16*AL16 -> 5 | AQ16: 2 | AR16: 86 | AS16: =VLOOKUP(AR16,[1]المرجع!$B$3:$C$12,2) -> 4.5 | AT16: =VLOOKUP(AS16,[1]المرجع!$D$3:$E$12,2) -> ب+ | AU16: =AS16*AQ16 -> 9 | AV16: 2 | AW16: 89 | AX16: =VLOOKUP(AW16,[1]المرجع!$B$3:$C$12,2) -> 4.5 | AY16: =VLOOKUP(AX16,[1]المرجع!$D$3:$E$12,2) -> ب+ | AZ16: =AX16*AV16 -> 9 | BA16: 2 | BB16: 87 | BC16: =VLOOKUP(BB16,[1]المرجع!$B$3:$C$12,2) -> 4.5 | BD16: =VLOOKUP(BC16,[1]المرجع!$D$3:$E$12,2) -> ب+ | BE16: =BC16*BA16 -> 9 | BF16: 2 | BG16: 53 | BH16: =VLOOKUP(BG16,[1]المرجع!$B$3:$C$12,2) -> 2 | BI16: =VLOOKUP(BH16,[1]المرجع!$D$3:$E$12,2) -> د | BJ16: =BH16*BF16 -> 4 | BK16: =BJ16+BE16+AZ16+AU16+AP16+AK16+AF16+AA16+Q16+V16+L16+G16 -> 87 | BL16: =BF16+BA16+AV16+AQ16+AL16+AG16+AB16+W16+R16+M16+H16+C16 -> 23 | BM16: =BK16/BL16 -> 3.7826087 | BN16: =VLOOKUP(BM16,المرجع!$C$1:$E$10,3) -> جيد جدا | BO16: =RANK(BM16,$BM$3:$BM$48) -> 14
A17: 2025315 | B17: أبوبكر عثمان جيبو | C17: 1 | D17: 93 | E17: =VLOOKUP(D17,[1]المرجع!$B$3:$C$12,2) -> 4.75 | F17: =VLOOKUP(E17,[1]المرجع!$D$3:$E$12,2) -> أ | G17: =E17*C17 -> 4.75 | H17: 2 | I17: 81 | J17: =VLOOKUP(I17,[1]المرجع!$B$3:$C$12,2) -> 4 | K17: =VLOOKUP(J17,[1]المرجع!$D$3:$E$12,2) -> ب | L17: =J17*H17 -> 8 | M17: 2 | N17: 90 | O17: =VLOOKUP(N17,[1]المرجع!$B$3:$C$12,2) -> 4.75 | P17: =VLOOKUP(O17,[1]المرجع!$D$3:$E$12,2) -> أ | Q17: =O17*M17 -> 9.5 | R17: 2 | S17: 91 | T17: =VLOOKUP(S17,[1]المرجع!$B$3:$C$12,2) -> 4.75 | U17: =VLOOKUP(T17,[1]المرجع!$D$3:$E$12,2) -> أ | V17: =T17*R17 -> 9.5 | W17: 2 | X17: 70 | Y17: =VLOOKUP(X17,[1]المرجع!$B$3:$C$12,2) -> 3 | Z17: =VLOOKUP(Y17,[1]المرجع!$D$3:$E$12,2) -> ج | AA17: =Y17*W17 -> 6 | AB17: 2 | AC17: 77 | AD17: =VLOOKUP(AC17,[1]المرجع!$B$3:$C$12,2) -> 3.5 | AE17: =VLOOKUP(AD17,[1]المرجع!$D$3:$E$12,2) -> ج+ | AF17: =AD17*AB17 -> 7 | AG17: 2 | AH17: 97 | AI17: =VLOOKUP(AH17,[1]المرجع!$B$3:$C$12,2) -> 5 | AJ17: =VLOOKUP(AI17,[1]المرجع!$D$3:$E$12,2) -> أ+ | AK17: =AI17*AG17 -> 10 | AL17: 2 | AM17: 50 | AN17: =VLOOKUP(AM17,[1]المرجع!$B$3:$C$12,2) -> 2 | AO17: =VLOOKUP(AN17,[1]المرجع!$D$3:$E$12,2) -> د | AP17: =AN17*AL17 -> 4 | AQ17: 2 | AR17: 82 | AS17: =VLOOKUP(AR17,[1]المرجع!$B$3:$C$12,2) -> 4 | AT17: =VLOOKUP(AS17,[1]المرجع!$D$3:$E$12,2) -> ب | AU17: =AS17*AQ17 -> 8 | AV17: 2 | AW17: 53 | AX17: =VLOOKUP(AW17,[1]المرجع!$B$3:$C$12,2) -> 2 | AY17: =VLOOKUP(AX17,[1]المرجع!$D$3:$E$12,2) -> د | AZ17: =AX17*AV17 -> 4 | BA17: 2 | BB17: 74 | BC17: =VLOOKUP(BB17,[1]المرجع!$B$3:$C$12,2) -> 3 | BD17: =VLOOKUP(BC17,[1]المرجع!$D$3:$E$12,2) -> ج | BE17: =BC17*BA17 -> 6 | BF17: 2 | BG17: 87 | BH17: =VLOOKUP(BG17,[1]المرجع!$B$3:$C$12,2) -> 4.5 | BI17: =VLOOKUP(BH17,[1]المرجع!$D$3:$E$12,2) -> ب+ | BJ17: =BH17*BF17 -> 9 | BK17: =BJ17+BE17+AZ17+AU17+AP17+AK17+AF17+AA17+Q17+V17+L17+G17 -> 85.75 | BL17: =BF17+BA17+AV17+AQ17+AL17+AG17+AB17+W17+R17+M17+H17+C17 -> 23 | BM17: =BK17/BL17 -> 3.7282609 | BN17: =VLOOKUP(BM17,المرجع!$C$1:$E$10,3) -> جيد جدا | BO17: =RANK(BM17,$BM$3:$BM$48) -> 15
A18: 2025458 | B18: بونا أبوبكر توري | C18: 1 | D18: 98 | E18: =VLOOKUP(D18,[1]المرجع!$B$3:$C$12,2) -> 5 | F18: =VLOOKUP(E18,[1]المرجع!$D$3:$E$12,2) -> أ+ | G18: =E18*C18 -> 5 | H18: 2 | I18: 54 | J18: =VLOOKUP(I18,[1]المرجع!$B$3:$C$12,2) -> 2 | K18: =VLOOKUP(J18,[1]المرجع!$D$3:$E$12,2) -> د | L18: =J18*H18 -> 4 | M18: 2 | N18: 94 | O18: =VLOOKUP(N18,[1]المرجع!$B$3:$C$12,2) -> 4.75 | P18: =VLOOKUP(O18,[1]المرجع!$D$3:$E$12,2) -> أ | Q18: =O18*M18 -> 9.5 | R18: 2 | S18: 80 | T18: =VLOOKUP(S18,[1]المرجع!$B$3:$C$12,2) -> 4 | U18: =VLOOKUP(T18,[1]المرجع!$D$3:$E$12,2) -> ب | V18: =T18*R18 -> 8 | W18: 2 | X18: 80 | Y18: =VLOOKUP(X18,[1]المرجع!$B$3:$C$12,2) -> 4 | Z18: =VLOOKUP(Y18,[1]المرجع!$D$3:$E$12,2) -> ب | AA18: =Y18*W18 -> 8 | AB18: 2 | AC18: 84 | AD18: =VLOOKUP(AC18,[1]المرجع!$B$3:$C$12,2) -> 4 | AE18: =VLOOKUP(AD18,[1]المرجع!$D$3:$E$12,2) -> ب | AF18: =AD18*AB18 -> 8 | AG18: 2 | AH18: 99 | AI18: =VLOOKUP(AH18,[1]المرجع!$B$3:$C$12,2) -> 5 | AJ18: =VLOOKUP(AI18,[1]المرجع!$D$3:$E$12,2) -> أ+ | AK18: =AI18*AG18 -> 10 | AL18: 2 | AM18: 37 | AN18: =VLOOKUP(AM18,[1]المرجع!$B$3:$C$12,2) -> 0 | AO18: =VLOOKUP(AN18,[1]المرجع!$D$3:$E$12,2) -> ه | AP18: =AN18*AL18 -> 0 | AQ18: 2 | AR18: 97 | AS18: =VLOOKUP(AR18,[1]المرجع!$B$3:$C$12,2) -> 5 | AT18: =VLOOKUP(AS18,[1]المرجع!$D$3:$E$12,2) -> أ+ | AU18: =AS18*AQ18 -> 10 | AV18: 2 | AW18: 60 | AX18: =VLOOKUP(AW18,[1]المرجع!$B$3:$C$12,2) -> 2 | AY18: =VLOOKUP(AX18,[1]المرجع!$D$3:$E$12,2) -> د | AZ18: =AX18*AV18 -> 4 | BA18: 2 | BB18: 97 | BC18: =VLOOKUP(BB18,[1]المرجع!$B$3:$C$12,2) -> 5 | BD18: =VLOOKUP(BC18,[1]المرجع!$D$3:$E$12,2) -> أ+ | BE18: =BC18*BA18 -> 10 | BF18: 2 | BG18: 80 | BH18: =VLOOKUP(BG18,[1]المرجع!$B$3:$C$12,2) -> 4 | BI18: =VLOOKUP(BH18,[1]المرجع!$D$3:$E$12,2) -> ب | BJ18: =BH18*BF18 -> 8 | BK18: =BJ18+BE18+AZ18+AU18+AP18+AK18+AF18+AA18+Q18+V18+L18+G18 -> 84.5 | BL18: =BF18+BA18+AV18+AQ18+AL18+AG18+AB18+W18+R18+M18+H18+C18 -> 23 | BM18: =BK18/BL18 -> 3.673913 | BN18: =VLOOKUP(BM18,المرجع!$C$1:$E$10,3) -> جيد جدا | BO18: =RANK(BM18,$BM$3:$BM$48) -> 16
A19: 2025366 | B19: الحسن بابند توري | C19: 1 | D19: 85 | E19: =VLOOKUP(D19,[1]المرجع!$B$3:$C$12,2) -> 4.5 | F19: =VLOOKUP(E19,[1]المرجع!$D$3:$E$12,2) -> ب+ | G19: =E19*C19 -> 4.5 | H19: 2 | I19: 93 | J19: =VLOOKUP(I19,[1]المرجع!$B$3:$C$12,2) -> 4.75 | K19: =VLOOKUP(J19,[1]المرجع!$D$3:$E$12,2) -> أ | L19: =J19*H19 -> 9.5 | M19: 2 | N19: 87 | O19: =VLOOKUP(N19,[1]المرجع!$B$3:$C$12,2) -> 4.5 | P19: =VLOOKUP(O19,[1]المرجع!$D$3:$E$12,2) -> ب+ | Q19: =O19*M19 -> 9 | R19: 2 | S19: 87 | T19: =VLOOKUP(S19,[1]المرجع!$B$3:$C$12,2) -> 4.5 | U19: =VLOOKUP(T19,[1]المرجع!$D$3:$E$12,2) -> ب+ | V19: =T19*R19 -> 9 | W19: 2 | X19: 92 | Y19: =VLOOKUP(X19,[1]المرجع!$B$3:$C$12,2) -> 4.75 | Z19: =VLOOKUP(Y19,[1]المرجع!$D$3:$E$12,2) -> أ | AA19: =Y19*W19 -> 9.5 | AB19: 2 | AC19: 28 | AD19: =VLOOKUP(AC19,[1]المرجع!$B$3:$C$12,2) -> 0 | AE19: =VLOOKUP(AD19,[1]المرجع!$D$3:$E$12,2) -> ه | AF19: =AD19*AB19 -> 0 | AG19: 2 | AH19: 100 | AI19: =VLOOKUP(AH19,[1]المرجع!$B$3:$C$12,2) -> 5 | AJ19: =VLOOKUP(AI19,[1]المرجع!$D$3:$E$12,2) -> أ+ | AK19: =AI19*AG19 -> 10 | AL19: 2 | AM19: 75 | AN19: =VLOOKUP(AM19,[1]المرجع!$B$3:$C$12,2) -> 3.5 | AO19: =VLOOKUP(AN19,[1]المرجع!$D$3:$E$12,2) -> ج+ | AP19: =AN19*AL19 -> 7 | AQ19: 2 | AR19: 65 | AS19: =VLOOKUP(AR19,[1]المرجع!$B$3:$C$12,2) -> 2.5 | AT19: =VLOOKUP(AS19,[1]المرجع!$D$3:$E$12,2) -> د+ | AU19: =AS19*AQ19 -> 5 | AV19: 2 | AW19: 58 | AX19: =VLOOKUP(AW19,[1]المرجع!$B$3:$C$12,2) -> 2 | AY19: =VLOOKUP(AX19,[1]المرجع!$D$3:$E$12,2) -> د | AZ19: =AX19*AV19 -> 4 | BA19: 2 | BB19: 83 | BC19: =VLOOKUP(BB19,[1]المرجع!$B$3:$C$12,2) -> 4 | BD19: =VLOOKUP(BC19,[1]المرجع!$D$3:$E$12,2) -> ب | BE19: =BC19*BA19 -> 8 | BF19: 2 | BG19: 85 | BH19: =VLOOKUP(BG19,[1]المرجع!$B$3:$C$12,2) -> 4.5 | BI19: =VLOOKUP(BH19,[1]المرجع!$D$3:$E$12,2) -> ب+ | BJ19: =BH19*BF19 -> 9 | BK19: =BJ19+BE19+AZ19+AU19+AP19+AK19+AF19+AA19+Q19+V19+L19+G19 -> 84.5 | BL19: =BF19+BA19+AV19+AQ19+AL19+AG19+AB19+W19+R19+M19+H19+C19 -> 23 | BM19: =BK19/BL19 -> 3.673913 | BN19: =VLOOKUP(BM19,المرجع!$C$1:$E$10,3) -> جيد جدا | BO19: =RANK(BM19,$BM$3:$BM$48) -> 16
A20: 2025408 | B20: شيخ جامبا دافي | C20: 1 | D20: 88 | E20: =VLOOKUP(D20,[1]المرجع!$B$3:$C$12,2) -> 4.5 | F20: =VLOOKUP(E20,[1]المرجع!$D$3:$E$12,2) -> ب+ | G20: =E20*C20 -> 4.5 | H20: 2 | I20: 95 | J20: =VLOOKUP(I20,[1]المرجع!$B$3:$C$12,2) -> 5 | K20: =VLOOKUP(J20,[1]المرجع!$D$3:$E$12,2) -> أ+ | L20: =J20*H20 -> 10 | M20: 2 | N20: 98 | O20: =VLOOKUP(N20,[1]المرجع!$B$3:$C$12,2) -> 5 | P20: =VLOOKUP(O20,[1]المرجع!$D$3:$E$12,2) -> أ+ | Q20: =O20*M20 -> 10 | R20: 2 | S20: 84 | T20: =VLOOKUP(S20,[1]المرجع!$B$3:$C$12,2) -> 4 | U20: =VLOOKUP(T20,[1]المرجع!$D$3:$E$12,2) -> ب | V20: =T20*R20 -> 8 | W20: 2 | X20: 85 | Y20: =VLOOKUP(X20,[1]المرجع!$B$3:$C$12,2) -> 4.5 | Z20: =VLOOKUP(Y20,[1]المرجع!$D$3:$E$12,2) -> ب+ | AA20: =Y20*W20 -> 9 | AB20: 2 | AC20: 25 | AD20: =VLOOKUP(AC20,[1]المرجع!$B$3:$C$12,2) -> 0 | AE20: =VLOOKUP(AD20,[1]المرجع!$D$3:$E$12,2) -> ه | AF20: =AD20*AB20 -> 0 | AG20: 2 | AH20: 98 | AI20: =VLOOKUP(AH20,[1]المرجع!$B$3:$C$12,2) -> 5 | AJ20: =VLOOKUP(AI20,[1]المرجع!$D$3:$E$12,2) -> أ+ | AK20: =AI20*AG20 -> 10 | AL20: 2 | AM20: 62 | AN20: =VLOOKUP(AM20,[1]المرجع!$B$3:$C$12,2) -> 2 | AO20: =VLOOKUP(AN20,[1]المرجع!$D$3:$E$12,2) -> د | AP20: =AN20*AL20 -> 4 | AQ20: 2 | AR20: 92 | AS20: =VLOOKUP(AR20,[1]المرجع!$B$3:$C$12,2) -> 4.75 | AT20: =VLOOKUP(AS20,[1]المرجع!$D$3:$E$12,2) -> أ | AU20: =AS20*AQ20 -> 9.5 | AV20: 2 | AW20: 74 | AX20: =VLOOKUP(AW20,[1]المرجع!$B$3:$C$12,2) -> 3 | AY20: =VLOOKUP(AX20,[1]المرجع!$D$3:$E$12,2) -> ج | AZ20: =AX20*AV20 -> 6 | BA20: 2 | BB20: 80 | BC20: =VLOOKUP(BB20,[1]المرجع!$B$3:$C$12,2) -> 4 | BD20: =VLOOKUP(BC20,[1]المرجع!$D$3:$E$12,2) -> ب | BE20: =BC20*BA20 -> 8 | BF20: 2 | BG20: 50 | BH20: =VLOOKUP(BG20,[1]المرجع!$B$3:$C$12,2) -> 2 | BI20: =VLOOKUP(BH20,[1]المرجع!$D$3:$E$12,2) -> د | BJ20: =BH20*BF20 -> 4 | BK20: =BJ20+BE20+AZ20+AU20+AP20+AK20+AF20+AA20+Q20+V20+L20+G20 -> 83 | BL20: =BF20+BA20+AV20+AQ20+AL20+AG20+AB20+W20+R20+M20+H20+C20 -> 23 | BM20: =BK20/BL20 -> 3.6086957 | BN20: =VLOOKUP(BM20,المرجع!$C$1:$E$10,3) -> جيد جدا | BO20: =RANK(BM20,$BM$3:$BM$48) -> 18
A21: 2025317 | B21: ممد بن سليمان انجاي | C21: 1 | D21: 92 | E21: =VLOOKUP(D21,[1]المرجع!$B$3:$C$12,2) -> 4.75 | F21: =VLOOKUP(E21,[1]المرجع!$D$3:$E$12,2) -> أ | G21: =E21*C21 -> 4.75 | H21: 2 | I21: 67 | J21: =VLOOKUP(I21,[1]المرجع!$B$3:$C$12,2) -> 2.5 | K21: =VLOOKUP(J21,[1]المرجع!$D$3:$E$12,2) -> د+ | L21: =J21*H21 -> 5 | M21: 2 | N21: 98 | O21: =VLOOKUP(N21,[1]المرجع!$B$3:$C$12,2) -> 5 | P21: =VLOOKUP(O21,[1]المرجع!$D$3:$E$12,2) -> أ+ | Q21: =O21*M21 -> 10 | R21: 2 | S21: 92 | T21: =VLOOKUP(S21,[1]المرجع!$B$3:$C$12,2) -> 4.75 | U21: =VLOOKUP(T21,[1]المرجع!$D$3:$E$12,2) -> أ | V21: =T21*R21 -> 9.5 | W21: 2 | X21: 91 | Y21: =VLOOKUP(X21,[1]المرجع!$B$3:$C$12,2) -> 4.75 | Z21: =VLOOKUP(Y21,[1]المرجع!$D$3:$E$12,2) -> أ | AA21: =Y21*W21 -> 9.5 | AB21: 2 | AC21: 50 | AD21: =VLOOKUP(AC21,[1]المرجع!$B$3:$C$12,2) -> 2 | AE21: =VLOOKUP(AD21,[1]المرجع!$D$3:$E$12,2) -> د | AF21: =AD21*AB21 -> 4 | AG21: 2 | AH21: 98 | AI21: =VLOOKUP(AH21,[1]المرجع!$B$3:$C$12,2) -> 5 | AJ21: =VLOOKUP(AI21,[1]المرجع!$D$3:$E$12,2) -> أ+ | AK21: =AI21*AG21 -> 10 | AL21: 2 | AM21: 60 | AN21: =VLOOKUP(AM21,[1]المرجع!$B$3:$C$12,2) -> 2 | AO21: =VLOOKUP(AN21,[1]المرجع!$D$3:$E$12,2) -> د | AP21: =AN21*AL21 -> 4 | AQ21: 2 | AR21: 81 | AS21: =VLOOKUP(AR21,[1]المرجع!$B$3:$C$12,2) -> 4 | AT21: =VLOOKUP(AS21,[1]المرجع!$D$3:$E$12,2) -> ب | AU21: =AS21*AQ21 -> 8 | AV21: 2 | AW21: 67 | AX21: =VLOOKUP(AW21,[1]المرجع!$B$3:$C$12,2) -> 2.5 | AY21: =VLOOKUP(AX21,[1]المرجع!$D$3:$E$12,2) -> د+ | AZ21: =AX21*AV21 -> 5 | BA21: 2 | BB21: 88 | BC21: =VLOOKUP(BB21,[1]المرجع!$B$3:$C$12,2) -> 4.5 | BD21: =VLOOKUP(BC21,[1]المرجع!$D$3:$E$12,2) -> ب+ | BE21: =BC21*BA21 -> 9 | BF21: 2 | BG21: 51 | BH21: =VLOOKUP(BG21,[1]المرجع!$B$3:$C$12,2) -> 2 | BI21: =VLOOKUP(BH21,[1]المرجع!$D$3:$E$12,2) -> د | BJ21: =BH21*BF21 -> 4 | BK21: =BJ21+BE21+AZ21+AU21+AP21+AK21+AF21+AA21+Q21+V21+L21+G21 -> 82.75 | BL21: =BF21+BA21+AV21+AQ21+AL21+AG21+AB21+W21+R21+M21+H21+C21 -> 23 | BM21: =BK21/BL21 -> 3.5978261 | BN21: =VLOOKUP(BM21,المرجع!$C$1:$E$10,3) -> جيد مرتفع | BO21: =RANK(BM21,$BM$3:$BM$48) -> 19
A22: 2025363 | B22: محمد موسى جانمي | C22: 1 | D22: 95 | E22: =VLOOKUP(D22,[1]المرجع!$B$3:$C$12,2) -> 5 | F22: =VLOOKUP(E22,[1]المرجع!$D$3:$E$12,2) -> أ+ | G22: =E22*C22 -> 5 | H22: 2 | I22: 97 | J22: =VLOOKUP(I22,[1]المرجع!$B$3:$C$12,2) -> 5 | K22: =VLOOKUP(J22,[1]المرجع!$D$3:$E$12,2) -> أ+ | L22: =J22*H22 -> 10 | M22: 2 | N22: 88 | O22: =VLOOKUP(N22,[1]المرجع!$B$3:$C$12,2) -> 4.5 | P22: =VLOOKUP(O22,[1]المرجع!$D$3:$E$12,2) -> ب+ | Q22: =O22*M22 -> 9 | R22: 2 | S22: 89 | T22: =VLOOKUP(S22,[1]المرجع!$B$3:$C$12,2) -> 4.5 | U22: =VLOOKUP(T22,[1]المرجع!$D$3:$E$12,2) -> ب+ | V22: =T22*R22 -> 9 | W22: 2 | X22: 73 | Y22: =VLOOKUP(X22,[1]المرجع!$B$3:$C$12,2) -> 3 | Z22: =VLOOKUP(Y22,[1]المرجع!$D$3:$E$12,2) -> ج | AA22: =Y22*W22 -> 6 | AB22: 2 | AC22: 50 | AD22: =VLOOKUP(AC22,[1]المرجع!$B$3:$C$12,2) -> 2 | AE22: =VLOOKUP(AD22,[1]المرجع!$D$3:$E$12,2) -> د | AF22: =AD22*AB22 -> 4 | AG22: 2 | AH22: 98 | AI22: =VLOOKUP(AH22,[1]المرجع!$B$3:$C$12,2) -> 5 | AJ22: =VLOOKUP(AI22,[1]المرجع!$D$3:$E$12,2) -> أ+ | AK22: =AI22*AG22 -> 10 | AL22: 2 | AM22: 64 | AN22: =VLOOKUP(AM22,[1]المرجع!$B$3:$C$12,2) -> 2 | AO22: =VLOOKUP(AN22,[1]المرجع!$D$3:$E$12,2) -> د | AP22: =AN22*AL22 -> 4 | AQ22: 2 | AR22: 55 | AS22: =VLOOKUP(AR22,[1]المرجع!$B$3:$C$12,2) -> 2 | AT22: =VLOOKUP(AS22,[1]المرجع!$D$3:$E$12,2) -> د | AU22: =AS22*AQ22 -> 4 | AV22: 2 | AW22: 71 | AX22: =VLOOKUP(AW22,[1]المرجع!$B$3:$C$12,2) -> 3 | AY22: =VLOOKUP(AX22,[1]المرجع!$D$3:$E$12,2) -> ج | AZ22: =AX22*AV22 -> 6 | BA22: 2 | BB22: 82 | BC22: =VLOOKUP(BB22,[1]المرجع!$B$3:$C$12,2) -> 4 | BD22: =VLOOKUP(BC22,[1]المرجع!$D$3:$E$12,2) -> ب | BE22: =BC22*BA22 -> 8 | BF22: 2 | BG22: 59 | BH22: =VLOOKUP(BG22,[1]المرجع!$B$3:$C$12,2) -> 2 | BI22: =VLOOKUP(BH22,[1]المرجع!$D$3:$E$12,2) -> د | BJ22: =BH22*BF22 -> 4 | BK22: =BJ22+BE22+AZ22+AU22+AP22+AK22+AF22+AA22+Q22+V22+L22+G22 -> 79 | BL22: =BF22+BA22+AV22+AQ22+AL22+AG22+AB22+W22+R22+M22+H22+C22 -> 23 | BM22: =BK22/BL22 -> 3.4347826 | BN22: =VLOOKUP(BM22,المرجع!$C$1:$E$10,3) -> جيد مرتفع | BO22: =RANK(BM22,$BM$3:$BM$48) -> 20
A23: 2025360 | B23: الحسن قاسم ساجو | C23: 1 | D23: 95 | E23: =VLOOKUP(D23,[1]المرجع!$B$3:$C$12,2) -> 5 | F23: =VLOOKUP(E23,[1]المرجع!$D$3:$E$12,2) -> أ+ | G23: =E23*C23 -> 5 | H23: 2 | I23: 95 | J23: =VLOOKUP(I23,[1]المرجع!$B$3:$C$12,2) -> 5 | K23: =VLOOKUP(J23,[1]المرجع!$D$3:$E$12,2) -> أ+ | L23: =J23*H23 -> 10 | M23: 2 | N23: 80 | O23: =VLOOKUP(N23,[1]المرجع!$B$3:$C$12,2) -> 4 | P23: =VLOOKUP(O23,[1]المرجع!$D$3:$E$12,2) -> ب | Q23: =O23*M23 -> 8 | R23: 2 | S23: 85 | T23: =VLOOKUP(S23,[1]المرجع!$B$3:$C$12,2) -> 4.5 | U23: =VLOOKUP(T23,[1]المرجع!$D$3:$E$12,2) -> ب+ | V23: =T23*R23 -> 9 | W23: 2 | X23: 89 | Y23: =VLOOKUP(X23,[1]المرجع!$B$3:$C$12,2) -> 4.5 | Z23: =VLOOKUP(Y23,[1]المرجع!$D$3:$E$12,2) -> ب+ | AA23: =Y23*W23 -> 9 | AB23: 2 | AC23: 50 | AD23: =VLOOKUP(AC23,[1]المرجع!$B$3:$C$12,2) -> 2 | AE23: =VLOOKUP(AD23,[1]المرجع!$D$3:$E$12,2) -> د | AF23: =AD23*AB23 -> 4 | AG23: 2 | AH23: 90 | AI23: =VLOOKUP(AH23,[1]المرجع!$B$3:$C$12,2) -> 4.75 | AJ23: =VLOOKUP(AI23,[1]المرجع!$D$3:$E$12,2) -> أ | AK23: =AI23*AG23 -> 9.5 | AL23: 2 | AM23: 55 | AN23: =VLOOKUP(AM23,[1]المرجع!$B$3:$C$12,2) -> 2 | AO23: =VLOOKUP(AN23,[1]المرجع!$D$3:$E$12,2) -> د | AP23: =AN23*AL23 -> 4 | AQ23: 2 | AR23: 62 | AS23: =VLOOKUP(AR23,[1]المرجع!$B$3:$C$12,2) -> 2 | AT23: =VLOOKUP(AS23,[1]المرجع!$D$3:$E$12,2) -> د | AU23: =AS23*AQ23 -> 4 | AV23: 2 | AW23: 70 | AX23: =VLOOKUP(AW23,[1]المرجع!$B$3:$C$12,2) -> 3 | AY23: =VLOOKUP(AX23,[1]المرجع!$D$3:$E$12,2) -> ج | AZ23: =AX23*AV23 -> 6 | BA23: 2 | BB23: 70 | BC23: =VLOOKUP(BB23,[1]المرجع!$B$3:$C$12,2) -> 3 | BD23: =VLOOKUP(BC23,[1]المرجع!$D$3:$E$12,2) -> ج | BE23: =BC23*BA23 -> 6 | BF23: 2 | BG23: 54 | BH23: =VLOOKUP(BG23,[1]المرجع!$B$3:$C$12,2) -> 2 | BI23: =VLOOKUP(BH23,[1]المرجع!$D$3:$E$12,2) -> د | BJ23: =BH23*BF23 -> 4 | BK23: =BJ23+BE23+AZ23+AU23+AP23+AK23+AF23+AA23+Q23+V23+L23+G23 -> 78.5 | BL23: =BF23+BA23+AV23+AQ23+AL23+AG23+AB23+W23+R23+M23+H23+C23 -> 23 | BM23: =BK23/BL23 -> 3.4130435 | BN23: =VLOOKUP(BM23,المرجع!$C$1:$E$10,3) -> جيد مرتفع | BO23: =RANK(BM23,$BM$3:$BM$48) -> 21
A24: 2025341 | B24: حواء يعقوب دابو | C24: 1 | D24: 50 | E24: =VLOOKUP(D24,[1]المرجع!$B$3:$C$12,2) -> 2 | F24: =VLOOKUP(E24,[1]المرجع!$D$3:$E$12,2) -> د | G24: =E24*C24 -> 2 | H24: 2 | I24: 69 | J24: =VLOOKUP(I24,[1]المرجع!$B$3:$C$12,2) -> 2.5 | K24: =VLOOKUP(J24,[1]المرجع!$D$3:$E$12,2) -> د+ | L24: =J24*H24 -> 5 | M24: 2 | N24: 96 | O24: =VLOOKUP(N24,[1]المرجع!$B$3:$C$12,2) -> 5 | P24: =VLOOKUP(O24,[1]المرجع!$D$3:$E$12,2) -> أ+ | Q24: =O24*M24 -> 10 | R24: 2 | S24: 67 | T24: =VLOOKUP(S24,[1]المرجع!$B$3:$C$12,2) -> 2.5 | U24: =VLOOKUP(T24,[1]المرجع!$D$3:$E$12,2) -> د+ | V24: =T24*R24 -> 5 | W24: 2 | X24: 55 | Y24: =VLOOKUP(X24,[1]المرجع!$B$3:$C$12,2) -> 2 | Z24: =VLOOKUP(Y24,[1]المرجع!$D$3:$E$12,2) -> د | AA24: =Y24*W24 -> 4 | AB24: 2 | AC24: 66 | AD24: =VLOOKUP(AC24,[1]المرجع!$B$3:$C$12,2) -> 2.5 | AE24: =VLOOKUP(AD24,[1]المرجع!$D$3:$E$12,2) -> د+ | AF24: =AD24*AB24 -> 5 | AG24: 2 | AH24: 100 | AI24: =VLOOKUP(AH24,[1]المرجع!$B$3:$C$12,2) -> 5 | AJ24: =VLOOKUP(AI24,[1]المرجع!$D$3:$E$12,2) -> أ+ | AK24: =AI24*AG24 -> 10 | AL24: 2 | AM24: 69 | AN24: =VLOOKUP(AM24,[1]المرجع!$B$3:$C$12,2) -> 2.5 | AO24: =VLOOKUP(AN24,[1]المرجع!$D$3:$E$12,2) -> د+ | AP24: =AN24*AL24 -> 5 | AQ24: 2 | AR24: 84 | AS24: =VLOOKUP(AR24,[1]المرجع!$B$3:$C$12,2) -> 4 | AT24: =VLOOKUP(AS24,[1]المرجع!$D$3:$E$12,2) -> ب | AU24: =AS24*AQ24 -> 8 | AV24: 2 | AW24: 77 | AX24: =VLOOKUP(AW24,[1]المرجع!$B$3:$C$12,2) -> 3.5 | AY24: =VLOOKUP(AX24,[1]المرجع!$D$3:$E$12,2) -> ج+ | AZ24: =AX24*AV24 -> 7 | BA24: 2 | BB24: 82 | BC24: =VLOOKUP(BB24,[1]المرجع!$B$3:$C$12,2) -> 4 | BD24: =VLOOKUP(BC24,[1]المرجع!$D$3:$E$12,2) -> ب | BE24: =BC24*BA24 -> 8 | BF24: 2 | BG24: 85 | BH24: =VLOOKUP(BG24,[1]المرجع!$B$3:$C$12,2) -> 4.5 | BI24: =VLOOKUP(BH24,[1]المرجع!$D$3:$E$12,2) -> ب+ | BJ24: =BH24*BF24 -> 9 | BK24: =BJ24+BE24+AZ24+AU24+AP24+AK24+AF24+AA24+Q24+V24+L24+G24 -> 78 | BL24: =BF24+BA24+AV24+AQ24+AL24+AG24+AB24+W24+R24+M24+H24+C24 -> 23 | BM24: =BK24/BL24 -> 3.3913043 | BN24: =VLOOKUP(BM24,المرجع!$C$1:$E$10,3) -> جيد مرتفع | BO24: =RANK(BM24,$BM$3:$BM$48) -> 23
A25: 2025426 | B25: أحمد سيدي جالو | C25: 1 | D25: 90 | E25: =VLOOKUP(D25,[1]المرجع!$B$3:$C$12,2) -> 4.75 | F25: =VLOOKUP(E25,[1]المرجع!$D$3:$E$12,2) -> أ | G25: =E25*C25 -> 4.75 | H25: 2 | I25: 50 | J25: =VLOOKUP(I25,[1]المرجع!$B$3:$C$12,2) -> 2 | K25: =VLOOKUP(J25,[1]المرجع!$D$3:$E$12,2) -> د | L25: =J25*H25 -> 4 | M25: 2 | N25: 77 | O25: =VLOOKUP(N25,[1]المرجع!$B$3:$C$12,2) -> 3.5 | P25: =VLOOKUP(O25,[1]المرجع!$D$3:$E$12,2) -> ج+ | Q25: =O25*M25 -> 7 | R25: 2 | S25: 81 | T25: =VLOOKUP(S25,[1]المرجع!$B$3:$C$12,2) -> 4 | U25: =VLOOKUP(T25,[1]المرجع!$D$3:$E$12,2) -> ب | V25: =T25*R25 -> 8 | W25: 2 | X25: 80 | Y25: =VLOOKUP(X25,[1]المرجع!$B$3:$C$12,2) -> 4 | Z25: =VLOOKUP(Y25,[1]المرجع!$D$3:$E$12,2) -> ب | AA25: =Y25*W25 -> 8 | AB25: 2 | AC25: 50 | AD25: =VLOOKUP(AC25,[1]المرجع!$B$3:$C$12,2) -> 2 | AE25: =VLOOKUP(AD25,[1]المرجع!$D$3:$E$12,2) -> د | AF25: =AD25*AB25 -> 4 | AG25: 2 | AH25: 88 | AI25: =VLOOKUP(AH25,[1]المرجع!$B$3:$C$12,2) -> 4.5 | AJ25: =VLOOKUP(AI25,[1]المرجع!$D$3:$E$12,2) -> ب+ | AK25: =AI25*AG25 -> 9 | AL25: 2 | AM25: 88 | AN25: =VLOOKUP(AM25,[1]المرجع!$B$3:$C$12,2) -> 4.5 | AO25: =VLOOKUP(AN25,[1]المرجع!$D$3:$E$12,2) -> ب+ | AP25: =AN25*AL25 -> 9 | AQ25: 2 | AR25: 50 | AS25: =VLOOKUP(AR25,[1]المرجع!$B$3:$C$12,2) -> 2 | AT25: =VLOOKUP(AS25,[1]المرجع!$D$3:$E$12,2) -> د | AU25: =AS25*AQ25 -> 4 | AV25: 2 | AW25: 50 | AX25: =VLOOKUP(AW25,[1]المرجع!$B$3:$C$12,2) -> 2 | AY25: =VLOOKUP(AX25,[1]المرجع!$D$3:$E$12,2) -> د | AZ25: =AX25*AV25 -> 4 | BA25: 2 | BB25: 72 | BC25: =VLOOKUP(BB25,[1]المرجع!$B$3:$C$12,2) -> 3 | BD25: =VLOOKUP(BC25,[1]المرجع!$D$3:$E$12,2) -> ج | BE25: =BC25*BA25 -> 6 | BF25: 2 | BG25: 95 | BH25: =VLOOKUP(BG25,[1]المرجع!$B$3:$C$12,2) -> 5 | BI25: =VLOOKUP(BH25,[1]المرجع!$D$3:$E$12,2) -> أ+ | BJ25: =BH25*BF25 -> 10 | BK25: =BJ25+BE25+AZ25+AU25+AP25+AK25+AF25+AA25+Q25+V25+L25+G25 -> 77.75 | BL25: =BF25+BA25+AV25+AQ25+AL25+AG25+AB25+W25+R25+M25+H25+C25 -> 23 | BM25: =BK25/BL25 -> 3.3804348 | BN25: =VLOOKUP(BM25,المرجع!$C$1:$E$10,3) -> جيد مرتفع | BO25: =RANK(BM25,$BM$3:$BM$48) -> 24
A26: 2025347 | B26: ألاج لمين كمارا | C26: 1 | D26: 69 | E26: =VLOOKUP(D26,[1]المرجع!$B$3:$C$12,2) -> 2.5 | F26: =VLOOKUP(E26,[1]المرجع!$D$3:$E$12,2) -> د+ | G26: =E26*C26 -> 2.5 | H26: 2 | I26: 98 | J26: =VLOOKUP(I26,[1]المرجع!$B$3:$C$12,2) -> 5 | K26: =VLOOKUP(J26,[1]المرجع!$D$3:$E$12,2) -> أ+ | L26: =J26*H26 -> 10 | M26: 2 | N26: 87 | O26: =VLOOKUP(N26,[1]المرجع!$B$3:$C$12,2) -> 4.5 | P26: =VLOOKUP(O26,[1]المرجع!$D$3:$E$12,2) -> ب+ | Q26: =O26*M26 -> 9 | R26: 2 | S26: 74 | T26: =VLOOKUP(S26,[1]المرجع!$B$3:$C$12,2) -> 3 | U26: =VLOOKUP(T26,[1]المرجع!$D$3:$E$12,2) -> ج | V26: =T26*R26 -> 6 | W26: 2 | X26: 75 | Y26: =VLOOKUP(X26,[1]المرجع!$B$3:$C$12,2) -> 3.5 | Z26: =VLOOKUP(Y26,[1]المرجع!$D$3:$E$12,2) -> ج+ | AA26: =Y26*W26 -> 7 | AB26: 2 | AC26: 80 | AD26: =VLOOKUP(AC26,[1]المرجع!$B$3:$C$12,2) -> 4 | AE26: =VLOOKUP(AD26,[1]المرجع!$D$3:$E$12,2) -> ب | AF26: =AD26*AB26 -> 8 | AG26: 2 | AH26: 97 | AI26: =VLOOKUP(AH26,[1]المرجع!$B$3:$C$12,2) -> 5 | AJ26: =VLOOKUP(AI26,[1]المرجع!$D$3:$E$12,2) -> أ+ | AK26: =AI26*AG26 -> 10 | AL26: 2 | AM26: 50 | AN26: =VLOOKUP(AM26,[1]المرجع!$B$3:$C$12,2) -> 2 | AO26: =VLOOKUP(AN26,[1]المرجع!$D$3:$E$12,2) -> د | AP26: =AN26*AL26 -> 4 | AQ26: 2 | AR26: 55 | AS26: =VLOOKUP(AR26,[1]المرجع!$B$3:$C$12,2) -> 2 | AT26: =VLOOKUP(AS26,[1]المرجع!$D$3:$E$12,2) -> د | AU26: =AS26*AQ26 -> 4 | AV26: 2 | AW26: 62 | AX26: =VLOOKUP(AW26,[1]المرجع!$B$3:$C$12,2) -> 2 | AY26: =VLOOKUP(AX26,[1]المرجع!$D$3:$E$12,2) -> د | AZ26: =AX26*AV26 -> 4 | BA26: 2 | BB26: 87 | BC26: =VLOOKUP(BB26,[1]المرجع!$B$3:$C$12,2) -> 4.5 | BD26: =VLOOKUP(BC26,[1]المرجع!$D$3:$E$12,2) -> ب+ | BE26: =BC26*BA26 -> 9 | BF26: 2 | BG26: 52 | BH26: =VLOOKUP(BG26,[1]المرجع!$B$3:$C$12,2) -> 2 | BI26: =VLOOKUP(BH26,[1]المرجع!$D$3:$E$12,2) -> د | BJ26: =BH26*BF26 -> 4 | BK26: =BJ26+BE26+AZ26+AU26+AP26+AK26+AF26+AA26+Q26+V26+L26+G26 -> 77.5 | BL26: =BF26+BA26+AV26+AQ26+AL26+AG26+AB26+W26+R26+M26+H26+C26 -> 23 | BM26: =BK26/BL26 -> 3.3695652 | BN26: =VLOOKUP(BM26,المرجع!$C$1:$E$10,3) -> جيد مرتفع | BO26: =RANK(BM26,$BM$3:$BM$48) -> 25
A27: 2025415 | B27: كرا عبد الله مورو سيلا | C27: 1 | D27: 55 | E27: =VLOOKUP(D27,[1]المرجع!$B$3:$C$12,2) -> 2 | F27: =VLOOKUP(E27,[1]المرجع!$D$3:$E$12,2) -> د | G27: =E27*C27 -> 2 | H27: 2 | I27: 63 | J27: =VLOOKUP(I27,[1]المرجع!$B$3:$C$12,2) -> 2 | K27: =VLOOKUP(J27,[1]المرجع!$D$3:$E$12,2) -> د | L27: =J27*H27 -> 4 | M27: 2 | N27: 58 | O27: =VLOOKUP(N27,[1]المرجع!$B$3:$C$12,2) -> 2 | P27: =VLOOKUP(O27,[1]المرجع!$D$3:$E$12,2) -> د | Q27: =O27*M27 -> 4 | R27: 2 | S27: 78 | T27: =VLOOKUP(S27,[1]المرجع!$B$3:$C$12,2) -> 3.5 | U27: =VLOOKUP(T27,[1]المرجع!$D$3:$E$12,2) -> ج+ | V27: =T27*R27 -> 7 | W27: 2 | X27: 74 | Y27: =VLOOKUP(X27,[1]المرجع!$B$3:$C$12,2) -> 3 | Z27: =VLOOKUP(Y27,[1]المرجع!$D$3:$E$12,2) -> ج | AA27: =Y27*W27 -> 6 | AB27: 2 | AC27: 56 | AD27: =VLOOKUP(AC27,[1]المرجع!$B$3:$C$12,2) -> 2 | AE27: =VLOOKUP(AD27,[1]المرجع!$D$3:$E$12,2) -> د | AF27: =AD27*AB27 -> 4 | AG27: 2 | AH27: 100 | AI27: =VLOOKUP(AH27,[1]المرجع!$B$3:$C$12,2) -> 5 | AJ27: =VLOOKUP(AI27,[1]المرجع!$D$3:$E$12,2) -> أ+ | AK27: =AI27*AG27 -> 10 | AL27: 2 | AM27: 70 | AN27: =VLOOKUP(AM27,[1]المرجع!$B$3:$C$12,2) -> 3 | AO27: =VLOOKUP(AN27,[1]المرجع!$D$3:$E$12,2) -> ج | AP27: =AN27*AL27 -> 6 | AQ27: 2 | AR27: 82 | AS27: =VLOOKUP(AR27,[1]المرجع!$B$3:$C$12,2) -> 4 | AT27: =VLOOKUP(AS27,[1]المرجع!$D$3:$E$12,2) -> ب | AU27: =AS27*AQ27 -> 8 | AV27: 2 | AW27: 72 | AX27: =VLOOKUP(AW27,[1]المرجع!$B$3:$C$12,2) -> 3 | AY27: =VLOOKUP(AX27,[1]المرجع!$D$3:$E$12,2) -> ج | AZ27: =AX27*AV27 -> 6 | BA27: 2 | BB27: 96 | BC27: =VLOOKUP(BB27,[1]المرجع!$B$3:$C$12,2) -> 5 | BD27: =VLOOKUP(BC27,[1]المرجع!$D$3:$E$12,2) -> أ+ | BE27: =BC27*BA27 -> 10 | BF27: 2 | BG27: 95 | BH27: =VLOOKUP(BG27,[1]المرجع!$B$3:$C$12,2) -> 5 | BI27: =VLOOKUP(BH27,[1]المرجع!$D$3:$E$12,2) -> أ+ | BJ27: =BH27*BF27 -> 10 | BK27: =BJ27+BE27+AZ27+AU27+AP27+AK27+AF27+AA27+Q27+V27+L27+G27 -> 77 | BL27: =BF27+BA27+AV27+AQ27+AL27+AG27+AB27+W27+R27+M27+H27+C27 -> 23 | BM27: =BK27/BL27 -> 3.3478261 | BN27: =VLOOKUP(BM27,المرجع!$C$1:$E$10,3) -> جيد مرتفع | BO27: =RANK(BM27,$BM$3:$BM$48) -> 26
... A48: 2025357 | B48: بولي منمد جات | C48: 1 | D48: 19 | E48: =VLOOKUP(D48,[1]المرجع!$B$3:$C$12,2) -> 0 | F48: =VLOOKUP(E48,[1]المرجع!$D$3:$E$12,2) -> ه | G48: =E48*C48 -> 0 | H48: 2 | I48: 24 | J48: =VLOOKUP(I48,[1]المرجع!$B$3:$C$12,2) -> 0 | K48: =VLOOKUP(J48,[1]المرجع!$D$3:$E$12,2) -> ه | L48: =J48*H48 -> 0 | M48: 2 | N48: 57 | O48: =VLOOKUP(N48,[1]المرجع!$B$3:$C$12,2) -> 2 | P48: =VLOOKUP(O48,[1]المرجع!$D$3:$E$12,2) -> د | Q48: =O48*M48 -> 4 | R48: 2 | S48: 86 | T48: =VLOOKUP(S48,[1]المرجع!$B$3:$C$12,2) -> 4.5 | U48: =VLOOKUP(T48,[1]المرجع!$D$3:$E$12,2) -> ب+ | V48: =T48*R48 -> 9 | W48: 2 | X48: 29 | Y48: =VLOOKUP(X48,[1]المرجع!$B$3:$C$12,2) -> 0 | Z48: =VLOOKUP(Y48,[1]المرجع!$D$3:$E$12,2) -> ه | AA48: =Y48*W48 -> 0 | AB48: 2 | AC48: 18 | AD48: =VLOOKUP(AC48,[1]المرجع!$B$3:$C$12,2) -> 0 | AE48: =VLOOKUP(AD48,[1]المرجع!$D$3:$E$12,2) -> ه | AF48: =AD48*AB48 -> 0 | AG48: 2 | AH48: 30 | AI48: =VLOOKUP(AH48,[1]المرجع!$B$3:$C$12,2) -> 0 | AJ48: =VLOOKUP(AI48,[1]المرجع!$D$3:$E$12,2) -> ه | AK48: =AI48*AG48 -> 0 | AL48: 2 | AM48: 0 | AN48: =VLOOKUP(AM48,[1]المرجع!$B$3:$C$12,2) -> 0 | AO48: =VLOOKUP(AN48,[1]المرجع!$D$3:$E$12,2) -> ه | AP48: =AN48*AL48 -> 0 | AQ48: 2 | AR48: 27 | AS48: =VLOOKUP(AR48,[1]المرجع!$B$3:$C$12,2) -> 0 | AT48: =VLOOKUP(AS48,[1]المرجع!$D$3:$E$12,2) -> ه | AU48: =AS48*AQ48 -> 0 | AV48: 2 | AW48: 0 | AX48: =VLOOKUP(AW48,[1]المرجع!$B$3:$C$12,2) -> 0 | AY48: =VLOOKUP(AX48,[1]المرجع!$D$3:$E$12,2) -> ه | AZ48: =AX48*AV48 -> 0 | BA48: 2 | BB48: 22 | BC48: =VLOOKUP(BB48,[1]المرجع!$B$3:$C$12,2) -> 0 | BD48: =VLOOKUP(BC48,[1]المرجع!$D$3:$E$12,2) -> ه | BE48: =BC48*BA48 -> 0 | BF48: 2 | BG48: 38 | BH48: =VLOOKUP(BG48,[1]المرجع!$B$3:$C$12,2) -> 0 | BI48: =VLOOKUP(BH48,[1]المرجع!$D$3:$E$12,2) -> ه | BJ48: =BH48*BF48 -> 0 | BK48: =BJ48+BE48+AZ48+AU48+AP48+AK48+AF48+AA48+Q48+V48+L48+G48 -> 13 | BL48: =BF48+BA48+AV48+AQ48+AL48+AG48+AB48+W48+R48+M48+H48+C48 -> 23 | BM48: =BK48/BL48 -> 0.56521739 | BN48: =VLOOKUP(BM48,المرجع!$C$1:$E$10,3) -> راسب | BO48: =RANK(BM48,$BM$3:$BM$48) -> 46

Sheet المرجع
A1: الدرجة | B1: الوزن | C1: المعدلة | D1: رمز المعدلة | E1: التقدير
A2: 0 | B2: 0 | C2: 0 | D2: ه | E2: راسب
A3: 50 | B3: 2 | C3: 2 | D3: د | E3: مقبول
A4: 65 | B4: 2.5 | C4: 2.1 | D4: د+ | E4: مقبول مرتفع
A5: 70 | B5: 3 | C5: 2.6 | D5: ج | E5: جيد
A6: 75 | B6: 3.5 | C6: 3.1 | D6: ج+ | E6: جيد مرتفع
A7: 80 | B7: 4 | C7: 3.6 | D7: ب | E7: جيد جدا
A8: 85 | B8: 4.5 | C8: 4.1 | D8: ب+ | E8: جيد جد مرتفع
A9: 90 | B9: 4.75 | C9: 4.6 | D9: أ | E9: ممتاز
A10: 95 | B10: 5 | C10: 4.76 | D10: أ+ | E10: ممتاز مرتفع

Sheet ورقة2
A5: الرقم الجامعي | D5: 2025458
A6: اسم الطالب/ ة | D6: =_xlfn.XLOOKUP($D$5,ورقة1!A3:A48,ورقة1!B3:B48) -> بونا أبوبكر توري
A7: الكلية | D7: الحـــــديــــث
A8: المستوى | D8: الأول
A9: م | B9: الفصل الأول/ 2025-2026
B10: المقرر | E10: الدرجة النهائة | F10: التقدير | H10: النقاط
B11: اسمه | C11: رمزه | D11: ساعته | F11: وزنه | G11: رمزه
A12: =_xlfn.UNICHAR(ROW()-11+9311) -> ① | B12: القرآن الكريم | C12: قرأ 101 | D12: =_xlfn.XLOOKUP($D$5,ورقة1!A3:A48,ورقة1!C3:C48) -> 1 | E12: =_xlfn.XLOOKUP($D$5,ورقة1!A3:A48,ورقة1!D3:D48) -> 98 | F12: =_xlfn.XLOOKUP($D$5,ورقة1!A3:A48,ورقة1!E3:E48) -> 5 | G12: =_xlfn.XLOOKUP($D$5,ورقة1!A3:A48,ورقة1!F3:F48) -> أ+ | H12: =_xlfn.XLOOKUP($D$5,ورقة1!A3:A48,ورقة1!G3:G48) -> 5
A13: =_xlfn.UNICHAR(ROW()-11+9311) -> ② | B13: العقيدة | C13: عقد 101 | D13: =_xlfn.XLOOKUP($D$5,ورقة1!A3:A48,ورقة1!H3:H48) -> 2 | E13: =_xlfn.XLOOKUP($D$5,ورقة1!A3:A48,ورقة1!I3:I48) -> 54 | F13: =_xlfn.XLOOKUP($D$5,ورقة1!A3:A48,ورقة1!J3:J48) -> 2 | G13: =_xlfn.XLOOKUP($D$5,ورقة1!A3:A48,ورقة1!K3:K48) -> د | H13: =_xlfn.XLOOKUP($D$5,ورقة1!A3:A48,ورقة1!L3:L48) -> 4
A14: =_xlfn.UNICHAR(ROW()-11+9311) -> ③ | B14: المدخل إلى علوم الحديث | C14: سنة 101 | D14: =_xlfn.XLOOKUP($D$5,ورقة1!A3:A48,ورقة1!M3:M48) -> 2 | E14: =_xlfn.XLOOKUP($D$5,ورقة1!A3:A48,ورقة1!N3:N48) -> 94 | F14: =_xlfn.XLOOKUP($D$5,ورقة1!A3:A48,ورقة1!O3:O48) -> 4.75 | G14: =_xlfn.XLOOKUP($D$5,ورقة1!A3:A48,ورقة1!P3:P48) -> أ | H14: =_xlfn.XLOOKUP($D$5,ورقة1!A3:A48,ورقة1!Q3:Q48) -> 9.5
A15: =_xlfn.UNICHAR(ROW()-11+9311) -> ④ | B15: الفقه (1) | C15: فقه 101 | D15: =_xlfn.XLOOKUP($D$5,ورقة1!A3:A48,ورقة1!R3:R48) -> 2 | E15: =_xlfn.XLOOKUP($D$5,ورقة1!A3:A48,ورقة1!S3:S48) -> 80 | F15: =_xlfn.XLOOKUP($D$5,ورقة1!A3:A48,ورقة1!T3:T48) -> 4 | G15: =_xlfn.XLOOKUP($D$5,ورقة1!A3:A48,ورقة1!U3:U48) -> ب | H15: =_xlfn.XLOOKUP($D$5,ورقة1!A3:A48,ورقة1!V3:V48) -> 8
A16: =_xlfn.UNICHAR(ROW()-11+9311) -> ⑤ | B16: المدخل إلى علوم القرآن | C16: سنة 101 | D16: =_xlfn.XLOOKUP($D$5,ورقة1!A3:A48,ورقة1!W3:W48) -> 2 | E16: =_xlfn.XLOOKUP($D$5,ورقة1!A3:A48,ورقة1!X3:X48) -> 80 | F16: =_xlfn.XLOOKUP($D$5,ورقة1!A3:A48,ورقة1!Y3:Y48) -> 4 | G16: =_xlfn.XLOOKUP($D$5,ورقة1!A3:A48,ورقة1!Z3:Z48) -> ب | H16: =_xlfn.XLOOKUP($D$5,ورقة1!A3:A48,ورقة1!AA3:AA48) -> 8
A17: =_xlfn.UNICHAR(ROW()-11+9311) -> ⑥ | B17: التجويد | C17: قرأ 101 | D17: =_xlfn.XLOOKUP($D$5,ورقة1!A3:A48,ورقة1!AB3:AB48) -> 2 | E17: =_xlfn.XLOOKUP($D$5,ورقة1!A3:A48,ورقة1!AC3:AC48) -> 84 | F17: =_xlfn.XLOOKUP($D$5,ورقة1!A3:A48,ورقة1!AD3:AD48) -> 4 | G17: =_xlfn.XLOOKUP($D$5,ورقة1!A3:A48,ورقة1!AE3:AE48) -> ب | H17: =_xlfn.XLOOKUP($D$5,ورقة1!A3:A48,ورقة1!AF3:AF48) -> 8
A18: =_xlfn.UNICHAR(ROW()-11+9311) -> ⑦ | B18: مدخل إلى الحديث التحليلي | C18: سنة 101 | D18: =_xlfn.XLOOKUP($D$5,ورقة1!A3:A48,ورقة1!AG3:AG48) -> 2 | E18: =_xlfn.XLOOKUP($D$5,ورقة1!A3:A48,ورقة1!AH3:AH48) -> 99 | F18: =_xlfn.XLOOKUP($D$5,ورقة1!A3:A48,ورقة1!AI3:AI48) -> 5 | G18: =_xlfn.XLOOKUP($D$5,ورقة1!A3:A48,ورقة1!AJ3:AJ48) -> أ+ | H18: =_xlfn.XLOOKUP($D$5,ورقة1!A3:A48,ورقة1!AK3:AK48) -> 10
A19: =_xlfn.UNICHAR(ROW()-11+9311) -> ⑧ | B19: النحو (1) | C19: لغة 101 | D19: =_xlfn.XLOOKUP($D$5,ورقة1!A3:A48,ورقة1!AL3:AL48) -> 2 | E19: =_xlfn.XLOOKUP($D$5,ورقة1!A3:A48,ورقة1!AM3:AM48) -> 37 | F19: =_xlfn.XLOOKUP($D$5,ورقة1!A3:A48,ورقة1!AN3:AN48) -> 0 | G19: =_xlfn.XLOOKUP($D$5,ورقة1!A3:A48,ورقة1!AO3:AO48) -> ه | H19: =_xlfn.XLOOKUP($D$5,ورقة1!A3:A48,ورقة1!AP3:AP48) -> 0
A20: =_xlfn.UNICHAR(ROW()-11+9311) -> ⑨ | B20: تاريخ السنة | C20: سنة 101 | D20: =_xlfn.XLOOKUP($D$5,ورقة1!A3:A48,ورقة1!AQ3:AQ48) -> 2 | E20: =_xlfn.XLOOKUP($D$5,ورقة1!A3:A48,ورقة1!AR3:AR48) -> 97 | F20: =_xlfn.XLOOKUP($D$5,ورقة1!A3:A48,ورقة1!AS3:AS48) -> 5 | G20: =_xlfn.XLOOKUP($D$5,ورقة1!A3:A48,ورقة1!AT3:AT48) -> أ+ | H20: =_xlfn.XLOOKUP($D$5,ورقة1!A3:A48,ورقة1!AU3:AU48) -> 10
A21: =_xlfn.UNICHAR(ROW()-11+9311) -> ⑩ | B21: مناهج البحث | C21: ترب 101 | D21: =_xlfn.XLOOKUP($D$5,ورقة1!A3:A48,ورقة1!AV3:AV48) -> 2 | E21: =_xlfn.XLOOKUP($D$5,ورقة1!A3:A48,ورقة1!AW3:AW48) -> 60 | F21: =_xlfn.XLOOKUP($D$5,ورقة1!A3:A48,ورقة1!AX3:AX48) -> 2 | G21: =_xlfn.XLOOKUP($D$5,ورقة1!A3:A48,ورقة1!AY3:AY48) -> د | H21: =_xlfn.XLOOKUP($D$5,ورقة1!A3:A48,ورقة1!AZ3:AZ48) -> 4
A22: =_xlfn.UNICHAR(ROW()-11+9311) -> ⑪ | B22: التحرير العربي | C22: لغة101 | D22: =_xlfn.XLOOKUP($D$5,ورقة1!A3:A48,ورقة1!BA3:BA48) -> 2 | E22: =_xlfn.XLOOKUP($D$5,ورقة1!A3:A48,ورقة1!BB3:BB48) -> 97 | F22: =_xlfn.XLOOKUP($D$5,ورقة1!A3:A48,ورقة1!BC3:BC48) -> 5 | G22: =_xlfn.XLOOKUP($D$5,ورقة1!A3:A48,ورقة1!BD3:BD48) -> أ+ | H22: =_xlfn.XLOOKUP($D$5,ورقة1!A3:A48,ورقة1!BE3:BE48) -> 10
A23: =_xlfn.UNICHAR(ROW()-11+9311) -> ⑫ | B23: English(2) | C23: لغة101 | D23: =_xlfn.XLOOKUP($D$5,ورقة1!A3:A48,ورقة1!BF3:BF48) -> 2 | E23: =_xlfn.XLOOKUP($D$5,ورقة1!A3:A48,ورقة1!BG3:BG48) -> 80 | F23: =_xlfn.XLOOKUP($D$5,ورقة1!A3:A48,ورقة1!BH3:BH48) -> 4 | G23: =_xlfn.XLOOKUP($D$5,ورقة1!A3:A48,ورقة1!BI3:BI48) -> ب | H23: =_xlfn.XLOOKUP($D$5,ورقة1!A3:A48,ورقة1!BJ3:BJ48) -> 8
A24: المجموع | D24: =SUM(D12:D23) -> 23 | H24: =SUM(H12:H23) -> 84.5
A25: المعدل الفصلي | D25: =_xlfn.XLOOKUP($D$5,ورقة1!A3:A48,ورقة1!BM3:BM48) -> 3.673913
A26: المعدل التراكمي | D26: =_xlfn.XLOOKUP($D$5,ورقة1!A3:A48,ورقة1!BM3:BM48) -> 3.673913
A27: التقدير | D27: =_xlfn.XLOOKUP($D$5,ورقة1!A3:A48,ورقة1!BN3:BN48) -> جيد جدا
A28: الترتيب | D28: =_xlfn.XLOOKUP($D$5,ورقة1!A3:A48,ورقة1!BO3:BO48) -> 16
